0.000000000000000000e+00 3.550599560000000000e+15 0.000000000000000000e+00 0.000000000000000000e+00
4.999999999999999774e-07 3.453576620000000000e+15 0.000000000000000000e+00 0.000000000000000000e+00
9.999999999999999547e-07 3.343341490000000000e+15 0.000000000000000000e+00 0.000000000000000000e+00
1.500000000000000038e-06 3.221122170000000000e+15 0.000000000000000000e+00 0.000000000000000000e+00
1.999999999999999909e-06 3.088148420000000000e+15 0.000000000000000000e+00 0.000000000000000000e+00
2.500000000000000205e-06 2.945645310000000000e+15 0.000000000000000000e+00 0.000000000000000000e+00
3.000000000000000076e-06 2.794827040000000000e+15 0.000000000000000000e+00 0.000000000000000000e+00
3.499999999999999947e-06 2.636891110000000000e+15 0.000000000000000000e+00 0.000000000000000000e+00
3.999999999999999819e-06 2.473012960000000000e+15 0.000000000000000000e+00 0.000000000000000000e+00
4.500000000000000114e-06 2.304340910000000000e+15 0.000000000000000000e+00 0.000000000000000000e+00
5.000000000000000409e-06 2.131991500000000000e+15 0.000000000000000000e+00 0.000000000000000000e+00
5.499999999999999857e-06 1.957045230000000000e+15 0.000000000000000000e+00 0.000000000000000000e+00
6.000000000000000152e-06 1.780542760000000000e+15 0.000000000000000000e+00 0.000000000000000000e+00
6.499999999999999600e-06 1.603481390000000000e+15 0.000000000000000000e+00 0.000000000000000000e+00
6.999999999999999895e-06 1.426812030000000000e+15 0.000000000000000000e+00 0.000000000000000000e+00
7.500000000000000190e-06 1.251436560000000000e+15 0.000000000000000000e+00 0.000000000000000000e+00
7.999999999999999638e-06 1.078205510000000000e+15 0.000000000000000000e+00 0.000000000000000000e+00
8.499999999999999933e-06 9.079161690000000000e+14 0.000000000000000000e+00 0.000000000000000000e+00
9.000000000000000228e-06 7.413110950000000000e+14 0.000000000000000000e+00 0.000000000000000000e+00
9.500000000000000523e-06 5.790769110000000000e+14 0.000000000000000000e+00 0.000000000000000000e+00
1.000000000000000082e-05 4.218435040000000000e+14 0.000000000000000000e+00 0.000000000000000000e+00
1.049999999999999942e-05 2.701835470000000000e+14 0.000000000000000000e+00 0.000000000000000000e+00
1.099999999999999971e-05 1.246123370000000000e+14 0.000000000000000000e+00 0.000000000000000000e+00
1.150000000000000001e-05 -1.441205290000000000e+13 0.000000000000000000e+00 0.000000000000000000e+00
1.200000000000000030e-05 -1.464883330000000000e+14 0.000000000000000000e+00 0.000000000000000000e+00
1.250000000000000060e-05 -2.712712840000000000e+14 0.000000000000000000e+00 0.000000000000000000e+00
1.299999999999999920e-05 -3.884707840000000000e+14 0.000000000000000000e+00 0.000000000000000000e+00
1.349999999999999949e-05 -4.978505990000000000e+14 0.000000000000000000e+00 0.000000000000000000e+00
1.399999999999999979e-05 -5.992269480000000000e+14 0.000000000000000000e+00 0.000000000000000000e+00
1.450000000000000009e-05 -6.924668710000000000e+14 0.000000000000000000e+00 0.000000000000000000e+00
1.500000000000000038e-05 -7.774864080000000000e+14 0.000000000000000000e+00 0.000000000000000000e+00
1.550000000000000068e-05 -8.542486150000000000e+14 0.000000000000000000e+00 0.000000000000000000e+00
1.599999999999999928e-05 -9.227614330000000000e+14 0.000000000000000000e+00 0.000000000000000000e+00
1.650000000000000127e-05 -9.830754270000000000e+14 0.000000000000000000e+00 0.000000000000000000e+00
1.699999999999999987e-05 -1.035281410000000000e+15 0.000000000000000000e+00 0.000000000000000000e+00
1.749999999999999847e-05 -1.079508000000000000e+15 0.000000000000000000e+00 0.000000000000000000e+00
1.800000000000000046e-05 -1.115919050000000000e+15 0.000000000000000000e+00 0.000000000000000000e+00
1.849999999999999906e-05 -1.144711060000000000e+15 0.000000000000000000e+00 0.000000000000000000e+00
1.900000000000000105e-05 -1.166110570000000000e+15 0.000000000000000000e+00 0.000000000000000000e+00
1.949999999999999965e-05 -1.180371450000000000e+15 0.000000000000000000e+00 0.000000000000000000e+00
2.000000000000000164e-05 -1.187772260000000000e+15 0.000000000000000000e+00 0.000000000000000000e+00
2.050000000000000024e-05 -1.188613530000000000e+15 0.000000000000000000e+00 0.000000000000000000e+00
2.099999999999999884e-05 -1.183215180000000000e+15 0.000000000000000000e+00 0.000000000000000000e+00
2.150000000000000083e-05 -1.171913810000000000e+15 0.000000000000000000e+00 0.000000000000000000e+00
2.199999999999999943e-05 -1.155060180000000000e+15 0.000000000000000000e+00 0.000000000000000000e+00
2.250000000000000142e-05 -1.133016680000000000e+15 0.000000000000000000e+00 0.000000000000000000e+00
2.300000000000000002e-05 -1.106154810000000000e+15 0.000000000000000000e+00 0.000000000000000000e+00
2.349999999999999862e-05 -1.074852850000000000e+15 0.000000000000000000e+00 0.000000000000000000e+00
2.400000000000000061e-05 -1.039493530000000000e+15 0.000000000000000000e+00 0.000000000000000000e+00
2.449999999999999921e-05 -1.000461830000000000e+15 0.000000000000000000e+00 0.000000000000000000e+00
2.500000000000000120e-05 -9.581428090000000000e+14 0.000000000000000000e+00 0.000000000000000000e+00
2.549999999999999980e-05 -9.129196710000000000e+14 0.000000000000000000e+00 0.000000000000000000e+00
2.599999999999999840e-05 -8.651718010000000000e+14 0.000000000000000000e+00 0.000000000000000000e+00
2.650000000000000039e-05 -8.152729960000000000e+14 0.000000000000000000e+00 0.000000000000000000e+00
2.699999999999999899e-05 -7.635897880000000000e+14 0.000000000000000000e+00 0.000000000000000000e+00
2.750000000000000098e-05 -7.104798980000000000e+14 0.000000000000000000e+00 0.000000000000000000e+00
2.799999999999999958e-05 -6.562907980000000000e+14 0.000000000000000000e+00 0.000000000000000000e+00
2.850000000000000157e-05 -6.013584100000000000e+14 0.000000000000000000e+00 0.000000000000000000e+00
2.900000000000000017e-05 -5.460059270000000000e+14 0.000000000000000000e+00 0.000000000000000000e+00
2.949999999999999877e-05 -4.905427530000000000e+14 0.000000000000000000e+00 0.000000000000000000e+00
3.000000000000000076e-05 -4.352635730000000000e+14 0.000000000000000000e+00 0.000000000000000000e+00
3.049999999999999936e-05 -3.804475470000000000e+14 0.000000000000000000e+00 0.000000000000000000e+00
3.100000000000000135e-05 -3.263576140000000000e+14 0.000000000000000000e+00 0.000000000000000000e+00
3.149999999999999995e-05 -2.732399340000000000e+14 0.000000000000000000e+00 0.000000000000000000e+00
3.199999999999999855e-05 -2.213234210000000000e+14 0.000000000000000000e+00 0.000000000000000000e+00
3.249999999999999715e-05 -1.708194150000000000e+14 0.000000000000000000e+00 0.000000000000000000e+00
3.300000000000000253e-05 -1.219214390000000000e+14 0.000000000000000000e+00 0.000000000000000000e+00
3.350000000000000113e-05 -7.480507420000000000e+13 0.000000000000000000e+00 0.000000000000000000e+00
3.399999999999999973e-05 -2.962793200000000000e+13 0.000000000000000000e+00 0.000000000000000000e+00
3.449999999999999833e-05 1.347028020000000000e+13 0.000000000000000000e+00 0.000000000000000000e+00
3.499999999999999693e-05 5.436760230000000000e+13 0.000000000000000000e+00 0.000000000000000000e+00
3.550000000000000231e-05 9.295958020000000000e+13 0.000000000000000000e+00 0.000000000000000000e+00
3.600000000000000091e-05 1.291589450000000000e+14 0.000000000000000000e+00 0.000000000000000000e+00
3.649999999999999951e-05 1.628952180000000000e+14 0.000000000000000000e+00 0.000000000000000000e+00
3.699999999999999811e-05 1.941142500000000000e+14 0.000000000000000000e+00 0.000000000000000000e+00
3.749999999999999671e-05 2.227776930000000000e+14 0.000000000000000000e+00 0.000000000000000000e+00
3.800000000000000209e-05 2.488624230000000000e+14 0.000000000000000000e+00 0.000000000000000000e+00
3.850000000000000069e-05 2.723599030000000000e+14 0.000000000000000000e+00 0.000000000000000000e+00
3.899999999999999929e-05 2.932755130000000000e+14 0.000000000000000000e+00 0.000000000000000000e+00
3.949999999999999789e-05 3.116278270000000000e+14 0.000000000000000000e+00 0.000000000000000000e+00
4.000000000000000327e-05 3.274478690000000000e+14 0.000000000000000000e+00 0.000000000000000000e+00
4.050000000000000187e-05 3.407783330000000000e+14 0.000000000000000000e+00 0.000000000000000000e+00
4.100000000000000047e-05 3.516727850000000000e+14 0.000000000000000000e+00 0.000000000000000000e+00
4.149999999999999907e-05 3.601948440000000000e+14 0.000000000000000000e+00 0.000000000000000000e+00
4.199999999999999768e-05 3.664173580000000000e+14 0.000000000000000000e+00 0.000000000000000000e+00
4.250000000000000305e-05 3.704215600000000000e+14 0.000000000000000000e+00 0.000000000000000000e+00
4.300000000000000165e-05 3.722962380000000000e+14 0.000000000000000000e+00 0.000000000000000000e+00
4.350000000000000026e-05 3.721368930000000000e+14 0.000000000000000000e+00 0.000000000000000000e+00
4.399999999999999886e-05 3.700449140000000000e+14 0.000000000000000000e+00 0.000000000000000000e+00
4.449999999999999746e-05 3.661267510000000000e+14 0.000000000000000000e+00 0.000000000000000000e+00
4.500000000000000283e-05 3.604931180000000000e+14 0.000000000000000000e+00 0.000000000000000000e+00
4.550000000000000144e-05 3.532581990000000000e+14 0.000000000000000000e+00 0.000000000000000000e+00
4.600000000000000004e-05 3.445388840000000000e+14 0.000000000000000000e+00 0.000000000000000000e+00
4.649999999999999864e-05 3.344540230000000000e+14 0.000000000000000000e+00 0.000000000000000000e+00
4.699999999999999724e-05 3.231237130000000000e+14 0.000000000000000000e+00 0.000000000000000000e+00
4.750000000000000262e-05 3.106686070000000000e+14 0.000000000000000000e+00 0.000000000000000000e+00
4.800000000000000122e-05 2.972092600000000000e+14 0.000000000000000000e+00 0.000000000000000000e+00
4.849999999999999982e-05 2.828655010000000000e+14 0.000000000000000000e+00 0.000000000000000000e+00
4.899999999999999842e-05 2.677558500000000000e+14 0.000000000000000000e+00 0.000000000000000000e+00
4.949999999999999702e-05 2.519969590000000000e+14 0.000000000000000000e+00 0.000000000000000000e+00
5.000000000000000240e-05 2.357031000000000000e+14 0.000000000000000000e+00 0.000000000000000000e+00
5.050000000000000100e-05 2.189856850000000000e+14 0.000000000000000000e+00 0.000000000000000000e+00
5.099999999999999960e-05 2.019528250000000000e+14 0.000000000000000000e+00 0.000000000000000000e+00
5.149999999999999820e-05 1.847089350000000000e+14 0.000000000000000000e+00 0.000000000000000000e+00
5.199999999999999680e-05 1.673543640000000000e+14 0.000000000000000000e+00 0.000000000000000000e+00
5.250000000000000218e-05 1.499850810000000000e+14 0.000000000000000000e+00 0.000000000000000000e+00
5.300000000000000078e-05 1.326923860000000000e+14 0.000000000000000000e+00 0.000000000000000000e+00
5.349999999999999938e-05 1.155626640000000000e+14 0.000000000000000000e+00 0.000000000000000000e+00
5.399999999999999798e-05 9.867718160000000000e+13 0.000000000000000000e+00 0.000000000000000000e+00
5.450000000000000336e-05 8.211191490000000000e+13 0.000000000000000000e+00 0.000000000000000000e+00
5.500000000000000196e-05 6.593741260000000000e+13 0.000000000000000000e+00 0.000000000000000000e+00
5.550000000000000056e-05 5.021869880000000000e+13 0.000000000000000000e+00 0.000000000000000000e+00
5.599999999999999916e-05 3.501520590000000000e+13 0.000000000000000000e+00 0.000000000000000000e+00
5.649999999999999776e-05 2.038074180000000000e+13 0.000000000000000000e+00 0.000000000000000000e+00
5.700000000000000314e-05 6.363487000000000000e+12 0.000000000000000000e+00 0.000000000000000000e+00
5.750000000000000174e-05 -6.993978340000000000e+12 0.000000000000000000e+00 0.000000000000000000e+00
5.800000000000000034e-05 -1.965461960000000000e+13 0.000000000000000000e+00 0.000000000000000000e+00
5.849999999999999894e-05 -3.158686670000000000e+13 0.000000000000000000e+00 0.000000000000000000e+00
5.899999999999999754e-05 -4.276450830000000000e+13 0.000000000000000000e+00 0.000000000000000000e+00
5.950000000000000292e-05 -5.316656400000000000e+13 0.000000000000000000e+00 0.000000000000000000e+00
6.000000000000000152e-05 -6.277713490000000000e+13 0.000000000000000000e+00 0.000000000000000000e+00
6.050000000000000012e-05 -7.158523510000000000e+13 0.000000000000000000e+00 0.000000000000000000e+00
6.099999999999999872e-05 -7.958460650000000000e+13 0.000000000000000000e+00 0.000000000000000000e+00
6.150000000000000410e-05 -8.677351750000000000e+13 0.000000000000000000e+00 0.000000000000000000e+00
6.200000000000000270e-05 -9.315454820000000000e+13 0.000000000000000000e+00 0.000000000000000000e+00
6.250000000000000130e-05 -9.873436370000000000e+13 0.000000000000000000e+00 0.000000000000000000e+00
6.299999999999999990e-05 -1.035234780000000000e+14 0.000000000000000000e+00 0.000000000000000000e+00
6.349999999999999850e-05 -1.075360080000000000e+14 0.000000000000000000e+00 0.000000000000000000e+00
6.399999999999999710e-05 -1.107894220000000000e+14 0.000000000000000000e+00 0.000000000000000000e+00
6.449999999999999570e-05 -1.133042840000000000e+14 0.000000000000000000e+00 0.000000000000000000e+00
6.499999999999999431e-05 -1.151039920000000000e+14 0.000000000000000000e+00 0.000000000000000000e+00
6.550000000000000646e-05 -1.162145160000000000e+14 0.000000000000000000e+00 0.000000000000000000e+00
6.600000000000000506e-05 -1.166641370000000000e+14 0.000000000000000000e+00 0.000000000000000000e+00
6.650000000000000366e-05 -1.164831840000000000e+14 0.000000000000000000e+00 0.000000000000000000e+00
6.700000000000000226e-05 -1.157037730000000000e+14 0.000000000000000000e+00 0.000000000000000000e+00
6.750000000000000086e-05 -1.143595550000000000e+14 0.000000000000000000e+00 0.000000000000000000e+00
6.799999999999999946e-05 -1.124854610000000000e+14 0.000000000000000000e+00 0.000000000000000000e+00
6.849999999999999806e-05 -1.101174610000000000e+14 0.000000000000000000e+00 0.000000000000000000e+00
6.899999999999999667e-05 -1.072923180000000000e+14 0.000000000000000000e+00 0.000000000000000000e+00
6.949999999999999527e-05 -1.040473650000000000e+14 0.000000000000000000e+00 0.000000000000000000e+00
6.999999999999999387e-05 -1.004202770000000000e+14 0.000000000000000000e+00 0.000000000000000000e+00
7.050000000000000602e-05 -9.644885800000000000e+13 0.000000000000000000e+00 0.000000000000000000e+00
7.100000000000000462e-05 -9.217084070000000000e+13 0.000000000000000000e+00 0.000000000000000000e+00
7.150000000000000322e-05 -8.762368980000000000e+13 0.000000000000000000e+00 0.000000000000000000e+00
7.200000000000000182e-05 -8.284442190000000000e+13 0.000000000000000000e+00 0.000000000000000000e+00
7.250000000000000043e-05 -7.786943360000000000e+13 0.000000000000000000e+00 0.000000000000000000e+00
7.299999999999999903e-05 -7.273434280000000000e+13 0.000000000000000000e+00 0.000000000000000000e+00
7.349999999999999763e-05 -6.747384170000000000e+13 0.000000000000000000e+00 0.000000000000000000e+00
7.399999999999999623e-05 -6.212156110000000000e+13 0.000000000000000000e+00 0.000000000000000000e+00
7.449999999999999483e-05 -5.670994770000000000e+13 0.000000000000000000e+00 0.000000000000000000e+00
7.499999999999999343e-05 -5.127015390000000000e+13 0.000000000000000000e+00 0.000000000000000000e+00
7.550000000000000558e-05 -4.583193860000000000e+13 0.000000000000000000e+00 0.000000000000000000e+00
7.600000000000000418e-05 -4.042358140000000000e+13 0.000000000000000000e+00 0.000000000000000000e+00
7.650000000000000279e-05 -3.507180830000000000e+13 0.000000000000000000e+00 0.000000000000000000e+00
7.700000000000000139e-05 -2.980172860000000000e+13 0.000000000000000000e+00 0.000000000000000000e+00
7.749999999999999999e-05 -2.463678470000000000e+13 0.000000000000000000e+00 0.000000000000000000e+00
7.799999999999999859e-05 -1.959871170000000000e+13 0.000000000000000000e+00 0.000000000000000000e+00
7.849999999999999719e-05 -1.470750840000000000e+13 0.000000000000000000e+00 0.000000000000000000e+00
7.899999999999999579e-05 -9.981419360000000000e+12 0.000000000000000000e+00 0.000000000000000000e+00
7.949999999999999439e-05 -5.436926040000000000e+12 0.000000000000000000e+00 0.000000000000000000e+00
8.000000000000000654e-05 -1.088748210000000000e+12 0.000000000000000000e+00 0.000000000000000000e+00
8.050000000000000515e-05 3.050145760000000000e+12 0.000000000000000000e+00 0.000000000000000000e+00
8.100000000000000375e-05 6.968519930000000000e+12 0.000000000000000000e+00 0.000000000000000000e+00
8.150000000000000235e-05 1.065684370000000000e+13 0.000000000000000000e+00 0.000000000000000000e+00
8.200000000000000095e-05 1.410725740000000000e+13 0.000000000000000000e+00 0.000000000000000000e+00
8.249999999999999955e-05 1.731353030000000000e+13 0.000000000000000000e+00 0.000000000000000000e+00
8.299999999999999815e-05 2.027101270000000000e+13 0.000000000000000000e+00 0.000000000000000000e+00
8.349999999999999675e-05 2.297658250000000000e+13 0.000000000000000000e+00 0.000000000000000000e+00
8.399999999999999535e-05 2.542858520000000000e+13 0.000000000000000000e+00 0.000000000000000000e+00
8.449999999999999395e-05 2.762677030000000000e+13 0.000000000000000000e+00 0.000000000000000000e+00
8.500000000000000611e-05 2.957222340000000000e+13 0.000000000000000000e+00 0.000000000000000000e+00
8.550000000000000471e-05 3.126729430000000000e+13 0.000000000000000000e+00 0.000000000000000000e+00
8.600000000000000331e-05 3.271552210000000000e+13 0.000000000000000000e+00 0.000000000000000000e+00
8.650000000000000191e-05 3.392155830000000000e+13 0.000000000000000000e+00 0.000000000000000000e+00
8.700000000000000051e-05 3.489108710000000000e+13 0.000000000000000000e+00 0.000000000000000000e+00
8.749999999999999911e-05 3.563074530000000000e+13 0.000000000000000000e+00 0.000000000000000000e+00
8.799999999999999771e-05 3.614803990000000000e+13 0.000000000000000000e+00 0.000000000000000000e+00
8.849999999999999631e-05 3.645126660000000000e+13 0.000000000000000000e+00 0.000000000000000000e+00
8.899999999999999491e-05 3.654942690000000000e+13 0.000000000000000000e+00 0.000000000000000000e+00
8.949999999999999351e-05 3.645214710000000000e+13 0.000000000000000000e+00 0.000000000000000000e+00
9.000000000000000567e-05 3.616959620000000000e+13 0.000000000000000000e+00 0.000000000000000000e+00
9.050000000000000427e-05 3.571240700000000000e+13 0.000000000000000000e+00 0.000000000000000000e+00
9.100000000000000287e-05 3.509159710000000000e+13 0.000000000000000000e+00 0.000000000000000000e+00
9.150000000000000147e-05 3.431849260000000000e+13 0.000000000000000000e+00 0.000000000000000000e+00
9.200000000000000007e-05 3.340465380000000000e+13 0.000000000000000000e+00 0.000000000000000000e+00
9.249999999999999867e-05 3.236180350000000000e+13 0.000000000000000000e+00 0.000000000000000000e+00
9.299999999999999727e-05 3.120175770000000000e+13 0.000000000000000000e+00 0.000000000000000000e+00
9.349999999999999587e-05 2.993635910000000000e+13 0.000000000000000000e+00 0.000000000000000000e+00
9.399999999999999448e-05 2.857741450000000000e+13 0.000000000000000000e+00 0.000000000000000000e+00
9.450000000000000663e-05 2.713663490000000000e+13 0.000000000000000000e+00 0.000000000000000000e+00
9.500000000000000523e-05 2.562557880000000000e+13 0.000000000000000000e+00 0.000000000000000000e+00
9.550000000000000383e-05 2.405560000000000000e+13 0.000000000000000000e+00 0.000000000000000000e+00
9.600000000000000243e-05 2.243779810000000000e+13 0.000000000000000000e+00 0.000000000000000000e+00
9.650000000000000103e-05 2.078297330000000000e+13 0.000000000000000000e+00 0.000000000000000000e+00
9.699999999999999963e-05 1.910158510000000000e+13 0.000000000000000000e+00 0.000000000000000000e+00
9.749999999999999823e-05 1.740371440000000000e+13 0.000000000000000000e+00 0.000000000000000000e+00
9.799999999999999684e-05 1.569902950000000000e+13 0.000000000000000000e+00 0.000000000000000000e+00
9.849999999999999544e-05 1.399675640000000000e+13 0.000000000000000000e+00 0.000000000000000000e+00
9.899999999999999404e-05 1.230565240000000000e+13 0.000000000000000000e+00 0.000000000000000000e+00
9.950000000000000619e-05 1.063398370000000000e+13 0.000000000000000000e+00 0.000000000000000000e+00
1.000000000000000048e-04 8.989506270000000000e+12 0.000000000000000000e+00 0.000000000000000000e+00
1.005000000000000034e-04 7.379451100000000000e+12 0.000000000000000000e+00 0.000000000000000000e+00
1.010000000000000020e-04 5.810512080000000000e+12 0.000000000000000000e+00 0.000000000000000000e+00
1.015000000000000006e-04 4.288837800000000000e+12 0.000000000000000000e+00 0.000000000000000000e+00
1.019999999999999992e-04 2.820026440000000000e+12 0.000000000000000000e+00 0.000000000000000000e+00
1.024999999999999978e-04 1.409123730000000000e+12 0.000000000000000000e+00 0.000000000000000000e+00
1.029999999999999964e-04 6.062401360000000000e+10 0.000000000000000000e+00 0.000000000000000000e+00
1.034999999999999950e-04 -1.221525960000000000e+12 0.000000000000000000e+00 0.000000000000000000e+00
1.039999999999999936e-04 -2.433920540000000000e+12 0.000000000000000000e+00 0.000000000000000000e+00
1.045000000000000058e-04 -3.573686170000000000e+12 0.000000000000000000e+00 0.000000000000000000e+00
1.050000000000000044e-04 -4.638470110000000000e+12 0.000000000000000000e+00 0.000000000000000000e+00
1.055000000000000030e-04 -5.626426880000000000e+12 0.000000000000000000e+00 0.000000000000000000e+00
1.060000000000000016e-04 -6.536202900000000000e+12 0.000000000000000000e+00 0.000000000000000000e+00
1.065000000000000002e-04 -7.366919140000000000e+12 0.000000000000000000e+00 0.000000000000000000e+00
1.069999999999999988e-04 -8.118152310000000000e+12 0.000000000000000000e+00 0.000000000000000000e+00
1.074999999999999974e-04 -8.789914500000000000e+12 0.000000000000000000e+00 0.000000000000000000e+00
1.079999999999999960e-04 -9.382631610000000000e+12 0.000000000000000000e+00 0.000000000000000000e+00
1.084999999999999946e-04 -9.897120670000000000e+12 0.000000000000000000e+00 0.000000000000000000e+00
1.090000000000000067e-04 -1.033456620000000000e+13 0.000000000000000000e+00 0.000000000000000000e+00
1.095000000000000053e-04 -1.069649600000000000e+13 0.000000000000000000e+00 0.000000000000000000e+00
1.100000000000000039e-04 -1.098475610000000000e+13 0.000000000000000000e+00 0.000000000000000000e+00
1.105000000000000025e-04 -1.120148520000000000e+13 0.000000000000000000e+00 0.000000000000000000e+00
1.110000000000000011e-04 -1.134908960000000000e+13 0.000000000000000000e+00 0.000000000000000000e+00
1.114999999999999997e-04 -1.143021690000000000e+13 0.000000000000000000e+00 0.000000000000000000e+00
1.119999999999999983e-04 -1.144773040000000000e+13 0.000000000000000000e+00 0.000000000000000000e+00
1.124999999999999969e-04 -1.140468380000000000e+13 0.000000000000000000e+00 0.000000000000000000e+00
1.129999999999999955e-04 -1.130429550000000000e+13 0.000000000000000000e+00 0.000000000000000000e+00
1.134999999999999941e-04 -1.114992360000000000e+13 0.000000000000000000e+00 0.000000000000000000e+00
1.140000000000000063e-04 -1.094504200000000000e+13 0.000000000000000000e+00 0.000000000000000000e+00
1.145000000000000049e-04 -1.069321610000000000e+13 0.000000000000000000e+00 0.000000000000000000e+00
1.150000000000000035e-04 -1.039807970000000000e+13 0.000000000000000000e+00 0.000000000000000000e+00
1.155000000000000021e-04 -1.006331320000000000e+13 0.000000000000000000e+00 0.000000000000000000e+00
1.160000000000000007e-04 -9.692621190000000000e+12 0.000000000000000000e+00 0.000000000000000000e+00
1.164999999999999993e-04 -9.289712830000000000e+12 0.000000000000000000e+00 0.000000000000000000e+00
1.169999999999999979e-04 -8.858281750000000000e+12 0.000000000000000000e+00 0.000000000000000000e+00
1.174999999999999965e-04 -8.401987720000000000e+12 0.000000000000000000e+00 0.000000000000000000e+00
1.179999999999999951e-04 -7.924439250000000000e+12 0.000000000000000000e+00 0.000000000000000000e+00
1.184999999999999937e-04 -7.429177280000000000e+12 0.000000000000000000e+00 0.000000000000000000e+00
1.190000000000000058e-04 -6.919660070000000000e+12 0.000000000000000000e+00 0.000000000000000000e+00
1.195000000000000044e-04 -6.399249220000000000e+12 0.000000000000000000e+00 0.000000000000000000e+00
1.200000000000000030e-04 -5.871196990000000000e+12 0.000000000000000000e+00 0.000000000000000000e+00
1.205000000000000016e-04 -5.338634680000000000e+12 0.000000000000000000e+00 0.000000000000000000e+00
1.210000000000000002e-04 -4.804562300000000000e+12 0.000000000000000000e+00 0.000000000000000000e+00
1.214999999999999988e-04 -4.271839440000000000e+12 0.000000000000000000e+00 0.000000000000000000e+00
1.219999999999999974e-04 -3.743177270000000000e+12 0.000000000000000000e+00 0.000000000000000000e+00
1.224999999999999960e-04 -3.221131750000000000e+12 0.000000000000000000e+00 0.000000000000000000e+00
1.230000000000000082e-04 -2.708098000000000000e+12 0.000000000000000000e+00 0.000000000000000000e+00
1.234999999999999932e-04 -2.206305720000000000e+12 0.000000000000000000e+00 0.000000000000000000e+00
1.240000000000000054e-04 -1.717815760000000000e+12 0.000000000000000000e+00 0.000000000000000000e+00
1.244999999999999904e-04 -1.244517740000000000e+12 0.000000000000000000e+00 0.000000000000000000e+00
1.250000000000000026e-04 -7.881286300000000000e+11 0.000000000000000000e+00 0.000000000000000000e+00
1.254999999999999877e-04 -3.501923510000000000e+11 0.000000000000000000e+00 0.000000000000000000e+00
1.259999999999999998e-04 6.791972710000000000e+10 0.000000000000000000e+00 0.000000000000000000e+00
1.265000000000000120e-04 4.650074030000000000e+11 0.000000000000000000e+00 0.000000000000000000e+00
1.269999999999999970e-04 8.400394420000000000e+11 0.000000000000000000e+00 0.000000000000000000e+00
1.275000000000000092e-04 1.192150600000000000e+12 0.000000000000000000e+00 0.000000000000000000e+00
1.279999999999999942e-04 1.520637930000000000e+12 0.000000000000000000e+00 0.000000000000000000e+00
1.285000000000000064e-04 1.824956430000000000e+12 0.000000000000000000e+00 0.000000000000000000e+00
1.289999999999999914e-04 2.104714050000000000e+12 0.000000000000000000e+00 0.000000000000000000e+00
1.295000000000000036e-04 2.359666210000000000e+12 0.000000000000000000e+00 0.000000000000000000e+00
1.299999999999999886e-04 2.589709780000000000e+12 0.000000000000000000e+00 0.000000000000000000e+00
1.305000000000000008e-04 2.794876590000000000e+12 0.000000000000000000e+00 0.000000000000000000e+00
1.310000000000000129e-04 2.975326640000000000e+12 0.000000000000000000e+00 0.000000000000000000e+00
1.314999999999999980e-04 3.131340880000000000e+12 0.000000000000000000e+00 0.000000000000000000e+00
1.320000000000000101e-04 3.263313820000000000e+12 0.000000000000000000e+00 0.000000000000000000e+00
1.324999999999999952e-04 3.371745810000000000e+12 0.000000000000000000e+00 0.000000000000000000e+00
1.330000000000000073e-04 3.457235230000000000e+12 0.000000000000000000e+00 0.000000000000000000e+00
1.334999999999999924e-04 3.520470500000000000e+12 0.000000000000000000e+00 0.000000000000000000e+00
1.340000000000000045e-04 3.562222060000000000e+12 0.000000000000000000e+00 0.000000000000000000e+00
1.344999999999999896e-04 3.583334300000000000e+12 0.000000000000000000e+00 0.000000000000000000e+00
1.350000000000000017e-04 3.584717460000000000e+12 0.000000000000000000e+00 0.000000000000000000e+00
1.354999999999999868e-04 3.567339680000000000e+12 0.000000000000000000e+00 0.000000000000000000e+00
1.359999999999999989e-04 3.532219070000000000e+12 0.000000000000000000e+00 0.000000000000000000e+00
1.365000000000000111e-04 3.480415920000000000e+12 0.000000000000000000e+00 0.000000000000000000e+00
1.369999999999999961e-04 3.413025080000000000e+12 0.000000000000000000e+00 0.000000000000000000e+00
1.375000000000000083e-04 3.331168590000000000e+12 0.000000000000000000e+00 0.000000000000000000e+00
1.379999999999999933e-04 3.235988410000000000e+12 0.000000000000000000e+00 0.000000000000000000e+00
1.385000000000000055e-04 3.128639560000000000e+12 0.000000000000000000e+00 0.000000000000000000e+00
1.389999999999999905e-04 3.010283390000000000e+12 0.000000000000000000e+00 0.000000000000000000e+00
1.395000000000000027e-04 2.882081240000000000e+12 0.000000000000000000e+00 0.000000000000000000e+00
1.399999999999999877e-04 2.745188370000000000e+12 0.000000000000000000e+00 0.000000000000000000e+00
1.404999999999999999e-04 2.600748260000000000e+12 0.000000000000000000e+00 0.000000000000000000e+00
1.410000000000000120e-04 2.449887210000000000e+12 0.000000000000000000e+00 0.000000000000000000e+00
1.414999999999999971e-04 2.293709320000000000e+12 0.000000000000000000e+00 0.000000000000000000e+00
1.420000000000000092e-04 2.133291830000000000e+12 0.000000000000000000e+00 0.000000000000000000e+00
1.424999999999999943e-04 1.969680830000000000e+12 0.000000000000000000e+00 0.000000000000000000e+00
1.430000000000000064e-04 1.803887340000000000e+12 0.000000000000000000e+00 0.000000000000000000e+00
1.434999999999999915e-04 1.636883810000000000e+12 0.000000000000000000e+00 0.000000000000000000e+00
1.440000000000000036e-04 1.469600890000000000e+12 0.000000000000000000e+00 0.000000000000000000e+00
1.444999999999999887e-04 1.302924690000000000e+12 0.000000000000000000e+00 0.000000000000000000e+00
1.450000000000000009e-04 1.137694350000000000e+12 0.000000000000000000e+00 0.000000000000000000e+00
1.455000000000000130e-04 9.746999960000000000e+11 0.000000000000000000e+00 0.000000000000000000e+00
1.459999999999999981e-04 8.146810170000000000e+11 0.000000000000000000e+00 0.000000000000000000e+00
1.465000000000000102e-04 6.583247410000000000e+11 0.000000000000000000e+00 0.000000000000000000e+00
1.469999999999999953e-04 5.062654180000000000e+11 0.000000000000000000e+00 0.000000000000000000e+00
1.475000000000000074e-04 3.590835330000000000e+11 0.000000000000000000e+00 0.000000000000000000e+00
1.479999999999999925e-04 2.173054420000000000e+11 0.000000000000000000e+00 0.000000000000000000e+00
1.485000000000000046e-04 8.140330210000000000e+10 0.000000000000000000e+00 0.000000000000000000e+00
1.489999999999999897e-04 -4.820471360000000000e+10 0.000000000000000000e+00 0.000000000000000000e+00
1.495000000000000018e-04 -1.711539250000000000e+11 0.000000000000000000e+00 0.000000000000000000e+00
1.499999999999999869e-04 -2.871324040000000000e+11 0.000000000000000000e+00 0.000000000000000000e+00
1.504999999999999990e-04 -3.958799920000000000e+11 0.000000000000000000e+00 0.000000000000000000e+00
1.510000000000000112e-04 -4.971870970000000000e+11 0.000000000000000000e+00 0.000000000000000000e+00
1.514999999999999962e-04 -5.908932870000000000e+11 0.000000000000000000e+00 0.000000000000000000e+00
1.520000000000000084e-04 -6.768856970000000000e+11 0.000000000000000000e+00 0.000000000000000000e+00
1.524999999999999934e-04 -7.550972640000000000e+11 0.000000000000000000e+00 0.000000000000000000e+00
1.530000000000000056e-04 -8.255048170000000000e+11 0.000000000000000000e+00 0.000000000000000000e+00
1.534999999999999906e-04 -8.881270210000000000e+11 0.000000000000000000e+00 0.000000000000000000e+00
1.540000000000000028e-04 -9.430222170000000000e+11 0.000000000000000000e+00 0.000000000000000000e+00
1.544999999999999878e-04 -9.902861530000000000e+11 0.000000000000000000e+00 0.000000000000000000e+00
1.550000000000000000e-04 -1.030049640000000000e+12 0.000000000000000000e+00 0.000000000000000000e+00
1.555000000000000121e-04 -1.062476130000000000e+12 0.000000000000000000e+00 0.000000000000000000e+00
1.559999999999999972e-04 -1.087759250000000000e+12 0.000000000000000000e+00 0.000000000000000000e+00
1.565000000000000093e-04 -1.106120310000000000e+12 0.000000000000000000e+00 0.000000000000000000e+00
1.569999999999999944e-04 -1.117805780000000000e+12 0.000000000000000000e+00 0.000000000000000000e+00
1.575000000000000065e-04 -1.123084730000000000e+12 0.000000000000000000e+00 0.000000000000000000e+00
1.579999999999999916e-04 -1.122246370000000000e+12 0.000000000000000000e+00 0.000000000000000000e+00
1.585000000000000037e-04 -1.115597490000000000e+12 0.000000000000000000e+00 0.000000000000000000e+00
1.589999999999999888e-04 -1.103460010000000000e+12 0.000000000000000000e+00 0.000000000000000000e+00
1.595000000000000009e-04 -1.086168570000000000e+12 0.000000000000000000e+00 0.000000000000000000e+00
1.600000000000000131e-04 -1.064068120000000000e+12 0.000000000000000000e+00 0.000000000000000000e+00
1.604999999999999981e-04 -1.037511660000000000e+12 0.000000000000000000e+00 0.000000000000000000e+00
1.610000000000000103e-04 -1.006857950000000000e+12 0.000000000000000000e+00 0.000000000000000000e+00
1.614999999999999953e-04 -9.724693960000000000e+11 0.000000000000000000e+00 0.000000000000000000e+00
1.620000000000000075e-04 -9.347099560000000000e+11 0.000000000000000000e+00 0.000000000000000000e+00
1.624999999999999925e-04 -8.939431750000000000e+11 0.000000000000000000e+00 0.000000000000000000e+00
1.630000000000000047e-04 -8.505303060000000000e+11 0.000000000000000000e+00 0.000000000000000000e+00
1.634999999999999897e-04 -8.048285390000000000e+11 0.000000000000000000e+00 0.000000000000000000e+00
1.640000000000000019e-04 -7.571893440000000000e+11 0.000000000000000000e+00 0.000000000000000000e+00
1.644999999999999869e-04 -7.079569170000000000e+11 0.000000000000000000e+00 0.000000000000000000e+00
1.649999999999999991e-04 -6.574667460000000000e+11 0.000000000000000000e+00 0.000000000000000000e+00
1.655000000000000113e-04 -6.060442910000000000e+11 0.000000000000000000e+00 0.000000000000000000e+00
1.659999999999999963e-04 -5.540037860000000000e+11 0.000000000000000000e+00 0.000000000000000000e+00
1.665000000000000085e-04 -5.016471500000000000e+11 0.000000000000000000e+00 0.000000000000000000e+00
1.669999999999999935e-04 -4.492630270000000000e+11 0.000000000000000000e+00 0.000000000000000000e+00
1.675000000000000057e-04 -3.971259320000000000e+11 0.000000000000000000e+00 0.000000000000000000e+00
1.679999999999999907e-04 -3.454955250000000000e+11 0.000000000000000000e+00 0.000000000000000000e+00
1.685000000000000029e-04 -2.946159820000000000e+11 0.000000000000000000e+00 0.000000000000000000e+00
1.689999999999999879e-04 -2.447154950000000000e+11 0.000000000000000000e+00 0.000000000000000000e+00
1.695000000000000001e-04 -1.960058690000000000e+11 0.000000000000000000e+00 0.000000000000000000e+00
1.700000000000000122e-04 -1.486822290000000000e+11 0.000000000000000000e+00 0.000000000000000000e+00
1.704999999999999973e-04 -1.029228260000000000e+11 0.000000000000000000e+00 0.000000000000000000e+00
1.710000000000000094e-04 -5.888894060000000000e+10 0.000000000000000000e+00 0.000000000000000000e+00
1.714999999999999945e-04 -1.672488410000000000e+10 0.000000000000000000e+00 0.000000000000000000e+00
1.720000000000000066e-04 2.344191730000000000e+10 0.000000000000000000e+00 0.000000000000000000e+00
1.724999999999999917e-04 6.150075180000000000e+10 0.000000000000000000e+00 0.000000000000000000e+00
1.730000000000000038e-04 9.735737270000000000e+10 0.000000000000000000e+00 0.000000000000000000e+00
1.734999999999999889e-04 1.309336760000000000e+11 0.000000000000000000e+00 0.000000000000000000e+00
1.740000000000000010e-04 1.621673100000000000e+11 0.000000000000000000e+00 0.000000000000000000e+00
1.745000000000000132e-04 1.910112220000000000e+11 0.000000000000000000e+00 0.000000000000000000e+00
1.749999999999999982e-04 2.174331440000000000e+11 0.000000000000000000e+00 0.000000000000000000e+00
1.755000000000000104e-04 2.414150360000000000e+11 0.000000000000000000e+00 0.000000000000000000e+00
1.759999999999999954e-04 2.629524720000000000e+11 0.000000000000000000e+00 0.000000000000000000e+00
1.765000000000000076e-04 2.820539910000000000e+11 0.000000000000000000e+00 0.000000000000000000e+00
1.769999999999999926e-04 2.987404120000000000e+11 0.000000000000000000e+00 0.000000000000000000e+00
1.775000000000000048e-04 3.130441200000000000e+11 0.000000000000000000e+00 0.000000000000000000e+00
1.779999999999999898e-04 3.250083220000000000e+11 0.000000000000000000e+00 0.000000000000000000e+00
1.785000000000000020e-04 3.346862880000000000e+11 0.000000000000000000e+00 0.000000000000000000e+00
1.789999999999999870e-04 3.421405780000000000e+11 0.000000000000000000e+00 0.000000000000000000e+00
1.794999999999999992e-04 3.474422540000000000e+11 0.000000000000000000e+00 0.000000000000000000e+00
1.800000000000000113e-04 3.506700870000000000e+11 0.000000000000000000e+00 0.000000000000000000e+00
1.804999999999999964e-04 3.519097720000000000e+11 0.000000000000000000e+00 0.000000000000000000e+00
1.810000000000000085e-04 3.512531330000000000e+11 0.000000000000000000e+00 0.000000000000000000e+00
1.814999999999999936e-04 3.487973410000000000e+11 0.000000000000000000e+00 0.000000000000000000e+00
1.820000000000000057e-04 3.446441480000000000e+11 0.000000000000000000e+00 0.000000000000000000e+00
1.824999999999999908e-04 3.388991250000000000e+11 0.000000000000000000e+00 0.000000000000000000e+00
1.830000000000000029e-04 3.316709260000000000e+11 0.000000000000000000e+00 0.000000000000000000e+00
1.834999999999999880e-04 3.230705640000000000e+11 0.000000000000000000e+00 0.000000000000000000e+00
1.840000000000000001e-04 3.132107240000000000e+11 0.000000000000000000e+00 0.000000000000000000e+00
1.845000000000000123e-04 3.022050830000000000e+11 0.000000000000000000e+00 0.000000000000000000e+00
1.849999999999999973e-04 2.901676770000000000e+11 0.000000000000000000e+00 0.000000000000000000e+00
1.855000000000000095e-04 2.772122810000000000e+11 0.000000000000000000e+00 0.000000000000000000e+00
1.859999999999999945e-04 2.634518350000000000e+11 0.000000000000000000e+00 0.000000000000000000e+00
1.865000000000000067e-04 2.489978920000000000e+11 0.000000000000000000e+00 0.000000000000000000e+00
1.869999999999999917e-04 2.339601070000000000e+11 0.000000000000000000e+00 0.000000000000000000e+00
1.875000000000000039e-04 2.184457570000000000e+11 0.000000000000000000e+00 0.000000000000000000e+00
1.879999999999999890e-04 2.025593030000000000e+11 0.000000000000000000e+00 0.000000000000000000e+00
1.885000000000000011e-04 1.864019800000000000e+11 0.000000000000000000e+00 0.000000000000000000e+00
1.890000000000000133e-04 1.700714320000000000e+11 0.000000000000000000e+00 0.000000000000000000e+00
1.894999999999999983e-04 1.536613790000000000e+11 0.000000000000000000e+00 0.000000000000000000e+00
1.900000000000000105e-04 1.372613210000000000e+11 0.000000000000000000e+00 0.000000000000000000e+00
1.904999999999999955e-04 1.209562830000000000e+11 0.000000000000000000e+00 0.000000000000000000e+00
1.910000000000000077e-04 1.048265900000000000e+11 0.000000000000000000e+00 0.000000000000000000e+00
1.914999999999999927e-04 8.894768260000000000e+10 0.000000000000000000e+00 0.000000000000000000e+00
1.920000000000000049e-04 7.338996230000000000e+10 0.000000000000000000e+00 0.000000000000000000e+00
1.924999999999999899e-04 5.821867720000000000e+10 0.000000000000000000e+00 0.000000000000000000e+00
1.930000000000000021e-04 4.349383380000000000e+10 0.000000000000000000e+00 0.000000000000000000e+00
1.934999999999999871e-04 2.927014420000000000e+10 0.000000000000000000e+00 0.000000000000000000e+00
1.939999999999999993e-04 1.559700260000000000e+10 0.000000000000000000e+00 0.000000000000000000e+00
1.945000000000000114e-04 2.518490120000000000e+09 0.000000000000000000e+00 0.000000000000000000e+00
1.949999999999999965e-04 -9.926591760000000000e+09 0.000000000000000000e+00 0.000000000000000000e+00
1.955000000000000086e-04 -2.170466300000000000e+10 0.000000000000000000e+00 0.000000000000000000e+00
1.959999999999999937e-04 -3.278728170000000000e+10 0.000000000000000000e+00 0.000000000000000000e+00
1.965000000000000058e-04 -4.315103850000000000e+10 0.000000000000000000e+00 0.000000000000000000e+00
1.969999999999999909e-04 -5.277742990000000000e+10 0.000000000000000000e+00 0.000000000000000000e+00
1.975000000000000030e-04 -6.165271220000000000e+10 0.000000000000000000e+00 0.000000000000000000e+00
1.979999999999999881e-04 -6.976773770000000000e+10 0.000000000000000000e+00 0.000000000000000000e+00
1.985000000000000002e-04 -7.711777530000000000e+10 0.000000000000000000e+00 0.000000000000000000e+00
1.990000000000000124e-04 -8.370231700000000000e+10 0.000000000000000000e+00 0.000000000000000000e+00
1.994999999999999974e-04 -8.952487130000000000e+10 0.000000000000000000e+00 0.000000000000000000e+00
2.000000000000000096e-04 -9.459274710000000000e+10 0.000000000000000000e+00 0.000000000000000000e+00
2.004999999999999946e-04 -9.891682670000000000e+10 0.000000000000000000e+00 0.000000000000000000e+00
2.010000000000000068e-04 -1.025113330000000000e+11 0.000000000000000000e+00 0.000000000000000000e+00
2.014999999999999918e-04 -1.053935920000000000e+11 0.000000000000000000e+00 0.000000000000000000e+00
2.020000000000000040e-04 -1.075837830000000000e+11 0.000000000000000000e+00 0.000000000000000000e+00
2.024999999999999890e-04 -1.091047010000000000e+11 0.000000000000000000e+00 0.000000000000000000e+00
2.030000000000000012e-04 -1.099815010000000000e+11 0.000000000000000000e+00 0.000000000000000000e+00
2.035000000000000133e-04 -1.102414540000000000e+11 0.000000000000000000e+00 0.000000000000000000e+00
2.039999999999999984e-04 -1.099137010000000000e+11 0.000000000000000000e+00 0.000000000000000000e+00
2.045000000000000105e-04 -1.090290050000000000e+11 0.000000000000000000e+00 0.000000000000000000e+00
2.049999999999999956e-04 -1.076195120000000000e+11 0.000000000000000000e+00 0.000000000000000000e+00
2.055000000000000077e-04 -1.057185160000000000e+11 0.000000000000000000e+00 0.000000000000000000e+00
2.059999999999999928e-04 -1.033602300000000000e+11 0.000000000000000000e+00 0.000000000000000000e+00
2.065000000000000049e-04 -1.005795570000000000e+11 0.000000000000000000e+00 0.000000000000000000e+00
2.069999999999999900e-04 -9.741187940000000000e+10 0.000000000000000000e+00 0.000000000000000000e+00
2.075000000000000022e-04 -9.389284660000000000e+10 0.000000000000000000e+00 0.000000000000000000e+00
2.079999999999999872e-04 -9.005817890000000000e+10 0.000000000000000000e+00 0.000000000000000000e+00
2.084999999999999994e-04 -8.594347630000000000e+10 0.000000000000000000e+00 0.000000000000000000e+00
2.090000000000000115e-04 -8.158403920000000000e+10 0.000000000000000000e+00 0.000000000000000000e+00
2.094999999999999966e-04 -7.701469870000000000e+10 0.000000000000000000e+00 0.000000000000000000e+00
2.100000000000000087e-04 -7.226965880000000000e+10 0.000000000000000000e+00 0.000000000000000000e+00
2.104999999999999938e-04 -6.738234870000000000e+10 0.000000000000000000e+00 0.000000000000000000e+00
2.110000000000000059e-04 -6.238528670000000000e+10 0.000000000000000000e+00 0.000000000000000000e+00
2.114999999999999910e-04 -5.730995580000000000e+10 0.000000000000000000e+00 0.000000000000000000e+00
2.120000000000000031e-04 -5.218669080000000000e+10 0.000000000000000000e+00 0.000000000000000000e+00
2.124999999999999882e-04 -4.704457690000000000e+10 0.000000000000000000e+00 0.000000000000000000e+00
2.130000000000000003e-04 -4.191135930000000000e+10 0.000000000000000000e+00 0.000000000000000000e+00
2.135000000000000125e-04 -3.681336560000000000e+10 0.000000000000000000e+00 0.000000000000000000e+00
2.139999999999999975e-04 -3.177543800000000000e+10 0.000000000000000000e+00 0.000000000000000000e+00
2.145000000000000097e-04 -2.682087730000000000e+10 0.000000000000000000e+00 0.000000000000000000e+00
2.149999999999999947e-04 -2.197139770000000000e+10 0.000000000000000000e+00 0.000000000000000000e+00
2.155000000000000069e-04 -1.724709200000000000e+10 0.000000000000000000e+00 0.000000000000000000e+00
2.159999999999999919e-04 -1.266640680000000000e+10 0.000000000000000000e+00 0.000000000000000000e+00
2.165000000000000041e-04 -8.246128200000000000e+09 0.000000000000000000e+00 0.000000000000000000e+00
2.169999999999999891e-04 -4.001375620000000000e+09 0.000000000000000000e+00 0.000000000000000000e+00
2.175000000000000013e-04 5.439407670000000298e+07 0.000000000000000000e+00 0.000000000000000000e+00
2.180000000000000134e-04 3.909374790000000000e+09 0.000000000000000000e+00 0.000000000000000000e+00
2.184999999999999985e-04 7.553391080000000000e+09 0.000000000000000000e+00 0.000000000000000000e+00
2.190000000000000106e-04 1.097787060000000000e+10 0.000000000000000000e+00 0.000000000000000000e+00
2.194999999999999957e-04 1.417580970000000000e+10 0.000000000000000000e+00 0.000000000000000000e+00
2.200000000000000078e-04 1.714173220000000000e+10 0.000000000000000000e+00 0.000000000000000000e+00
2.204999999999999929e-04 1.987164230000000000e+10 0.000000000000000000e+00 0.000000000000000000e+00
2.210000000000000050e-04 2.236297270000000000e+10 0.000000000000000000e+00 0.000000000000000000e+00
2.214999999999999901e-04 2.461452710000000000e+10 0.000000000000000000e+00 0.000000000000000000e+00
2.220000000000000022e-04 2.662641840000000000e+10 0.000000000000000000e+00 0.000000000000000000e+00
2.224999999999999873e-04 2.840000390000000000e+10 0.000000000000000000e+00 0.000000000000000000e+00
2.229999999999999994e-04 2.993781630000000000e+10 0.000000000000000000e+00 0.000000000000000000e+00
2.235000000000000116e-04 3.124349270000000000e+10 0.000000000000000000e+00 0.000000000000000000e+00
2.239999999999999966e-04 3.232170060000000000e+10 0.000000000000000000e+00 0.000000000000000000e+00
2.245000000000000088e-04 3.317806320000000000e+10 0.000000000000000000e+00 0.000000000000000000e+00
2.249999999999999938e-04 3.381908220000000000e+10 0.000000000000000000e+00 0.000000000000000000e+00
2.255000000000000060e-04 3.425206110000000000e+10 0.000000000000000000e+00 0.000000000000000000e+00
2.259999999999999910e-04 3.448502690000000000e+10 0.000000000000000000e+00 0.000000000000000000e+00
2.265000000000000032e-04 3.452665300000000000e+10 0.000000000000000000e+00 0.000000000000000000e+00
2.269999999999999882e-04 3.438618150000000000e+10 0.000000000000000000e+00 0.000000000000000000e+00
2.275000000000000004e-04 3.407334720000000000e+10 0.000000000000000000e+00 0.000000000000000000e+00
2.280000000000000126e-04 3.359830270000000000e+10 0.000000000000000000e+00 0.000000000000000000e+00
2.284999999999999976e-04 3.297154420000000000e+10 0.000000000000000000e+00 0.000000000000000000e+00
2.290000000000000098e-04 3.220384020000000000e+10 0.000000000000000000e+00 0.000000000000000000e+00
2.294999999999999948e-04 3.130616180000000000e+10 0.000000000000000000e+00 0.000000000000000000e+00
2.300000000000000070e-04 3.028961570000000000e+10 0.000000000000000000e+00 0.000000000000000000e+00
2.304999999999999920e-04 2.916537900000000000e+10 0.000000000000000000e+00 0.000000000000000000e+00
2.310000000000000042e-04 2.794463800000000000e+10 0.000000000000000000e+00 0.000000000000000000e+00
2.314999999999999892e-04 2.663852910000000000e+10 0.000000000000000000e+00 0.000000000000000000e+00
2.320000000000000014e-04 2.525808350000000000e+10 0.000000000000000000e+00 0.000000000000000000e+00
2.325000000000000135e-04 2.381417440000000000e+10 0.000000000000000000e+00 0.000000000000000000e+00
2.329999999999999986e-04 2.231746860000000000e+10 0.000000000000000000e+00 0.000000000000000000e+00
2.335000000000000107e-04 2.077838090000000000e+10 0.000000000000000000e+00 0.000000000000000000e+00
2.339999999999999958e-04 1.920703190000000000e+10 0.000000000000000000e+00 0.000000000000000000e+00
2.345000000000000079e-04 1.761321050000000000e+10 0.000000000000000000e+00 0.000000000000000000e+00
2.349999999999999930e-04 1.600633870000000000e+10 0.000000000000000000e+00 0.000000000000000000e+00
2.355000000000000051e-04 1.439544060000000000e+10 0.000000000000000000e+00 0.000000000000000000e+00
2.359999999999999902e-04 1.278911530000000000e+10 0.000000000000000000e+00 0.000000000000000000e+00
2.365000000000000023e-04 1.119551310000000000e+10 0.000000000000000000e+00 0.000000000000000000e+00
2.369999999999999874e-04 9.622314660000000000e+09 0.000000000000000000e+00 0.000000000000000000e+00
2.374999999999999995e-04 8.076714890000000000e+09 0.000000000000000000e+00 0.000000000000000000e+00
2.380000000000000117e-04 6.565408890000000000e+09 0.000000000000000000e+00 0.000000000000000000e+00
2.384999999999999967e-04 5.094582010000000000e+09 0.000000000000000000e+00 0.000000000000000000e+00
2.390000000000000089e-04 3.669902730000000000e+09 0.000000000000000000e+00 0.000000000000000000e+00
2.394999999999999939e-04 2.296518650000000000e+09 0.000000000000000000e+00 0.000000000000000000e+00
2.400000000000000061e-04 9.790554260000000000e+08 0.000000000000000000e+00 0.000000000000000000e+00
2.404999999999999911e-04 -2.783815830000000000e+08 0.000000000000000000e+00 0.000000000000000000e+00
2.410000000000000033e-04 -1.472202970000000000e+09 0.000000000000000000e+00 0.000000000000000000e+00
2.414999999999999883e-04 -2.599328520000000000e+09 0.000000000000000000e+00 0.000000000000000000e+00
2.420000000000000005e-04 -3.657178050000000000e+09 0.000000000000000000e+00 0.000000000000000000e+00
2.425000000000000126e-04 -4.643660200000000000e+09 0.000000000000000000e+00 0.000000000000000000e+00
2.429999999999999977e-04 -5.557159140000000000e+09 0.000000000000000000e+00 0.000000000000000000e+00
2.435000000000000098e-04 -6.396519490000000000e+09 0.000000000000000000e+00 0.000000000000000000e+00
2.439999999999999949e-04 -7.161029590000000000e+09 0.000000000000000000e+00 0.000000000000000000e+00
2.444999999999999799e-04 -7.850403270000000000e+09 0.000000000000000000e+00 0.000000000000000000e+00
2.449999999999999921e-04 -8.464760310000000000e+09 0.000000000000000000e+00 0.000000000000000000e+00
2.455000000000000042e-04 -9.004605730000000000e+09 0.000000000000000000e+00 0.000000000000000000e+00
2.460000000000000164e-04 -9.470808130000000000e+09 0.000000000000000000e+00 0.000000000000000000e+00
2.464999999999999743e-04 -9.864577210000000000e+09 0.000000000000000000e+00 0.000000000000000000e+00
2.469999999999999865e-04 -1.018744050000000000e+10 0.000000000000000000e+00 0.000000000000000000e+00
2.474999999999999986e-04 -1.044121990000000000e+10 0.000000000000000000e+00 0.000000000000000000e+00
2.480000000000000108e-04 -1.062800720000000000e+10 0.000000000000000000e+00 0.000000000000000000e+00
2.485000000000000230e-04 -1.075014050000000000e+10 0.000000000000000000e+00 0.000000000000000000e+00
2.489999999999999809e-04 -1.081017910000000000e+10 0.000000000000000000e+00 0.000000000000000000e+00
2.494999999999999931e-04 -1.081087970000000000e+10 0.000000000000000000e+00 0.000000000000000000e+00
2.500000000000000052e-04 -1.075517230000000000e+10 0.000000000000000000e+00 0.000000000000000000e+00
2.505000000000000174e-04 -1.064613580000000000e+10 0.000000000000000000e+00 0.000000000000000000e+00
2.509999999999999753e-04 -1.048697540000000000e+10 0.000000000000000000e+00 0.000000000000000000e+00
2.514999999999999875e-04 -1.028099890000000000e+10 0.000000000000000000e+00 0.000000000000000000e+00
2.519999999999999996e-04 -1.003159490000000000e+10 0.000000000000000000e+00 0.000000000000000000e+00
2.525000000000000118e-04 -9.742210770000000000e+09 0.000000000000000000e+00 0.000000000000000000e+00
2.530000000000000239e-04 -9.416332080000000000e+09 0.000000000000000000e+00 0.000000000000000000e+00
2.534999999999999819e-04 -9.057462280000000000e+09 0.000000000000000000e+00 0.000000000000000000e+00
2.539999999999999940e-04 -8.669103700000000000e+09 0.000000000000000000e+00 0.000000000000000000e+00
2.545000000000000062e-04 -8.254739260000000000e+09 0.000000000000000000e+00 0.000000000000000000e+00
2.550000000000000183e-04 -7.817815340000000000e+09 0.000000000000000000e+00 0.000000000000000000e+00
2.554999999999999763e-04 -7.361725550000000000e+09 0.000000000000000000e+00 0.000000000000000000e+00
2.559999999999999884e-04 -6.889795680000000000e+09 0.000000000000000000e+00 0.000000000000000000e+00
2.565000000000000006e-04 -6.405269710000000000e+09 0.000000000000000000e+00 0.000000000000000000e+00
2.570000000000000127e-04 -5.911296910000000000e+09 0.000000000000000000e+00 0.000000000000000000e+00
2.575000000000000249e-04 -5.410920140000000000e+09 0.000000000000000000e+00 0.000000000000000000e+00
2.579999999999999828e-04 -4.907065210000000000e+09 0.000000000000000000e+00 0.000000000000000000e+00
2.584999999999999950e-04 -4.402531440000000000e+09 0.000000000000000000e+00 0.000000000000000000e+00
2.590000000000000071e-04 -3.899983270000000000e+09 0.000000000000000000e+00 0.000000000000000000e+00
2.595000000000000193e-04 -3.401943090000000000e+09 0.000000000000000000e+00 0.000000000000000000e+00
2.599999999999999772e-04 -2.910785080000000000e+09 0.000000000000000000e+00 0.000000000000000000e+00
2.604999999999999894e-04 -2.428730160000000000e+09 0.000000000000000000e+00 0.000000000000000000e+00
2.610000000000000015e-04 -1.957841960000000000e+09 0.000000000000000000e+00 0.000000000000000000e+00
2.615000000000000137e-04 -1.500023910000000000e+09 0.000000000000000000e+00 0.000000000000000000e+00
2.620000000000000258e-04 -1.057017140000000000e+09 0.000000000000000000e+00 0.000000000000000000e+00
2.624999999999999838e-04 -6.303994900000000000e+08 0.000000000000000000e+00 0.000000000000000000e+00
2.629999999999999959e-04 -2.215853420000000000e+08 0.000000000000000000e+00 0.000000000000000000e+00
2.635000000000000081e-04 1.681736950000000000e+08 0.000000000000000000e+00 0.000000000000000000e+00
2.640000000000000202e-04 5.377872450000000000e+08 0.000000000000000000e+00 0.000000000000000000e+00
2.644999999999999782e-04 8.863238880000000000e+08 0.000000000000000000e+00 0.000000000000000000e+00
2.649999999999999903e-04 1.213008150000000000e+09 0.000000000000000000e+00 0.000000000000000000e+00
2.655000000000000025e-04 1.517216860000000000e+09 0.000000000000000000e+00 0.000000000000000000e+00
2.660000000000000146e-04 1.798474830000000000e+09 0.000000000000000000e+00 0.000000000000000000e+00
2.665000000000000268e-04 2.056450070000000000e+09 0.000000000000000000e+00 0.000000000000000000e+00
2.669999999999999847e-04 2.290948380000000000e+09 0.000000000000000000e+00 0.000000000000000000e+00
2.674999999999999969e-04 2.501907600000000000e+09 0.000000000000000000e+00 0.000000000000000000e+00
2.680000000000000090e-04 2.689391380000000000e+09 0.000000000000000000e+00 0.000000000000000000e+00
2.685000000000000212e-04 2.853582650000000000e+09 0.000000000000000000e+00 0.000000000000000000e+00
2.689999999999999791e-04 2.994776740000000000e+09 0.000000000000000000e+00 0.000000000000000000e+00
2.694999999999999913e-04 3.113374300000000000e+09 0.000000000000000000e+00 0.000000000000000000e+00
2.700000000000000035e-04 3.209874020000000000e+09 0.000000000000000000e+00 0.000000000000000000e+00
2.705000000000000156e-04 3.284865140000000000e+09 0.000000000000000000e+00 0.000000000000000000e+00
2.709999999999999735e-04 3.339019940000000000e+09 0.000000000000000000e+00 0.000000000000000000e+00
2.714999999999999857e-04 3.373086130000000000e+09 0.000000000000000000e+00 0.000000000000000000e+00
2.719999999999999979e-04 3.387879180000000000e+09 0.000000000000000000e+00 0.000000000000000000e+00
2.725000000000000100e-04 3.384274770000000000e+09 0.000000000000000000e+00 0.000000000000000000e+00
2.730000000000000222e-04 3.363201200000000000e+09 0.000000000000000000e+00 0.000000000000000000e+00
2.734999999999999801e-04 3.325631990000000000e+09 0.000000000000000000e+00 0.000000000000000000e+00
2.739999999999999923e-04 3.272578530000000000e+09 0.000000000000000000e+00 0.000000000000000000e+00
2.745000000000000044e-04 3.205082980000000000e+09 0.000000000000000000e+00 0.000000000000000000e+00
2.750000000000000166e-04 3.124211260000000000e+09 0.000000000000000000e+00 0.000000000000000000e+00
2.754999999999999745e-04 3.031046360000000000e+09 0.000000000000000000e+00 0.000000000000000000e+00
2.759999999999999867e-04 2.926681830000000000e+09 0.000000000000000000e+00 0.000000000000000000e+00
2.764999999999999988e-04 2.812215550000000000e+09 0.000000000000000000e+00 0.000000000000000000e+00
2.770000000000000110e-04 2.688743810000000000e+09 0.000000000000000000e+00 0.000000000000000000e+00
2.775000000000000231e-04 2.557355660000000000e+09 0.000000000000000000e+00 0.000000000000000000e+00
2.779999999999999811e-04 2.419127590000000000e+09 0.000000000000000000e+00 0.000000000000000000e+00
2.784999999999999932e-04 2.275118540000000000e+09 0.000000000000000000e+00 0.000000000000000000e+00
2.790000000000000054e-04 2.126365230000000000e+09 0.000000000000000000e+00 0.000000000000000000e+00
2.795000000000000175e-04 1.973877900000000000e+09 0.000000000000000000e+00 0.000000000000000000e+00
2.799999999999999755e-04 1.818636270000000000e+09 0.000000000000000000e+00 0.000000000000000000e+00
2.804999999999999876e-04 1.661586030000000000e+09 0.000000000000000000e+00 0.000000000000000000e+00
2.809999999999999998e-04 1.503635540000000000e+09 0.000000000000000000e+00 0.000000000000000000e+00
2.815000000000000119e-04 1.345652920000000000e+09 0.000000000000000000e+00 0.000000000000000000e+00
2.820000000000000241e-04 1.188463570000000000e+09 0.000000000000000000e+00 0.000000000000000000e+00
2.824999999999999820e-04 1.032847950000000000e+09 0.000000000000000000e+00 0.000000000000000000e+00
2.829999999999999942e-04 8.795397030000000000e+08 0.000000000000000000e+00 0.000000000000000000e+00
2.835000000000000063e-04 7.292241970000000000e+08 0.000000000000000000e+00 0.000000000000000000e+00
2.840000000000000185e-04 5.825372980000000000e+08 0.000000000000000000e+00 0.000000000000000000e+00
2.844999999999999764e-04 4.400645200000000000e+08 0.000000000000000000e+00 0.000000000000000000e+00
2.849999999999999886e-04 3.023404560000000000e+08 0.000000000000000000e+00 0.000000000000000000e+00
2.855000000000000007e-04 1.698485070000000000e+08 0.000000000000000000e+00 0.000000000000000000e+00
2.860000000000000129e-04 4.302089350000000000e+07 0.000000000000000000e+00 0.000000000000000000e+00
2.865000000000000250e-04 -7.776106790000000596e+07 0.000000000000000000e+00 0.000000000000000000e+00
2.869999999999999830e-04 -1.921664380000000000e+08 0.000000000000000000e+00 0.000000000000000000e+00
2.874999999999999951e-04 -2.999138870000000000e+08 0.000000000000000000e+00 0.000000000000000000e+00
2.880000000000000073e-04 -4.007707140000000000e+08 0.000000000000000000e+00 0.000000000000000000e+00
2.885000000000000194e-04 -4.945516510000000000e+08 0.000000000000000000e+00 0.000000000000000000e+00
2.889999999999999774e-04 -5.811174870000000000e+08 0.000000000000000000e+00 0.000000000000000000e+00
2.894999999999999895e-04 -6.603735180000000000e+08 0.000000000000000000e+00 0.000000000000000000e+00
2.900000000000000017e-04 -7.322678360000000000e+08 0.000000000000000000e+00 0.000000000000000000e+00
2.905000000000000139e-04 -7.967894900000000000e+08 0.000000000000000000e+00 0.000000000000000000e+00
2.910000000000000260e-04 -8.539665130000000000e+08 0.000000000000000000e+00 0.000000000000000000e+00
2.914999999999999840e-04 -9.038638520000000000e+08 0.000000000000000000e+00 0.000000000000000000e+00
2.919999999999999961e-04 -9.465812030000000000e+08 0.000000000000000000e+00 0.000000000000000000e+00
2.925000000000000083e-04 -9.822507730000000000e+08 0.000000000000000000e+00 0.000000000000000000e+00
2.930000000000000204e-04 -1.011034980000000000e+09 0.000000000000000000e+00 0.000000000000000000e+00
2.934999999999999784e-04 -1.033124130000000000e+09 0.000000000000000000e+00 0.000000000000000000e+00
2.939999999999999905e-04 -1.048734020000000000e+09 0.000000000000000000e+00 0.000000000000000000e+00
2.945000000000000027e-04 -1.058103560000000000e+09 0.000000000000000000e+00 0.000000000000000000e+00
2.950000000000000148e-04 -1.061492400000000000e+09 0.000000000000000000e+00 0.000000000000000000e+00
2.955000000000000270e-04 -1.059178550000000000e+09 0.000000000000000000e+00 0.000000000000000000e+00
2.959999999999999849e-04 -1.051455980000000000e+09 0.000000000000000000e+00 0.000000000000000000e+00
2.964999999999999971e-04 -1.038632360000000000e+09 0.000000000000000000e+00 0.000000000000000000e+00
2.970000000000000092e-04 -1.021026740000000000e+09 0.000000000000000000e+00 0.000000000000000000e+00
2.975000000000000214e-04 -9.989673340000000000e+08 0.000000000000000000e+00 0.000000000000000000e+00
2.979999999999999793e-04 -9.727893520000000000e+08 0.000000000000000000e+00 0.000000000000000000e+00
2.984999999999999915e-04 -9.428329080000000000e+08 0.000000000000000000e+00 0.000000000000000000e+00
2.990000000000000036e-04 -9.094410090000000000e+08 0.000000000000000000e+00 0.000000000000000000e+00
2.995000000000000158e-04 -8.729576140000000000e+08 0.000000000000000000e+00 0.000000000000000000e+00
2.999999999999999737e-04 -8.337258020000000000e+08 0.000000000000000000e+00 0.000000000000000000e+00
3.004999999999999859e-04 -7.920860210000000000e+08 0.000000000000000000e+00 0.000000000000000000e+00
3.009999999999999980e-04 -7.483744460000000000e+08 0.000000000000000000e+00 0.000000000000000000e+00
3.015000000000000102e-04 -7.029214340000000000e+08 0.000000000000000000e+00 0.000000000000000000e+00
3.020000000000000223e-04 -6.560500920000000000e+08 0.000000000000000000e+00 0.000000000000000000e+00
3.024999999999999803e-04 -6.080749490000000000e+08 0.000000000000000000e+00 0.000000000000000000e+00
3.029999999999999924e-04 -5.593007420000000000e+08 0.000000000000000000e+00 0.000000000000000000e+00
3.035000000000000046e-04 -5.100213070000000000e+08 0.000000000000000000e+00 0.000000000000000000e+00
3.040000000000000167e-04 -4.605185890000000000e+08 0.000000000000000000e+00 0.000000000000000000e+00
3.044999999999999747e-04 -4.110617610000000000e+08 0.000000000000000000e+00 0.000000000000000000e+00
3.049999999999999868e-04 -3.619064450000000000e+08 0.000000000000000000e+00 0.000000000000000000e+00
3.054999999999999990e-04 -3.132940580000000000e+08 0.000000000000000000e+00 0.000000000000000000e+00
3.060000000000000111e-04 -2.654512490000000000e+08 0.000000000000000000e+00 0.000000000000000000e+00
3.065000000000000233e-04 -2.185894490000000000e+08 0.000000000000000000e+00 0.000000000000000000e+00
3.069999999999999812e-04 -1.729045210000000000e+08 0.000000000000000000e+00 0.000000000000000000e+00
3.074999999999999934e-04 -1.285765080000000000e+08 0.000000000000000000e+00 0.000000000000000000e+00
3.080000000000000055e-04 -8.576947879999999702e+07 0.000000000000000000e+00 0.000000000000000000e+00
3.085000000000000177e-04 -4.463145710000000149e+07 0.000000000000000000e+00 0.000000000000000000e+00
3.089999999999999756e-04 -5.294447089999999851e+06 0.000000000000000000e+00 0.000000000000000000e+00
3.094999999999999878e-04 3.212546450000000000e+07 0.000000000000000000e+00 0.000000000000000000e+00
3.099999999999999999e-04 6.752792690000000596e+07 0.000000000000000000e+00 0.000000000000000000e+00
3.105000000000000121e-04 1.008280700000000000e+08 0.000000000000000000e+00 0.000000000000000000e+00
3.110000000000000243e-04 1.319561830000000000e+08 0.000000000000000000e+00 0.000000000000000000e+00
3.114999999999999822e-04 1.608573260000000000e+08 0.000000000000000000e+00 0.000000000000000000e+00
3.119999999999999944e-04 1.874908880000000000e+08 0.000000000000000000e+00 0.000000000000000000e+00
3.125000000000000065e-04 2.118300910000000000e+08 0.000000000000000000e+00 0.000000000000000000e+00
3.130000000000000187e-04 2.338614450000000000e+08 0.000000000000000000e+00 0.000000000000000000e+00
3.134999999999999766e-04 2.535841600000000000e+08 0.000000000000000000e+00 0.000000000000000000e+00
3.139999999999999888e-04 2.710095230000000000e+08 0.000000000000000000e+00 0.000000000000000000e+00
3.145000000000000009e-04 2.861602450000000000e+08 0.000000000000000000e+00 0.000000000000000000e+00
3.150000000000000131e-04 2.990697730000000000e+08 0.000000000000000000e+00 0.000000000000000000e+00
3.155000000000000252e-04 3.097815890000000000e+08 0.000000000000000000e+00 0.000000000000000000e+00
3.159999999999999832e-04 3.183484840000000000e+08 0.000000000000000000e+00 0.000000000000000000e+00
3.164999999999999953e-04 3.248318240000000000e+08 0.000000000000000000e+00 0.000000000000000000e+00
3.170000000000000075e-04 3.293008070000000000e+08 0.000000000000000000e+00 0.000000000000000000e+00
3.175000000000000196e-04 3.318317120000000000e+08 0.000000000000000000e+00 0.000000000000000000e+00
3.179999999999999776e-04 3.325071570000000000e+08 0.000000000000000000e+00 0.000000000000000000e+00
3.184999999999999897e-04 3.314153460000000000e+08 0.000000000000000000e+00 0.000000000000000000e+00
3.190000000000000019e-04 3.286493420000000000e+08 0.000000000000000000e+00 0.000000000000000000e+00
3.195000000000000140e-04 3.243063340000000000e+08 0.000000000000000000e+00 0.000000000000000000e+00
3.200000000000000262e-04 3.184869320000000000e+08 0.000000000000000000e+00 0.000000000000000000e+00
3.204999999999999841e-04 3.112944690000000000e+08 0.000000000000000000e+00 0.000000000000000000e+00
3.209999999999999963e-04 3.028343320000000000e+08 0.000000000000000000e+00 0.000000000000000000e+00
3.215000000000000084e-04 2.932133050000000000e+08 0.000000000000000000e+00 0.000000000000000000e+00
3.220000000000000206e-04 2.825389490000000000e+08 0.000000000000000000e+00 0.000000000000000000e+00
3.224999999999999785e-04 2.709189990000000000e+08 0.000000000000000000e+00 0.000000000000000000e+00
3.229999999999999907e-04 2.584607940000000000e+08 0.000000000000000000e+00 0.000000000000000000e+00
3.235000000000000028e-04 2.452707390000000000e+08 0.000000000000000000e+00 0.000000000000000000e+00
3.240000000000000150e-04 2.314537940000000000e+08 0.000000000000000000e+00 0.000000000000000000e+00
3.244999999999999729e-04 2.171129990000000000e+08 0.000000000000000000e+00 0.000000000000000000e+00
3.249999999999999851e-04 2.023490320000000000e+08 0.000000000000000000e+00 0.000000000000000000e+00
3.254999999999999972e-04 1.872598010000000000e+08 0.000000000000000000e+00 0.000000000000000000e+00
3.260000000000000094e-04 1.719400680000000000e+08 0.000000000000000000e+00 0.000000000000000000e+00
3.265000000000000215e-04 1.564811140000000000e+08 0.000000000000000000e+00 0.000000000000000000e+00
3.269999999999999795e-04 1.409704320000000000e+08 0.000000000000000000e+00 0.000000000000000000e+00
3.274999999999999916e-04 1.254914610000000000e+08 0.000000000000000000e+00 0.000000000000000000e+00
3.280000000000000038e-04 1.101233480000000000e+08 0.000000000000000000e+00 0.000000000000000000e+00
3.285000000000000159e-04 9.494074929999999702e+07 0.000000000000000000e+00 0.000000000000000000e+00
3.289999999999999739e-04 8.001366409999999404e+07 0.000000000000000000e+00 0.000000000000000000e+00
3.294999999999999860e-04 6.540729779999999702e+07 0.000000000000000000e+00 0.000000000000000000e+00
3.299999999999999982e-04 5.118196020000000298e+07 0.000000000000000000e+00 0.000000000000000000e+00
3.305000000000000103e-04 3.739299250000000000e+07 0.000000000000000000e+00 0.000000000000000000e+00
3.310000000000000225e-04 2.409072460000000149e+07 0.000000000000000000e+00 0.000000000000000000e+00
3.314999999999999804e-04 1.132046040000000037e+07 0.000000000000000000e+00 0.000000000000000000e+00
3.319999999999999926e-04 -8.775101489999999758e+05 0.000000000000000000e+00 0.000000000000000000e+00
3.325000000000000048e-04 -1.246787300000000000e+07 0.000000000000000000e+00 0.000000000000000000e+00
3.330000000000000169e-04 -2.342022850000000000e+07 0.000000000000000000e+00 0.000000000000000000e+00
3.334999999999999748e-04 -3.370900660000000149e+07 0.000000000000000000e+00 0.000000000000000000e+00
3.339999999999999870e-04 -4.331336160000000149e+07 0.000000000000000000e+00 0.000000000000000000e+00
3.344999999999999992e-04 -5.221704739999999851e+07 0.000000000000000000e+00 0.000000000000000000e+00
3.350000000000000113e-04 -6.040827460000000149e+07 0.000000000000000000e+00 0.000000000000000000e+00
3.355000000000000235e-04 -6.787955170000000298e+07 0.000000000000000000e+00 0.000000000000000000e+00
3.359999999999999814e-04 -7.462751209999999404e+07 0.000000000000000000e+00 0.000000000000000000e+00
3.364999999999999936e-04 -8.065272690000000596e+07 0.000000000000000000e+00 0.000000000000000000e+00
3.370000000000000057e-04 -8.595950809999999404e+07 0.000000000000000000e+00 0.000000000000000000e+00
3.375000000000000179e-04 -9.055570050000000000e+07 0.000000000000000000e+00 0.000000000000000000e+00
3.379999999999999758e-04 -9.445246679999999702e+07 0.000000000000000000e+00 0.000000000000000000e+00
3.384999999999999880e-04 -9.766406470000000298e+07 0.000000000000000000e+00 0.000000000000000000e+00
3.390000000000000001e-04 -1.002076200000000000e+08 0.000000000000000000e+00 0.000000000000000000e+00
3.395000000000000123e-04 -1.021028950000000000e+08 0.000000000000000000e+00 0.000000000000000000e+00
3.400000000000000244e-04 -1.033720570000000000e+08 0.000000000000000000e+00 0.000000000000000000e+00
3.404999999999999824e-04 -1.040394400000000000e+08 0.000000000000000000e+00 0.000000000000000000e+00
3.409999999999999945e-04 -1.041313150000000000e+08 0.000000000000000000e+00 0.000000000000000000e+00
3.415000000000000067e-04 -1.036756530000000000e+08 0.000000000000000000e+00 0.000000000000000000e+00
3.420000000000000188e-04 -1.027019000000000000e+08 0.000000000000000000e+00 0.000000000000000000e+00
3.424999999999999768e-04 -1.012407460000000000e+08 0.000000000000000000e+00 0.000000000000000000e+00
3.429999999999999889e-04 -9.932390559999999404e+07 0.000000000000000000e+00 0.000000000000000000e+00
3.435000000000000011e-04 -9.698390250000000000e+07 0.000000000000000000e+00 0.000000000000000000e+00
3.440000000000000132e-04 -9.425385850000000000e+07 0.000000000000000000e+00 0.000000000000000000e+00
3.445000000000000254e-04 -9.116729179999999702e+07 0.000000000000000000e+00 0.000000000000000000e+00
3.449999999999999833e-04 -8.775792279999999702e+07 0.000000000000000000e+00 0.000000000000000000e+00
3.454999999999999955e-04 -8.405948809999999404e+07 0.000000000000000000e+00 0.000000000000000000e+00
3.460000000000000076e-04 -8.010556390000000596e+07 0.000000000000000000e+00 0.000000000000000000e+00
3.465000000000000198e-04 -7.592939850000000000e+07 0.000000000000000000e+00 0.000000000000000000e+00
3.469999999999999777e-04 -7.156375559999999404e+07 0.000000000000000000e+00 0.000000000000000000e+00
3.474999999999999899e-04 -6.704076710000000149e+07 0.000000000000000000e+00 0.000000000000000000e+00
3.480000000000000020e-04 -6.239179679999999702e+07 0.000000000000000000e+00 0.000000000000000000e+00
3.485000000000000142e-04 -5.764731520000000298e+07 0.000000000000000000e+00 0.000000000000000000e+00
3.490000000000000263e-04 -5.283678410000000149e+07 0.000000000000000000e+00 0.000000000000000000e+00
3.494999999999999843e-04 -4.798855339999999851e+07 0.000000000000000000e+00 0.000000000000000000e+00
3.499999999999999964e-04 -4.312976810000000149e+07 0.000000000000000000e+00 0.000000000000000000e+00
3.505000000000000086e-04 -3.828628600000000000e+07 0.000000000000000000e+00 0.000000000000000000e+00
3.510000000000000208e-04 -3.348260719999999925e+07 0.000000000000000000e+00 0.000000000000000000e+00
3.514999999999999787e-04 -2.874181260000000149e+07 0.000000000000000000e+00 0.000000000000000000e+00
3.519999999999999908e-04 -2.408551439999999851e+07 0.000000000000000000e+00 0.000000000000000000e+00
3.525000000000000030e-04 -1.953381569999999925e+07 0.000000000000000000e+00 0.000000000000000000e+00
3.530000000000000152e-04 -1.510528030000000075e+07 0.000000000000000000e+00 0.000000000000000000e+00
3.534999999999999731e-04 -1.081691200000000000e+07 0.000000000000000000e+00 0.000000000000000000e+00
3.539999999999999853e-04 -6.684143080000000075e+06 0.000000000000000000e+00 0.000000000000000000e+00
3.544999999999999974e-04 -2.720831580000000075e+06 0.000000000000000000e+00 0.000000000000000000e+00
3.550000000000000096e-04 1.060733250000000000e+06 0.000000000000000000e+00 0.000000000000000000e+00
3.555000000000000217e-04 4.649817400000000373e+06 0.000000000000000000e+00 0.000000000000000000e+00
3.559999999999999797e-04 8.037221230000000447e+06 0.000000000000000000e+00 0.000000000000000000e+00
3.564999999999999918e-04 1.121525159999999963e+07 0.000000000000000000e+00 0.000000000000000000e+00
3.570000000000000040e-04 1.417768730000000075e+07 0.000000000000000000e+00 0.000000000000000000e+00
3.575000000000000161e-04 1.691973919999999925e+07 0.000000000000000000e+00 0.000000000000000000e+00
3.579999999999999741e-04 1.943800389999999851e+07 0.000000000000000000e+00 0.000000000000000000e+00
3.584999999999999862e-04 2.173041319999999925e+07 0.000000000000000000e+00 0.000000000000000000e+00
3.589999999999999984e-04 2.379617900000000000e+07 0.000000000000000000e+00 0.000000000000000000e+00
3.595000000000000105e-04 2.563573389999999851e+07 0.000000000000000000e+00 0.000000000000000000e+00
3.600000000000000227e-04 2.725066880000000075e+07 0.000000000000000000e+00 0.000000000000000000e+00
3.604999999999999806e-04 2.864366700000000000e+07 0.000000000000000000e+00 0.000000000000000000e+00
3.609999999999999928e-04 2.981843669999999925e+07 0.000000000000000000e+00 0.000000000000000000e+00
3.615000000000000049e-04 3.077964060000000149e+07 0.000000000000000000e+00 0.000000000000000000e+00
3.620000000000000171e-04 3.153282450000000000e+07 0.000000000000000000e+00 0.000000000000000000e+00
3.624999999999999750e-04 3.208434489999999851e+07 0.000000000000000000e+00 0.000000000000000000e+00
3.629999999999999872e-04 3.244129550000000000e+07 0.000000000000000000e+00 0.000000000000000000e+00
3.634999999999999993e-04 3.261143389999999851e+07 0.000000000000000000e+00 0.000000000000000000e+00
3.640000000000000115e-04 3.260310839999999851e+07 0.000000000000000000e+00 0.000000000000000000e+00
3.645000000000000236e-04 3.242518519999999925e+07 0.000000000000000000e+00 0.000000000000000000e+00
3.649999999999999816e-04 3.208697639999999851e+07 0.000000000000000000e+00 0.000000000000000000e+00
3.654999999999999937e-04 3.159816960000000149e+07 0.000000000000000000e+00 0.000000000000000000e+00
3.660000000000000059e-04 3.096875900000000000e+07 0.000000000000000000e+00 0.000000000000000000e+00
3.665000000000000180e-04 3.020897760000000149e+07 0.000000000000000000e+00 0.000000000000000000e+00
3.669999999999999760e-04 2.932923239999999851e+07 0.000000000000000000e+00 0.000000000000000000e+00
3.674999999999999881e-04 2.834004150000000000e+07 0.000000000000000000e+00 0.000000000000000000e+00
3.680000000000000003e-04 2.725197380000000075e+07 0.000000000000000000e+00 0.000000000000000000e+00
3.685000000000000124e-04 2.607559119999999925e+07 0.000000000000000000e+00 0.000000000000000000e+00
3.690000000000000246e-04 2.482139400000000000e+07 0.000000000000000000e+00 0.000000000000000000e+00
3.694999999999999825e-04 2.349976910000000149e+07 0.000000000000000000e+00 0.000000000000000000e+00
3.699999999999999947e-04 2.212094160000000149e+07 0.000000000000000000e+00 0.000000000000000000e+00
3.705000000000000068e-04 2.069492930000000075e+07 0.000000000000000000e+00 0.000000000000000000e+00
3.710000000000000190e-04 1.923150089999999851e+07 0.000000000000000000e+00 0.000000000000000000e+00
3.714999999999999769e-04 1.774013719999999925e+07 0.000000000000000000e+00 0.000000000000000000e+00
3.719999999999999891e-04 1.622999600000000000e+07 0.000000000000000000e+00 0.000000000000000000e+00
3.725000000000000012e-04 1.470988009999999963e+07 0.000000000000000000e+00 0.000000000000000000e+00
3.730000000000000134e-04 1.318820950000000000e+07 0.000000000000000000e+00 0.000000000000000000e+00
3.735000000000000256e-04 1.167299569999999925e+07 0.000000000000000000e+00 0.000000000000000000e+00
3.739999999999999835e-04 1.017182059999999963e+07 0.000000000000000000e+00 0.000000000000000000e+00
3.744999999999999957e-04 8.691818130000000820e+06 0.000000000000000000e+00 0.000000000000000000e+00
3.750000000000000078e-04 7.239659030000000261e+06 0.000000000000000000e+00 0.000000000000000000e+00
3.755000000000000200e-04 5.821539110000000335e+06 0.000000000000000000e+00 0.000000000000000000e+00
3.759999999999999779e-04 4.443170379999999888e+06 0.000000000000000000e+00 0.000000000000000000e+00
3.764999999999999901e-04 3.109775180000000168e+06 0.000000000000000000e+00 0.000000000000000000e+00
3.770000000000000022e-04 1.826083159999999916e+06 0.000000000000000000e+00 0.000000000000000000e+00
3.775000000000000144e-04 5.963309710000000196e+05 0.000000000000000000e+00 0.000000000000000000e+00
3.780000000000000265e-04 -5.757354540000000270e+05 0.000000000000000000e+00 0.000000000000000000e+00
3.784999999999999845e-04 -1.686856169999999925e+06 0.000000000000000000e+00 0.000000000000000000e+00
3.789999999999999966e-04 -2.734250209999999963e+06 0.000000000000000000e+00 0.000000000000000000e+00
3.795000000000000088e-04 -3.715606379999999888e+06 0.000000000000000000e+00 0.000000000000000000e+00
3.800000000000000209e-04 -4.629072099999999627e+06 0.000000000000000000e+00 0.000000000000000000e+00
3.804999999999999789e-04 -5.473240400000000373e+06 0.000000000000000000e+00 0.000000000000000000e+00
3.809999999999999910e-04 -6.247135209999999963e+06 0.000000000000000000e+00 0.000000000000000000e+00
3.815000000000000032e-04 -6.950195160000000149e+06 0.000000000000000000e+00 0.000000000000000000e+00
3.820000000000000153e-04 -7.582256000000000000e+06 0.000000000000000000e+00 0.000000000000000000e+00
3.824999999999999733e-04 -8.143531830000000075e+06 0.000000000000000000e+00 0.000000000000000000e+00
3.829999999999999854e-04 -8.634595279999999329e+06 0.000000000000000000e+00 0.000000000000000000e+00
3.834999999999999976e-04 -9.056356769999999553e+06 0.000000000000000000e+00 0.000000000000000000e+00
3.840000000000000097e-04 -9.410043130000000820e+06 0.000000000000000000e+00 0.000000000000000000e+00
3.845000000000000219e-04 -9.697175470000000671e+06 0.000000000000000000e+00 0.000000000000000000e+00
3.849999999999999798e-04 -9.919546769999999553e+06 0.000000000000000000e+00 0.000000000000000000e+00
3.854999999999999920e-04 -1.007919909999999963e+07 0.000000000000000000e+00 0.000000000000000000e+00
3.860000000000000041e-04 -1.017840050000000000e+07 0.000000000000000000e+00 0.000000000000000000e+00
3.865000000000000163e-04 -1.021962230000000075e+07 0.000000000000000000e+00 0.000000000000000000e+00
3.869999999999999742e-04 -1.020551590000000037e+07 0.000000000000000000e+00 0.000000000000000000e+00
3.874999999999999864e-04 -1.013889009999999963e+07 0.000000000000000000e+00 0.000000000000000000e+00
3.879999999999999985e-04 -1.002268859999999963e+07 0.000000000000000000e+00 0.000000000000000000e+00
3.885000000000000107e-04 -9.859968390000000596e+06 0.000000000000000000e+00 0.000000000000000000e+00
3.890000000000000228e-04 -9.653877630000000820e+06 0.000000000000000000e+00 0.000000000000000000e+00
3.894999999999999808e-04 -9.407635119999999180e+06 0.000000000000000000e+00 0.000000000000000000e+00
3.899999999999999929e-04 -9.124509880000000820e+06 0.000000000000000000e+00 0.000000000000000000e+00
3.905000000000000051e-04 -8.807801630000000820e+06 0.000000000000000000e+00 0.000000000000000000e+00
3.910000000000000172e-04 -8.460822109999999404e+06 0.000000000000000000e+00 0.000000000000000000e+00
3.914999999999999752e-04 -8.086877169999999925e+06 0.000000000000000000e+00 0.000000000000000000e+00
3.919999999999999873e-04 -7.689249839999999851e+06 0.000000000000000000e+00 0.000000000000000000e+00
3.924999999999999995e-04 -7.271184339999999851e+06 0.000000000000000000e+00 0.000000000000000000e+00
3.930000000000000117e-04 -6.835871080000000075e+06 0.000000000000000000e+00 0.000000000000000000e+00
3.935000000000000238e-04 -6.386432690000000410e+06 0.000000000000000000e+00 0.000000000000000000e+00
3.939999999999999817e-04 -5.925911080000000075e+06 0.000000000000000000e+00 0.000000000000000000e+00
3.944999999999999939e-04 -5.457255549999999814e+06 0.000000000000000000e+00 0.000000000000000000e+00
3.950000000000000061e-04 -4.983312049999999814e+06 0.000000000000000000e+00 0.000000000000000000e+00
3.955000000000000182e-04 -4.506813379999999888e+06 0.000000000000000000e+00 0.000000000000000000e+00
3.959999999999999762e-04 -4.030370560000000056e+06 0.000000000000000000e+00 0.000000000000000000e+00
3.964999999999999883e-04 -3.556465259999999776e+06 0.000000000000000000e+00 0.000000000000000000e+00
3.970000000000000005e-04 -3.087443200000000186e+06 0.000000000000000000e+00 0.000000000000000000e+00
3.975000000000000126e-04 -2.625508709999999963e+06 0.000000000000000000e+00 0.000000000000000000e+00
3.980000000000000248e-04 -2.172720149999999907e+06 0.000000000000000000e+00 0.000000000000000000e+00
3.984999999999999827e-04 -1.730986449999999953e+06 0.000000000000000000e+00 0.000000000000000000e+00
3.989999999999999949e-04 -1.302064510000000009e+06 0.000000000000000000e+00 0.000000000000000000e+00
3.995000000000000070e-04 -8.875575840000000317e+05 0.000000000000000000e+00 0.000000000000000000e+00
4.000000000000000192e-04 -4.889144820000000182e+05 0.000000000000000000e+00 0.000000000000000000e+00
4.004999999999999771e-04 -1.074296729999999952e+05 0.000000000000000000e+00 0.000000000000000000e+00
4.009999999999999893e-04 2.557558390000000072e+05 0.000000000000000000e+00 0.000000000000000000e+00
4.015000000000000014e-04 5.996528839999999618e+05 0.000000000000000000e+00 0.000000000000000000e+00
4.020000000000000136e-04 9.234217700000000186e+05 0.000000000000000000e+00 0.000000000000000000e+00
4.025000000000000257e-04 1.226369280000000028e+06 0.000000000000000000e+00 0.000000000000000000e+00
4.029999999999999837e-04 1.507945030000000028e+06 0.000000000000000000e+00 0.000000000000000000e+00
4.034999999999999958e-04 1.767737300000000047e+06 0.000000000000000000e+00 0.000000000000000000e+00
4.040000000000000080e-04 2.005468320000000065e+06 0.000000000000000000e+00 0.000000000000000000e+00
4.045000000000000201e-04 2.220989069999999832e+06 0.000000000000000000e+00 0.000000000000000000e+00
4.049999999999999781e-04 2.414273729999999981e+06 0.000000000000000000e+00 0.000000000000000000e+00
4.054999999999999902e-04 2.585413700000000186e+06 0.000000000000000000e+00 0.000000000000000000e+00
4.060000000000000024e-04 2.734611339999999851e+06 0.000000000000000000e+00 0.000000000000000000e+00
4.065000000000000145e-04 2.862173419999999925e+06 0.000000000000000000e+00 0.000000000000000000e+00
4.070000000000000267e-04 2.968504359999999870e+06 0.000000000000000000e+00 0.000000000000000000e+00
4.074999999999999846e-04 3.054099310000000056e+06 0.000000000000000000e+00 0.000000000000000000e+00
4.079999999999999968e-04 3.119537049999999814e+06 0.000000000000000000e+00 0.000000000000000000e+00
4.085000000000000089e-04 3.165472870000000112e+06 0.000000000000000000e+00 0.000000000000000000e+00
4.090000000000000211e-04 3.192631359999999870e+06 0.000000000000000000e+00 0.000000000000000000e+00
4.094999999999999790e-04 3.201799189999999944e+06 0.000000000000000000e+00 0.000000000000000000e+00
4.099999999999999912e-04 3.193817970000000205e+06 0.000000000000000000e+00 0.000000000000000000e+00
4.105000000000000033e-04 3.169577109999999870e+06 0.000000000000000000e+00 0.000000000000000000e+00
4.110000000000000155e-04 3.130006839999999851e+06 0.000000000000000000e+00 0.000000000000000000e+00
4.114999999999999734e-04 3.076071350000000093e+06 0.000000000000000000e+00 0.000000000000000000e+00
4.119999999999999856e-04 3.008762049999999814e+06 0.000000000000000000e+00 0.000000000000000000e+00
4.124999999999999977e-04 2.929091100000000093e+06 0.000000000000000000e+00 0.000000000000000000e+00
4.130000000000000099e-04 2.838085060000000056e+06 0.000000000000000000e+00 0.000000000000000000e+00
4.135000000000000221e-04 2.736778859999999870e+06 0.000000000000000000e+00 0.000000000000000000e+00
4.139999999999999800e-04 2.626209970000000205e+06 0.000000000000000000e+00 0.000000000000000000e+00
4.144999999999999921e-04 2.507412879999999888e+06 0.000000000000000000e+00 0.000000000000000000e+00
4.150000000000000043e-04 2.381413819999999832e+06 0.000000000000000000e+00 0.000000000000000000e+00
4.155000000000000165e-04 2.249225879999999888e+06 0.000000000000000000e+00 0.000000000000000000e+00
4.159999999999999744e-04 2.111844299999999814e+06 0.000000000000000000e+00 0.000000000000000000e+00
4.164999999999999866e-04 1.970242219999999972e+06 0.000000000000000000e+00 0.000000000000000000e+00
4.169999999999999987e-04 1.825366679999999935e+06 0.000000000000000000e+00 0.000000000000000000e+00
4.175000000000000109e-04 1.678134959999999963e+06 0.000000000000000000e+00 0.000000000000000000e+00
4.180000000000000230e-04 1.529431280000000028e+06 0.000000000000000000e+00 0.000000000000000000e+00
4.184999999999999810e-04 1.380103840000000084e+06 0.000000000000000000e+00 0.000000000000000000e+00
4.189999999999999931e-04 1.230962139999999898e+06 0.000000000000000000e+00 0.000000000000000000e+00
4.195000000000000053e-04 1.082774699999999953e+06 0.000000000000000000e+00 0.000000000000000000e+00
4.200000000000000174e-04 9.362670690000000177e+05 0.000000000000000000e+00 0.000000000000000000e+00
4.204999999999999754e-04 7.921201670000000158e+05 0.000000000000000000e+00 0.000000000000000000e+00
4.209999999999999875e-04 6.509689440000000177e+05 0.000000000000000000e+00 0.000000000000000000e+00
4.214999999999999997e-04 5.134013360000000102e+05 0.000000000000000000e+00 0.000000000000000000e+00
4.220000000000000118e-04 3.799575289999999804e+05 0.000000000000000000e+00 0.000000000000000000e+00
4.225000000000000240e-04 2.511294979999999923e+05 0.000000000000000000e+00 0.000000000000000000e+00
4.229999999999999819e-04 1.273608279999999941e+05 0.000000000000000000e+00 0.000000000000000000e+00
4.234999999999999941e-04 9.046794180000000779e+03 0.000000000000000000e+00 0.000000000000000000e+00
4.240000000000000062e-04 -1.034653160000000062e+05 0.000000000000000000e+00 0.000000000000000000e+00
4.245000000000000184e-04 -2.098756369999999879e+05 0.000000000000000000e+00 0.000000000000000000e+00
4.249999999999999763e-04 -3.099309440000000177e+05 0.000000000000000000e+00 0.000000000000000000e+00
4.254999999999999885e-04 -4.034236720000000205e+05 0.000000000000000000e+00 0.000000000000000000e+00
4.260000000000000006e-04 -4.901907349999999860e+05 0.000000000000000000e+00 0.000000000000000000e+00
4.265000000000000128e-04 -5.701121829999999609e+05 0.000000000000000000e+00 0.000000000000000000e+00
4.270000000000000249e-04 -6.431096920000000391e+05 0.000000000000000000e+00 0.000000000000000000e+00
4.274999999999999829e-04 -7.091449139999999898e+05 0.000000000000000000e+00 0.000000000000000000e+00
4.279999999999999950e-04 -7.682177020000000484e+05 0.000000000000000000e+00 0.000000000000000000e+00
4.285000000000000072e-04 -8.203642240000000456e+05 0.000000000000000000e+00 0.000000000000000000e+00
4.290000000000000193e-04 -8.656549740000000456e+05 0.000000000000000000e+00 0.000000000000000000e+00
4.294999999999999773e-04 -9.041927140000000363e+05 0.000000000000000000e+00 0.000000000000000000e+00
4.299999999999999894e-04 -9.361103349999999627e+05 0.000000000000000000e+00 0.000000000000000000e+00
4.305000000000000016e-04 -9.615686829999999609e+05 0.000000000000000000e+00 0.000000000000000000e+00
4.310000000000000137e-04 -9.807543310000000056e+05 0.000000000000000000e+00 0.000000000000000000e+00
4.315000000000000259e-04 -9.938773410000000149e+05 0.000000000000000000e+00 0.000000000000000000e+00
4.319999999999999838e-04 -1.001169000000000000e+06 0.000000000000000000e+00 0.000000000000000000e+00
4.324999999999999960e-04 -1.002879569999999949e+06 0.000000000000000000e+00 0.000000000000000000e+00
4.330000000000000081e-04 -9.992760520000000251e+05 0.000000000000000000e+00 0.000000000000000000e+00
4.335000000000000203e-04 -9.906399379999999655e+05 0.000000000000000000e+00 0.000000000000000000e+00
4.339999999999999782e-04 -9.772650640000000130e+05 0.000000000000000000e+00 0.000000000000000000e+00
4.344999999999999904e-04 -9.594554420000000391e+05 0.000000000000000000e+00 0.000000000000000000e+00
4.350000000000000026e-04 -9.375231820000000298e+05 0.000000000000000000e+00 0.000000000000000000e+00
4.355000000000000147e-04 -9.117864620000000577e+05 0.000000000000000000e+00 0.000000000000000000e+00
4.360000000000000269e-04 -8.825675659999999916e+05 0.000000000000000000e+00 0.000000000000000000e+00
4.364999999999999848e-04 -8.501910069999999832e+05 0.000000000000000000e+00 0.000000000000000000e+00
4.369999999999999970e-04 -8.149817169999999460e+05 0.000000000000000000e+00 0.000000000000000000e+00
4.375000000000000091e-04 -7.772633379999999888e+05 0.000000000000000000e+00 0.000000000000000000e+00
4.380000000000000213e-04 -7.373565940000000410e+05 0.000000000000000000e+00 0.000000000000000000e+00
4.384999999999999792e-04 -6.955777669999999925e+05 0.000000000000000000e+00 0.000000000000000000e+00
4.389999999999999914e-04 -6.522372630000000354e+05 0.000000000000000000e+00 0.000000000000000000e+00
4.395000000000000035e-04 -6.076382859999999637e+05 0.000000000000000000e+00 0.000000000000000000e+00
4.400000000000000157e-04 -5.620756130000000121e+05 0.000000000000000000e+00 0.000000000000000000e+00
4.404999999999999736e-04 -5.158344749999999767e+05 0.000000000000000000e+00 0.000000000000000000e+00
4.409999999999999858e-04 -4.691895370000000112e+05 0.000000000000000000e+00 0.000000000000000000e+00
4.414999999999999979e-04 -4.224039920000000275e+05 0.000000000000000000e+00 0.000000000000000000e+00
4.420000000000000101e-04 -3.757287559999999939e+05 0.000000000000000000e+00 0.000000000000000000e+00
4.425000000000000222e-04 -3.294017640000000247e+05 0.000000000000000000e+00 0.000000000000000000e+00
4.429999999999999802e-04 -2.836473730000000214e+05 0.000000000000000000e+00 0.000000000000000000e+00
4.434999999999999923e-04 -2.386758610000000044e+05 0.000000000000000000e+00 0.000000000000000000e+00
4.440000000000000045e-04 -1.946830309999999881e+05 0.000000000000000000e+00 0.000000000000000000e+00
4.445000000000000166e-04 -1.518498990000000049e+05 0.000000000000000000e+00 0.000000000000000000e+00
4.449999999999999746e-04 -1.103424890000000014e+05 0.000000000000000000e+00 0.000000000000000000e+00
4.454999999999999867e-04 -7.031170020000000659e+04 0.000000000000000000e+00 0.000000000000000000e+00
4.459999999999999989e-04 -3.189327520000000004e+04 0.000000000000000000e+00 0.000000000000000000e+00
4.465000000000000110e-04 4.792163609999999608e+03 0.000000000000000000e+00 0.000000000000000000e+00
4.470000000000000232e-04 3.963899319999999716e+04 0.000000000000000000e+00 0.000000000000000000e+00
4.474999999999999811e-04 7.255639969999999448e+04 0.000000000000000000e+00 0.000000000000000000e+00
4.479999999999999933e-04 1.034681199999999953e+05 0.000000000000000000e+00 0.000000000000000000e+00
4.485000000000000054e-04 1.323121199999999953e+05 0.000000000000000000e+00 0.000000000000000000e+00
4.490000000000000176e-04 1.590402129999999888e+05 0.000000000000000000e+00 0.000000000000000000e+00
4.494999999999999755e-04 1.836176309999999939e+05 0.000000000000000000e+00 0.000000000000000000e+00
4.499999999999999877e-04 2.060225370000000112e+05 0.000000000000000000e+00 0.000000000000000000e+00
4.504999999999999998e-04 2.262455020000000077e+05 0.000000000000000000e+00 0.000000000000000000e+00
4.510000000000000120e-04 2.442889439999999886e+05 0.000000000000000000e+00 0.000000000000000000e+00
4.515000000000000241e-04 2.601665219999999972e+05 0.000000000000000000e+00 0.000000000000000000e+00
4.519999999999999821e-04 2.739025179999999818e+05 0.000000000000000000e+00 0.000000000000000000e+00
4.524999999999999942e-04 2.855311780000000144e+05 0.000000000000000000e+00 0.000000000000000000e+00
4.530000000000000064e-04 2.950960449999999837e+05 0.000000000000000000e+00 0.000000000000000000e+00
4.535000000000000185e-04 3.026492710000000079e+05 0.000000000000000000e+00 0.000000000000000000e+00
4.539999999999999765e-04 3.082509189999999944e+05 0.000000000000000000e+00 0.000000000000000000e+00
4.544999999999999886e-04 3.119682590000000200e+05 0.000000000000000000e+00 0.000000000000000000e+00
4.550000000000000008e-04 3.138750619999999763e+05 0.000000000000000000e+00 0.000000000000000000e+00
4.555000000000000130e-04 3.140508929999999818e+05 0.000000000000000000e+00 0.000000000000000000e+00
4.560000000000000251e-04 3.125804079999999958e+05 0.000000000000000000e+00 0.000000000000000000e+00
4.564999999999999830e-04 3.095526660000000265e+05 0.000000000000000000e+00 0.000000000000000000e+00
4.569999999999999952e-04 3.050604390000000130e+05 0.000000000000000000e+00 0.000000000000000000e+00
4.575000000000000074e-04 2.991995530000000144e+05 0.000000000000000000e+00 0.000000000000000000e+00
4.580000000000000195e-04 2.920682320000000182e+05 0.000000000000000000e+00 0.000000000000000000e+00
4.584999999999999775e-04 2.837664679999999935e+05 0.000000000000000000e+00 0.000000000000000000e+00
4.589999999999999896e-04 2.743954160000000265e+05 0.000000000000000000e+00 0.000000000000000000e+00
4.595000000000000018e-04 2.640568020000000251e+05 0.000000000000000000e+00 0.000000000000000000e+00
4.600000000000000139e-04 2.528523710000000137e+05 0.000000000000000000e+00 0.000000000000000000e+00
4.605000000000000261e-04 2.408833520000000135e+05 0.000000000000000000e+00 0.000000000000000000e+00
4.609999999999999840e-04 2.282499569999999949e+05 0.000000000000000000e+00 0.000000000000000000e+00
4.614999999999999962e-04 2.150509079999999958e+05 0.000000000000000000e+00 0.000000000000000000e+00
4.620000000000000083e-04 2.013829940000000061e+05 0.000000000000000000e+00 0.000000000000000000e+00
4.625000000000000205e-04 1.873406680000000051e+05 0.000000000000000000e+00 0.000000000000000000e+00
4.629999999999999784e-04 1.730156630000000005e+05 0.000000000000000000e+00 0.000000000000000000e+00
4.634999999999999906e-04 1.584966520000000019e+05 0.000000000000000000e+00 0.000000000000000000e+00
4.640000000000000027e-04 1.438689349999999977e+05 0.000000000000000000e+00 0.000000000000000000e+00
4.645000000000000149e-04 1.292141619999999966e+05 0.000000000000000000e+00 0.000000000000000000e+00
4.650000000000000270e-04 1.146100899999999965e+05 0.000000000000000000e+00 0.000000000000000000e+00
4.654999999999999850e-04 1.001303640000000014e+05 0.000000000000000000e+00 0.000000000000000000e+00
4.659999999999999971e-04 8.584434279999999853e+04 0.000000000000000000e+00 0.000000000000000000e+00
4.665000000000000093e-04 7.181694359999999870e+04 0.000000000000000000e+00 0.000000000000000000e+00
4.670000000000000214e-04 5.810852739999999903e+04 0.000000000000000000e+00 0.000000000000000000e+00
4.674999999999999794e-04 4.477480739999999787e+04 0.000000000000000000e+00 0.000000000000000000e+00
4.679999999999999915e-04 3.186678859999999986e+04 0.000000000000000000e+00 0.000000000000000000e+00
4.685000000000000037e-04 1.943073449999999866e+04 0.000000000000000000e+00 0.000000000000000000e+00
4.690000000000000158e-04 7.508160560000000260e+03 0.000000000000000000e+00 0.000000000000000000e+00
4.694999999999999738e-04 -3.864147689999999784e+03 0.000000000000000000e+00 0.000000000000000000e+00
4.699999999999999859e-04 -1.465409280000000035e+04 0.000000000000000000e+00 0.000000000000000000e+00
4.704999999999999981e-04 -2.483420060000000012e+04 0.000000000000000000e+00 0.000000000000000000e+00
4.710000000000000102e-04 -3.438153560000000289e+04 0.000000000000000000e+00 0.000000000000000000e+00
4.715000000000000224e-04 -4.327759539999999834e+04 0.000000000000000000e+00 0.000000000000000000e+00
4.719999999999999803e-04 -5.150818839999999909e+04 0.000000000000000000e+00 0.000000000000000000e+00
4.724999999999999925e-04 -5.906329499999999825e+04 0.000000000000000000e+00 0.000000000000000000e+00
4.730000000000000046e-04 -6.593691289999999572e+04 0.000000000000000000e+00 0.000000000000000000e+00
4.735000000000000168e-04 -7.212689040000000386e+04 0.000000000000000000e+00 0.000000000000000000e+00
4.739999999999999747e-04 -7.763474689999999828e+04 0.000000000000000000e+00 0.000000000000000000e+00
4.744999999999999869e-04 -8.246548380000000179e+04 0.000000000000000000e+00 0.000000000000000000e+00
4.749999999999999990e-04 -8.662738580000000366e+04 0.000000000000000000e+00 0.000000000000000000e+00
4.755000000000000112e-04 -9.013181590000000142e+04 0.000000000000000000e+00 0.000000000000000000e+00
4.760000000000000234e-04 -9.299300370000000112e+04 0.000000000000000000e+00 0.000000000000000000e+00
4.764999999999999813e-04 -9.522782950000000710e+04 0.000000000000000000e+00 0.000000000000000000e+00
4.769999999999999934e-04 -9.685560529999999562e+04 0.000000000000000000e+00 0.000000000000000000e+00
4.775000000000000056e-04 -9.789785370000000694e+04 0.000000000000000000e+00 0.000000000000000000e+00
4.780000000000000178e-04 -9.837808680000000459e+04 0.000000000000000000e+00 0.000000000000000000e+00
4.784999999999999757e-04 -9.832158470000000671e+04 0.000000000000000000e+00 0.000000000000000000e+00
4.789999999999999879e-04 -9.775517660000000615e+04 0.000000000000000000e+00 0.000000000000000000e+00
4.795000000000000000e-04 -9.670702439999999478e+04 0.000000000000000000e+00 0.000000000000000000e+00
4.800000000000000122e-04 -9.520640970000000380e+04 0.000000000000000000e+00 0.000000000000000000e+00
4.805000000000000243e-04 -9.328352589999999327e+04 0.000000000000000000e+00 0.000000000000000000e+00
4.809999999999999823e-04 -9.096927559999999357e+04 0.000000000000000000e+00 0.000000000000000000e+00
4.814999999999999944e-04 -8.829507450000000244e+04 0.000000000000000000e+00 0.000000000000000000e+00
4.820000000000000066e-04 -8.529266220000000612e+04 0.000000000000000000e+00 0.000000000000000000e+00
4.825000000000000187e-04 -8.199392059999999765e+04 0.000000000000000000e+00 0.000000000000000000e+00
4.829999999999999767e-04 -7.843070080000000598e+04 0.000000000000000000e+00 0.000000000000000000e+00
4.834999999999999888e-04 -7.463465810000000056e+04 0.000000000000000000e+00 0.000000000000000000e+00
4.840000000000000010e-04 -7.063709709999999905e+04 0.000000000000000000e+00 0.000000000000000000e+00
4.845000000000000131e-04 -6.646882580000000598e+04 0.000000000000000000e+00 0.000000000000000000e+00
4.850000000000000253e-04 -6.216001890000000276e+04 0.000000000000000000e+00 0.000000000000000000e+00
4.854999999999999832e-04 -5.774009260000000359e+04 0.000000000000000000e+00 0.000000000000000000e+00
4.859999999999999954e-04 -5.323758800000000338e+04 0.000000000000000000e+00 0.000000000000000000e+00
4.865000000000000075e-04 -4.868006579999999667e+04 0.000000000000000000e+00 0.000000000000000000e+00
4.870000000000000197e-04 -4.409401129999999830e+04 0.000000000000000000e+00 0.000000000000000000e+00
4.874999999999999776e-04 -3.950474910000000091e+04 0.000000000000000000e+00 0.000000000000000000e+00
4.879999999999999898e-04 -3.493636839999999938e+04 0.000000000000000000e+00 0.000000000000000000e+00
4.885000000000000019e-04 -3.041165899999999965e+04 0.000000000000000000e+00 0.000000000000000000e+00
4.889999999999999599e-04 -2.595205589999999938e+04 0.000000000000000000e+00 0.000000000000000000e+00
4.895000000000000262e-04 -2.157759509999999864e+04 0.000000000000000000e+00 0.000000000000000000e+00
4.899999999999999842e-04 -1.730687810000000172e+04 0.000000000000000000e+00 0.000000000000000000e+00
4.905000000000000505e-04 -1.315704600000000028e+04 0.000000000000000000e+00 0.000000000000000000e+00
4.910000000000000085e-04 -9.143761699999999109e+03 0.000000000000000000e+00 0.000000000000000000e+00
4.914999999999999664e-04 -5.281202169999999569e+03 0.000000000000000000e+00 0.000000000000000000e+00
4.920000000000000328e-04 -1.582057350000000042e+03 0.000000000000000000e+00 0.000000000000000000e+00
4.924999999999999907e-04 1.942462269999999990e+03 0.000000000000000000e+00 0.000000000000000000e+00
4.929999999999999487e-04 5.282610980000000382e+03 0.000000000000000000e+00 0.000000000000000000e+00
4.935000000000000150e-04 8.430086310000000594e+03 0.000000000000000000e+00 0.000000000000000000e+00
4.939999999999999730e-04 1.137800089999999909e+04 0.000000000000000000e+00 0.000000000000000000e+00
4.945000000000000394e-04 1.412084850000000006e+04 0.000000000000000000e+00 0.000000000000000000e+00
4.949999999999999973e-04 1.665446440000000075e+04 0.000000000000000000e+00 0.000000000000000000e+00
4.954999999999999552e-04 1.897598080000000118e+04 0.000000000000000000e+00 0.000000000000000000e+00
4.960000000000000216e-04 2.108377779999999984e+04 0.000000000000000000e+00 0.000000000000000000e+00
4.964999999999999795e-04 2.297742989999999918e+04 0.000000000000000000e+00 0.000000000000000000e+00
4.970000000000000459e-04 2.465764919999999984e+04 0.000000000000000000e+00 0.000000000000000000e+00
4.975000000000000039e-04 2.612622569999999905e+04 0.000000000000000000e+00 0.000000000000000000e+00
4.979999999999999618e-04 2.738596459999999934e+04 0.000000000000000000e+00 0.000000000000000000e+00
4.985000000000000282e-04 2.844062120000000141e+04 0.000000000000000000e+00 0.000000000000000000e+00
4.989999999999999861e-04 2.929483469999999943e+04 0.000000000000000000e+00 0.000000000000000000e+00
4.995000000000000525e-04 2.995406009999999878e+04 0.000000000000000000e+00 0.000000000000000000e+00
5.000000000000000104e-04 3.042449940000000061e+04 0.000000000000000000e+00 0.000000000000000000e+00
5.004999999999999684e-04 3.071303269999999975e+04 0.000000000000000000e+00 0.000000000000000000e+00
5.010000000000000347e-04 3.082714819999999963e+04 0.000000000000000000e+00 0.000000000000000000e+00
5.014999999999999927e-04 3.077487350000000151e+04 0.000000000000000000e+00 0.000000000000000000e+00
5.019999999999999506e-04 3.056470720000000074e+04 0.000000000000000000e+00 0.000000000000000000e+00
5.025000000000000170e-04 3.020555080000000089e+04 0.000000000000000000e+00 0.000000000000000000e+00
5.029999999999999749e-04 2.970664280000000144e+04 0.000000000000000000e+00 0.000000000000000000e+00
5.035000000000000413e-04 2.907749360000000161e+04 0.000000000000000000e+00 0.000000000000000000e+00
5.039999999999999992e-04 2.832782280000000173e+04 0.000000000000000000e+00 0.000000000000000000e+00
5.044999999999999572e-04 2.746749769999999990e+04 0.000000000000000000e+00 0.000000000000000000e+00
5.050000000000000235e-04 2.650647479999999996e+04 0.000000000000000000e+00 0.000000000000000000e+00
5.054999999999999815e-04 2.545474380000000019e+04 0.000000000000000000e+00 0.000000000000000000e+00
5.060000000000000478e-04 2.432227309999999852e+04 0.000000000000000000e+00 0.000000000000000000e+00
5.065000000000000058e-04 2.311895969999999943e+04 0.000000000000000000e+00 0.000000000000000000e+00
5.069999999999999637e-04 2.185458039999999892e+04 0.000000000000000000e+00 0.000000000000000000e+00
5.075000000000000301e-04 2.053874729999999909e+04 0.000000000000000000e+00 0.000000000000000000e+00
5.079999999999999880e-04 1.918086549999999988e+04 0.000000000000000000e+00 0.000000000000000000e+00
5.084999999999999460e-04 1.779009460000000036e+04 0.000000000000000000e+00 0.000000000000000000e+00
5.090000000000000123e-04 1.637531259999999929e+04 0.000000000000000000e+00 0.000000000000000000e+00
5.094999999999999703e-04 1.494508389999999963e+04 0.000000000000000000e+00 0.000000000000000000e+00
5.100000000000000366e-04 1.350763030000000072e+04 0.000000000000000000e+00 0.000000000000000000e+00
5.104999999999999946e-04 1.207080440000000090e+04 0.000000000000000000e+00 0.000000000000000000e+00
5.109999999999999525e-04 1.064206760000000031e+04 0.000000000000000000e+00 0.000000000000000000e+00
5.115000000000000189e-04 9.228470119999999952e+03 0.000000000000000000e+00 0.000000000000000000e+00
5.119999999999999768e-04 7.836634790000000066e+03 0.000000000000000000e+00 0.000000000000000000e+00
5.125000000000000432e-04 6.472743470000000343e+03 0.000000000000000000e+00 0.000000000000000000e+00
5.130000000000000011e-04 5.142526729999999588e+03 0.000000000000000000e+00 0.000000000000000000e+00
5.134999999999999591e-04 3.851256220000000212e+03 0.000000000000000000e+00 0.000000000000000000e+00
5.140000000000000254e-04 2.603739909999999782e+03 0.000000000000000000e+00 0.000000000000000000e+00
5.144999999999999834e-04 1.404319909999999936e+03 0.000000000000000000e+00 0.000000000000000000e+00
5.150000000000000498e-04 2.568728689999999801e+02 0.000000000000000000e+00 0.000000000000000000e+00
5.155000000000000077e-04 -8.351872270000000071e+02 0.000000000000000000e+00 0.000000000000000000e+00
5.159999999999999656e-04 -1.868903980000000047e+03 0.000000000000000000e+00 0.000000000000000000e+00
5.165000000000000320e-04 -2.841771389999999883e+03 0.000000000000000000e+00 0.000000000000000000e+00
5.169999999999999899e-04 -3.751724630000000161e+03 0.000000000000000000e+00 0.000000000000000000e+00
5.174999999999999479e-04 -4.597129039999999804e+03 0.000000000000000000e+00 0.000000000000000000e+00
5.180000000000000143e-04 -5.376767340000000331e+03 0.000000000000000000e+00 0.000000000000000000e+00
5.184999999999999722e-04 -6.089825389999999970e+03 0.000000000000000000e+00 0.000000000000000000e+00
5.190000000000000386e-04 -6.735876460000000407e+03 0.000000000000000000e+00 0.000000000000000000e+00
5.194999999999999965e-04 -7.314864349999999831e+03 0.000000000000000000e+00 0.000000000000000000e+00
5.199999999999999544e-04 -7.827085320000000138e+03 0.000000000000000000e+00 0.000000000000000000e+00
5.205000000000000208e-04 -8.273169139999999970e+03 0.000000000000000000e+00 0.000000000000000000e+00
5.209999999999999788e-04 -8.654059330000000045e+03 0.000000000000000000e+00 0.000000000000000000e+00
5.215000000000000451e-04 -8.970992729999999938e+03 0.000000000000000000e+00 0.000000000000000000e+00
5.220000000000000031e-04 -9.225478499999999258e+03 0.000000000000000000e+00 0.000000000000000000e+00
5.224999999999999610e-04 -9.419276859999999942e+03 0.000000000000000000e+00 0.000000000000000000e+00
5.230000000000000274e-04 -9.554377449999999953e+03 0.000000000000000000e+00 0.000000000000000000e+00
5.234999999999999853e-04 -9.632977639999999155e+03 0.000000000000000000e+00 0.000000000000000000e+00
5.240000000000000517e-04 -9.657460769999999684e+03 0.000000000000000000e+00 0.000000000000000000e+00
5.245000000000000096e-04 -9.630374560000000201e+03 0.000000000000000000e+00 0.000000000000000000e+00
5.249999999999999676e-04 -9.554409700000000157e+03 0.000000000000000000e+00 0.000000000000000000e+00
5.255000000000000339e-04 -9.432378730000000360e+03 0.000000000000000000e+00 0.000000000000000000e+00
5.259999999999999919e-04 -9.267195330000000467e+03 0.000000000000000000e+00 0.000000000000000000e+00
5.264999999999999498e-04 -9.061854209999999512e+03 0.000000000000000000e+00 0.000000000000000000e+00
5.270000000000000162e-04 -8.819411389999999301e+03 0.000000000000000000e+00 0.000000000000000000e+00
5.274999999999999741e-04 -8.542965280000000348e+03 0.000000000000000000e+00 0.000000000000000000e+00
5.280000000000000405e-04 -8.235638460000000123e+03 0.000000000000000000e+00 0.000000000000000000e+00
5.284999999999999984e-04 -7.900560120000000097e+03 0.000000000000000000e+00 0.000000000000000000e+00
5.289999999999999564e-04 -7.540849489999999605e+03 0.000000000000000000e+00 0.000000000000000000e+00
5.295000000000000227e-04 -7.159600040000000263e+03 0.000000000000000000e+00 0.000000000000000000e+00
5.299999999999999807e-04 -6.759864620000000286e+03 0.000000000000000000e+00 0.000000000000000000e+00
5.305000000000000470e-04 -6.344641529999999875e+03 0.000000000000000000e+00 0.000000000000000000e+00
5.310000000000000050e-04 -5.916861630000000332e+03 0.000000000000000000e+00 0.000000000000000000e+00
5.314999999999999629e-04 -5.479376369999999952e+03 0.000000000000000000e+00 0.000000000000000000e+00
5.320000000000000293e-04 -5.034946799999999712e+03 0.000000000000000000e+00 0.000000000000000000e+00
5.324999999999999872e-04 -4.586233739999999671e+03 0.000000000000000000e+00 0.000000000000000000e+00
5.330000000000000536e-04 -4.135788749999999709e+03 0.000000000000000000e+00 0.000000000000000000e+00
5.335000000000000115e-04 -3.686046310000000176e+03 0.000000000000000000e+00 0.000000000000000000e+00
5.339999999999999695e-04 -3.239316879999999855e+03 0.000000000000000000e+00 0.000000000000000000e+00
5.345000000000000358e-04 -2.797780980000000000e+03 0.000000000000000000e+00 0.000000000000000000e+00
5.349999999999999938e-04 -2.363484260000000177e+03 0.000000000000000000e+00 0.000000000000000000e+00
5.354999999999999517e-04 -1.938333460000000059e+03 0.000000000000000000e+00 0.000000000000000000e+00
5.360000000000000181e-04 -1.524093409999999949e+03 0.000000000000000000e+00 0.000000000000000000e+00
5.364999999999999760e-04 -1.122384769999999889e+03 0.000000000000000000e+00 0.000000000000000000e+00
5.370000000000000424e-04 -7.346827299999999923e+02 0.000000000000000000e+00 0.000000000000000000e+00
5.375000000000000003e-04 -3.623165290000000027e+02 0.000000000000000000e+00 0.000000000000000000e+00
5.379999999999999583e-04 -6.469715429999999934e+00 0.000000000000000000e+00 0.000000000000000000e+00
5.385000000000000247e-04 3.318188119999999799e+02 0.000000000000000000e+00 0.000000000000000000e+00
5.389999999999999826e-04 6.516530749999999443e+02 0.000000000000000000e+00 0.000000000000000000e+00
5.395000000000000490e-04 9.522776159999999663e+02 0.000000000000000000e+00 0.000000000000000000e+00
5.400000000000000069e-04 1.233074499999999944e+03 0.000000000000000000e+00 0.000000000000000000e+00
5.404999999999999648e-04 1.493559719999999970e+03 0.000000000000000000e+00 0.000000000000000000e+00
5.410000000000000312e-04 1.733379130000000032e+03 0.000000000000000000e+00 0.000000000000000000e+00
5.414999999999999892e-04 1.952303850000000011e+03 0.000000000000000000e+00 0.000000000000000000e+00
5.419999999999999471e-04 2.150225260000000162e+03 0.000000000000000000e+00 0.000000000000000000e+00
5.425000000000000135e-04 2.327149629999999888e+03 0.000000000000000000e+00 0.000000000000000000e+00
5.429999999999999714e-04 2.483192430000000058e+03 0.000000000000000000e+00 0.000000000000000000e+00
5.435000000000000378e-04 2.618572290000000066e+03 0.000000000000000000e+00 0.000000000000000000e+00
5.439999999999999957e-04 2.733604780000000119e+03 0.000000000000000000e+00 0.000000000000000000e+00
5.444999999999999537e-04 2.828695990000000165e+03 0.000000000000000000e+00 0.000000000000000000e+00
5.450000000000000200e-04 2.904335900000000038e+03 0.000000000000000000e+00 0.000000000000000000e+00
5.454999999999999780e-04 2.961091690000000199e+03 0.000000000000000000e+00 0.000000000000000000e+00
5.460000000000000443e-04 2.999600989999999911e+03 0.000000000000000000e+00 0.000000000000000000e+00
5.465000000000000023e-04 3.020565039999999954e+03 0.000000000000000000e+00 0.000000000000000000e+00
5.469999999999999602e-04 3.024741910000000189e+03 0.000000000000000000e+00 0.000000000000000000e+00
5.475000000000000266e-04 3.012939739999999802e+03 0.000000000000000000e+00 0.000000000000000000e+00
5.479999999999999845e-04 2.986010009999999966e+03 0.000000000000000000e+00 0.000000000000000000e+00
5.485000000000000509e-04 2.944841019999999844e+03 0.000000000000000000e+00 0.000000000000000000e+00
5.490000000000000088e-04 2.890351389999999810e+03 0.000000000000000000e+00 0.000000000000000000e+00
5.494999999999999668e-04 2.823483790000000226e+03 0.000000000000000000e+00 0.000000000000000000e+00
5.500000000000000331e-04 2.745198840000000018e+03 0.000000000000000000e+00 0.000000000000000000e+00
5.504999999999999911e-04 2.656469189999999799e+03 0.000000000000000000e+00 0.000000000000000000e+00
5.509999999999999490e-04 2.558273869999999988e+03 0.000000000000000000e+00 0.000000000000000000e+00
5.515000000000000154e-04 2.451592889999999898e+03 0.000000000000000000e+00 0.000000000000000000e+00
5.519999999999999733e-04 2.337402039999999943e+03 0.000000000000000000e+00 0.000000000000000000e+00
5.525000000000000397e-04 2.216668040000000019e+03 0.000000000000000000e+00 0.000000000000000000e+00
5.529999999999999976e-04 2.090343930000000000e+03 0.000000000000000000e+00 0.000000000000000000e+00
5.534999999999999556e-04 1.959364780000000110e+03 0.000000000000000000e+00 0.000000000000000000e+00
5.540000000000000219e-04 1.824643720000000030e+03 0.000000000000000000e+00 0.000000000000000000e+00
5.544999999999999799e-04 1.687068250000000035e+03 0.000000000000000000e+00 0.000000000000000000e+00
5.550000000000000462e-04 1.547496869999999944e+03 0.000000000000000000e+00 0.000000000000000000e+00
5.555000000000000042e-04 1.406756039999999985e+03 0.000000000000000000e+00 0.000000000000000000e+00
5.559999999999999621e-04 1.265637469999999894e+03 0.000000000000000000e+00 0.000000000000000000e+00
5.565000000000000285e-04 1.124895710000000008e+03 0.000000000000000000e+00 0.000000000000000000e+00
5.569999999999999864e-04 9.852460300000000188e+02 0.000000000000000000e+00 0.000000000000000000e+00
5.575000000000000528e-04 8.473626369999999497e+02 0.000000000000000000e+00 0.000000000000000000e+00
5.580000000000000107e-04 7.118772109999999884e+02 0.000000000000000000e+00 0.000000000000000000e+00
5.584999999999999687e-04 5.793776930000000220e+02 0.000000000000000000e+00 0.000000000000000000e+00
5.590000000000000351e-04 4.504073900000000208e+02 0.000000000000000000e+00 0.000000000000000000e+00
5.594999999999999930e-04 3.254643439999999828e+02 0.000000000000000000e+00 0.000000000000000000e+00
5.599999999999999509e-04 2.050009780000000035e+02 0.000000000000000000e+00 0.000000000000000000e+00
5.605000000000000173e-04 8.942398640000000398e+01 0.000000000000000000e+00 0.000000000000000000e+00
5.609999999999999752e-04 -2.090552040000000034e+01 0.000000000000000000e+00 0.000000000000000000e+00
5.615000000000000416e-04 -1.256716480000000047e+02 0.000000000000000000e+00 0.000000000000000000e+00
5.619999999999999996e-04 -2.246031299999999931e+02 0.000000000000000000e+00 0.000000000000000000e+00
5.624999999999999575e-04 -3.174725329999999985e+02 0.000000000000000000e+00 0.000000000000000000e+00
5.630000000000000239e-04 -4.040952809999999999e+02 0.000000000000000000e+00 0.000000000000000000e+00
5.634999999999999818e-04 -4.843284939999999779e+02 0.000000000000000000e+00 0.000000000000000000e+00
5.640000000000000482e-04 -5.580696749999999611e+02 0.000000000000000000e+00 0.000000000000000000e+00
5.645000000000000061e-04 -6.252552460000000565e+02 0.000000000000000000e+00 0.000000000000000000e+00
5.649999999999999641e-04 -6.858589590000000271e+02 0.000000000000000000e+00 0.000000000000000000e+00
5.655000000000000304e-04 -7.398901799999999866e+02 0.000000000000000000e+00 0.000000000000000000e+00
5.659999999999999884e-04 -7.873920900000000529e+02 0.000000000000000000e+00 0.000000000000000000e+00
5.664999999999999463e-04 -8.284397770000000492e+02 0.000000000000000000e+00 0.000000000000000000e+00
5.670000000000000127e-04 -8.631382780000000139e+02 0.000000000000000000e+00 0.000000000000000000e+00
5.674999999999999706e-04 -8.916205390000000079e+02 0.000000000000000000e+00 0.000000000000000000e+00
5.680000000000000370e-04 -9.140453549999999723e+02 0.000000000000000000e+00 0.000000000000000000e+00
5.684999999999999949e-04 -9.305952509999999620e+02 0.000000000000000000e+00 0.000000000000000000e+00
5.689999999999999529e-04 -9.414743670000000293e+02 0.000000000000000000e+00 0.000000000000000000e+00
5.695000000000000192e-04 -9.469063210000000481e+02 0.000000000000000000e+00 0.000000000000000000e+00
5.699999999999999772e-04 -9.471320789999999761e+02 0.000000000000000000e+00 0.000000000000000000e+00
5.705000000000000435e-04 -9.424078439999999546e+02 0.000000000000000000e+00 0.000000000000000000e+00
5.710000000000000015e-04 -9.330029620000000250e+02 0.000000000000000000e+00 0.000000000000000000e+00
5.714999999999999594e-04 -9.191978739999999561e+02 0.000000000000000000e+00 0.000000000000000000e+00
5.720000000000000258e-04 -9.012820990000000165e+02 0.000000000000000000e+00 0.000000000000000000e+00
5.724999999999999837e-04 -8.795522789999999986e+02 0.000000000000000000e+00 0.000000000000000000e+00
5.730000000000000501e-04 -8.543102810000000318e+02 0.000000000000000000e+00 0.000000000000000000e+00
5.735000000000000080e-04 -8.258613599999999906e+02 0.000000000000000000e+00 0.000000000000000000e+00
5.739999999999999660e-04 -7.945124060000000554e+02 0.000000000000000000e+00 0.000000000000000000e+00
5.745000000000000323e-04 -7.605702559999999721e+02 0.000000000000000000e+00 0.000000000000000000e+00
5.749999999999999903e-04 -7.243401020000000017e+02 0.000000000000000000e+00 0.000000000000000000e+00
5.754999999999999482e-04 -6.861239799999999605e+02 0.000000000000000000e+00 0.000000000000000000e+00
5.760000000000000146e-04 -6.462193479999999681e+02 0.000000000000000000e+00 0.000000000000000000e+00
5.764999999999999725e-04 -6.049177640000000338e+02 0.000000000000000000e+00 0.000000000000000000e+00
5.770000000000000389e-04 -5.625036569999999756e+02 0.000000000000000000e+00 0.000000000000000000e+00
5.774999999999999968e-04 -5.192531960000000026e+02 0.000000000000000000e+00 0.000000000000000000e+00
5.779999999999999548e-04 -4.754332590000000209e+02 0.000000000000000000e+00 0.000000000000000000e+00
5.785000000000000211e-04 -4.313004970000000071e+02 0.000000000000000000e+00 0.000000000000000000e+00
5.789999999999999791e-04 -3.871005069999999932e+02 0.000000000000000000e+00 0.000000000000000000e+00
5.795000000000000455e-04 -3.430670939999999973e+02 0.000000000000000000e+00 0.000000000000000000e+00
5.800000000000000034e-04 -2.994216359999999781e+02 0.000000000000000000e+00 0.000000000000000000e+00
5.804999999999999613e-04 -2.563725430000000074e+02 0.000000000000000000e+00 0.000000000000000000e+00
5.810000000000000277e-04 -2.141148129999999981e+02 0.000000000000000000e+00 0.000000000000000000e+00
5.814999999999999857e-04 -1.728296760000000063e+02 0.000000000000000000e+00 0.000000000000000000e+00
5.820000000000000520e-04 -1.326843330000000094e+02 0.000000000000000000e+00 0.000000000000000000e+00
5.825000000000000100e-04 -9.383177310000000659e+01 0.000000000000000000e+00 0.000000000000000000e+00
5.829999999999999679e-04 -5.641068279999999646e+01 0.000000000000000000e+00 0.000000000000000000e+00
5.835000000000000343e-04 -2.054542710000000127e+01 0.000000000000000000e+00 0.000000000000000000e+00
5.839999999999999922e-04 1.365389000000000053e+01 0.000000000000000000e+00 0.000000000000000000e+00
5.844999999999999502e-04 4.609129480000000001e+01 0.000000000000000000e+00 0.000000000000000000e+00
5.850000000000000165e-04 7.668474589999999580e+01 0.000000000000000000e+00 0.000000000000000000e+00
5.854999999999999745e-04 1.053658729999999935e+02 0.000000000000000000e+00 0.000000000000000000e+00
5.860000000000000408e-04 1.320796569999999974e+02 0.000000000000000000e+00 0.000000000000000000e+00
5.864999999999999988e-04 1.567840600000000109e+02 0.000000000000000000e+00 0.000000000000000000e+00
5.869999999999999567e-04 1.794495960000000139e+02 0.000000000000000000e+00 0.000000000000000000e+00
5.875000000000000231e-04 2.000588730000000055e+02 0.000000000000000000e+00 0.000000000000000000e+00
5.879999999999999810e-04 2.186060779999999966e+02 0.000000000000000000e+00 0.000000000000000000e+00
5.885000000000000474e-04 2.350964390000000037e+02 0.000000000000000000e+00 0.000000000000000000e+00
5.890000000000000053e-04 2.495456509999999923e+02 0.000000000000000000e+00 0.000000000000000000e+00
5.894999999999999633e-04 2.619792780000000221e+02 0.000000000000000000e+00 0.000000000000000000e+00
5.900000000000000296e-04 2.724321279999999774e+02 0.000000000000000000e+00 0.000000000000000000e+00
5.904999999999999876e-04 2.809476189999999747e+02 0.000000000000000000e+00 0.000000000000000000e+00
5.910000000000000539e-04 2.875771240000000262e+02 0.000000000000000000e+00 0.000000000000000000e+00
5.915000000000000119e-04 2.923793099999999754e+02 0.000000000000000000e+00 0.000000000000000000e+00
5.919999999999999698e-04 2.954194749999999772e+02 0.000000000000000000e+00 0.000000000000000000e+00
5.925000000000000362e-04 2.967688739999999825e+02 0.000000000000000000e+00 0.000000000000000000e+00
5.929999999999999941e-04 2.965040579999999864e+02 0.000000000000000000e+00 0.000000000000000000e+00
5.934999999999999521e-04 2.947062090000000012e+02 0.000000000000000000e+00 0.000000000000000000e+00
5.940000000000000184e-04 2.914604909999999904e+02 0.000000000000000000e+00 0.000000000000000000e+00
5.944999999999999764e-04 2.868554070000000138e+02 0.000000000000000000e+00 0.000000000000000000e+00
5.950000000000000427e-04 2.809821729999999889e+02 0.000000000000000000e+00 0.000000000000000000e+00
5.955000000000000007e-04 2.739341089999999781e+02 0.000000000000000000e+00 0.000000000000000000e+00
5.959999999999999586e-04 2.658060479999999757e+02 0.000000000000000000e+00 0.000000000000000000e+00
5.965000000000000250e-04 2.566937649999999849e+02 0.000000000000000000e+00 0.000000000000000000e+00
5.969999999999999829e-04 2.466934339999999963e+02 0.000000000000000000e+00 0.000000000000000000e+00
5.975000000000000493e-04 2.359011030000000062e+02 0.000000000000000000e+00 0.000000000000000000e+00
5.980000000000000072e-04 2.244122040000000027e+02 0.000000000000000000e+00 0.000000000000000000e+00
5.984999999999999652e-04 2.123210819999999899e+02 0.000000000000000000e+00 0.000000000000000000e+00
5.990000000000000316e-04 1.997205590000000086e+02 0.000000000000000000e+00 0.000000000000000000e+00
5.994999999999999895e-04 1.867015220000000113e+02 0.000000000000000000e+00 0.000000000000000000e+00
5.999999999999999474e-04 1.733525510000000054e+02 0.000000000000000000e+00 0.000000000000000000e+00
6.005000000000000138e-04 1.597595650000000091e+02 0.000000000000000000e+00 0.000000000000000000e+00
6.009999999999999717e-04 1.460055079999999919e+02 0.000000000000000000e+00 0.000000000000000000e+00
6.015000000000000381e-04 1.321700629999999990e+02 0.000000000000000000e+00 0.000000000000000000e+00
6.019999999999999961e-04 1.183293989999999951e+02 0.000000000000000000e+00 0.000000000000000000e+00
6.024999999999999540e-04 1.045559470000000033e+02 0.000000000000000000e+00 0.000000000000000000e+00
6.030000000000000204e-04 9.091820610000000613e+01 0.000000000000000000e+00 0.000000000000000000e+00
6.034999999999999783e-04 7.748058029999999974e+01 0.000000000000000000e+00 0.000000000000000000e+00
6.040000000000000447e-04 6.430324790000000235e+01 0.000000000000000000e+00 0.000000000000000000e+00
6.045000000000000026e-04 5.144205389999999767e+01 0.000000000000000000e+00 0.000000000000000000e+00
6.049999999999999606e-04 3.894843430000000239e+01 0.000000000000000000e+00 0.000000000000000000e+00
6.055000000000000269e-04 2.686936550000000068e+01 0.000000000000000000e+00 0.000000000000000000e+00
6.059999999999999849e-04 1.524733960000000010e+01 0.000000000000000000e+00 0.000000000000000000e+00
6.065000000000000512e-04 4.120365220000000051e+00 0.000000000000000000e+00 0.000000000000000000e+00
6.070000000000000092e-04 -6.478009949999999684e+00 0.000000000000000000e+00 0.000000000000000000e+00
6.074999999999999671e-04 -1.651865289999999931e+01 0.000000000000000000e+00 0.000000000000000000e+00
6.080000000000000335e-04 -2.597677919999999929e+01 0.000000000000000000e+00 0.000000000000000000e+00
6.084999999999999914e-04 -3.483186719999999781e+01 0.000000000000000000e+00 0.000000000000000000e+00
6.089999999999999494e-04 -4.306755439999999879e+01 0.000000000000000000e+00 0.000000000000000000e+00
6.095000000000000157e-04 -5.067151710000000264e+01 0.000000000000000000e+00 0.000000000000000000e+00
6.099999999999999737e-04 -5.763533480000000253e+01 0.000000000000000000e+00 0.000000000000000000e+00
6.105000000000000400e-04 -6.395434159999999935e+01 0.000000000000000000e+00 0.000000000000000000e+00
6.109999999999999980e-04 -6.962746450000000209e+01 0.000000000000000000e+00 0.000000000000000000e+00
6.114999999999999559e-04 -7.465705149999999435e+01 0.000000000000000000e+00 0.000000000000000000e+00
6.120000000000000223e-04 -7.904869030000000407e+01 0.000000000000000000e+00 0.000000000000000000e+00
6.124999999999999802e-04 -8.281101889999999344e+01 0.000000000000000000e+00 0.000000000000000000e+00
6.130000000000000466e-04 -8.595552979999999366e+01 0.000000000000000000e+00 0.000000000000000000e+00
6.135000000000000045e-04 -8.849636900000000139e+01 0.000000000000000000e+00 0.000000000000000000e+00
6.139999999999999625e-04 -9.045013109999999301e+01 0.000000000000000000e+00 0.000000000000000000e+00
6.145000000000000288e-04 -9.183565149999999733e+01 0.000000000000000000e+00 0.000000000000000000e+00
6.149999999999999868e-04 -9.267379760000000033e+01 0.000000000000000000e+00 0.000000000000000000e+00
6.155000000000000531e-04 -9.298725949999999330e+01 0.000000000000000000e+00 0.000000000000000000e+00
6.160000000000000111e-04 -9.280034139999999354e+01 0.000000000000000000e+00 0.000000000000000000e+00
6.164999999999999690e-04 -9.213875529999999969e+01 0.000000000000000000e+00 0.000000000000000000e+00
6.170000000000000354e-04 -9.102941730000000575e+01 0.000000000000000000e+00 0.000000000000000000e+00
6.174999999999999933e-04 -8.950024759999999446e+01 0.000000000000000000e+00 0.000000000000000000e+00
6.179999999999999513e-04 -8.757997539999999503e+01 0.000000000000000000e+00 0.000000000000000000e+00
6.185000000000000176e-04 -8.529794870000000628e+01 0.000000000000000000e+00 0.000000000000000000e+00
6.189999999999999756e-04 -8.268395150000000626e+01 0.000000000000000000e+00 0.000000000000000000e+00
6.195000000000000420e-04 -7.976802600000000609e+01 0.000000000000000000e+00 0.000000000000000000e+00
6.199999999999999999e-04 -7.658030390000000409e+01 0.000000000000000000e+00 0.000000000000000000e+00
6.204999999999999578e-04 -7.315084439999999688e+01 0.000000000000000000e+00 0.000000000000000000e+00
6.210000000000000242e-04 -6.950948119999999619e+01 0.000000000000000000e+00 0.000000000000000000e+00
6.214999999999999821e-04 -6.568567819999999813e+01 0.000000000000000000e+00 0.000000000000000000e+00
6.220000000000000485e-04 -6.170839399999999841e+01 0.000000000000000000e+00 0.000000000000000000e+00
6.225000000000000065e-04 -5.760595570000000265e+01 0.000000000000000000e+00 0.000000000000000000e+00
6.229999999999999644e-04 -5.340594289999999944e+01 0.000000000000000000e+00 0.000000000000000000e+00
6.235000000000000308e-04 -4.913508039999999966e+01 0.000000000000000000e+00 0.000000000000000000e+00
6.239999999999999887e-04 -4.481914129999999830e+01 0.000000000000000000e+00 0.000000000000000000e+00
6.244999999999999466e-04 -4.048285950000000355e+01 0.000000000000000000e+00 0.000000000000000000e+00
6.250000000000000130e-04 -3.614985240000000033e+01 0.000000000000000000e+00 0.000000000000000000e+00
6.254999999999999710e-04 -3.184255250000000004e+01 0.000000000000000000e+00 0.000000000000000000e+00
6.260000000000000373e-04 -2.758214939999999871e+01 0.000000000000000000e+00 0.000000000000000000e+00
6.264999999999999953e-04 -2.338854070000000007e+01 0.000000000000000000e+00 0.000000000000000000e+00
6.269999999999999532e-04 -1.928029180000000053e+01 0.000000000000000000e+00 0.000000000000000000e+00
6.275000000000000196e-04 -1.527460540000000044e+01 0.000000000000000000e+00 0.000000000000000000e+00
6.279999999999999775e-04 -1.138729859999999938e+01 0.000000000000000000e+00 0.000000000000000000e+00
6.285000000000000439e-04 -7.632789749999999707e+00 0.000000000000000000e+00 0.000000000000000000e+00
6.290000000000000018e-04 -4.024091460000000176e+00 0.000000000000000000e+00 0.000000000000000000e+00
6.294999999999999598e-04 -5.728129490000000157e-01 0.000000000000000000e+00 0.000000000000000000e+00
6.300000000000000261e-04 2.710831429999999820e+00 0.000000000000000000e+00 0.000000000000000000e+00
6.304999999999999841e-04 5.818006389999999861e+00 0.000000000000000000e+00 0.000000000000000000e+00
6.310000000000000504e-04 8.741233680000000561e+00 0.000000000000000000e+00 0.000000000000000000e+00
6.315000000000000084e-04 1.147436390000000017e+01 0.000000000000000000e+00 0.000000000000000000e+00
6.319999999999999663e-04 1.401254300000000086e+01 0.000000000000000000e+00 0.000000000000000000e+00
6.325000000000000327e-04 1.635217330000000047e+01 0.000000000000000000e+00 0.000000000000000000e+00
6.329999999999999906e-04 1.849087060000000093e+01 0.000000000000000000e+00 0.000000000000000000e+00
6.334999999999999486e-04 2.042741600000000091e+01 0.000000000000000000e+00 0.000000000000000000e+00
6.340000000000000149e-04 2.216170530000000127e+01 0.000000000000000000e+00 0.000000000000000000e+00
6.344999999999999729e-04 2.369469390000000075e+01 0.000000000000000000e+00 0.000000000000000000e+00
6.350000000000000392e-04 2.502833980000000125e+01 0.000000000000000000e+00 0.000000000000000000e+00
6.354999999999999972e-04 2.616554349999999829e+01 0.000000000000000000e+00 0.000000000000000000e+00
6.359999999999999551e-04 2.711008659999999892e+01 0.000000000000000000e+00 0.000000000000000000e+00
6.365000000000000215e-04 2.786656830000000085e+01 0.000000000000000000e+00 0.000000000000000000e+00
6.369999999999999794e-04 2.844034119999999888e+01 0.000000000000000000e+00 0.000000000000000000e+00
6.375000000000000458e-04 2.883744599999999991e+01 0.000000000000000000e+00 0.000000000000000000e+00
6.380000000000000037e-04 2.906454570000000004e+01 0.000000000000000000e+00 0.000000000000000000e+00
6.384999999999999617e-04 2.912886089999999939e+01 0.000000000000000000e+00 0.000000000000000000e+00
6.390000000000000280e-04 2.903810370000000063e+01 0.000000000000000000e+00 0.000000000000000000e+00
6.394999999999999860e-04 2.880041359999999884e+01 0.000000000000000000e+00 0.000000000000000000e+00
6.400000000000000524e-04 2.842429419999999851e+01 0.000000000000000000e+00 0.000000000000000000e+00
6.405000000000000103e-04 2.791854999999999976e+01 0.000000000000000000e+00 0.000000000000000000e+00
6.409999999999999682e-04 2.729222680000000167e+01 0.000000000000000000e+00 0.000000000000000000e+00
6.415000000000000346e-04 2.655455140000000114e+01 0.000000000000000000e+00 0.000000000000000000e+00
6.419999999999999925e-04 2.571487550000000155e+01 0.000000000000000000e+00 0.000000000000000000e+00
6.424999999999999505e-04 2.478262009999999904e+01 0.000000000000000000e+00 0.000000000000000000e+00
6.430000000000000169e-04 2.376722339999999889e+01 0.000000000000000000e+00 0.000000000000000000e+00
6.434999999999999748e-04 2.267809039999999854e+01 0.000000000000000000e+00 0.000000000000000000e+00
6.440000000000000412e-04 2.152454570000000089e+01 0.000000000000000000e+00 0.000000000000000000e+00
6.444999999999999991e-04 2.031578890000000115e+01 0.000000000000000000e+00 0.000000000000000000e+00
6.449999999999999570e-04 1.906085249999999931e+01 0.000000000000000000e+00 0.000000000000000000e+00
6.455000000000000234e-04 1.776856340000000145e+01 0.000000000000000000e+00 0.000000000000000000e+00
6.459999999999999814e-04 1.644750690000000048e+01 0.000000000000000000e+00 0.000000000000000000e+00
6.465000000000000477e-04 1.510599370000000086e+01 0.000000000000000000e+00 0.000000000000000000e+00
6.470000000000000057e-04 1.375203070000000061e+01 0.000000000000000000e+00 0.000000000000000000e+00
6.474999999999999636e-04 1.239329339999999924e+01 0.000000000000000000e+00 0.000000000000000000e+00
6.480000000000000300e-04 1.103710309999999950e+01 0.000000000000000000e+00 0.000000000000000000e+00
6.484999999999999879e-04 9.690405820000000503e+00 0.000000000000000000e+00 0.000000000000000000e+00
6.489999999999999459e-04 8.359754510000000138e+00 0.000000000000000000e+00 0.000000000000000000e+00
6.495000000000000122e-04 7.051294640000000058e+00 0.000000000000000000e+00 0.000000000000000000e+00
6.499999999999999702e-04 5.770752110000000101e+00 0.000000000000000000e+00 0.000000000000000000e+00
6.505000000000000365e-04 4.523424180000000128e+00 0.000000000000000000e+00 0.000000000000000000e+00
6.509999999999999945e-04 3.314173020000000136e+00 0.000000000000000000e+00 0.000000000000000000e+00
6.514999999999999524e-04 2.147421899999999884e+00 0.000000000000000000e+00 0.000000000000000000e+00
6.520000000000000188e-04 1.027153760000000027e+00 0.000000000000000000e+00 0.000000000000000000e+00
6.524999999999999767e-04 -4.308771289999999837e-02 0.000000000000000000e+00 0.000000000000000000e+00
6.530000000000000431e-04 -1.060194910000000101e+00 0.000000000000000000e+00 0.000000000000000000e+00
6.535000000000000010e-04 -2.021490909999999808e+00 0.000000000000000000e+00 0.000000000000000000e+00
6.539999999999999590e-04 -2.924722169999999899e+00 0.000000000000000000e+00 0.000000000000000000e+00
6.545000000000000253e-04 -3.768049319999999813e+00 0.000000000000000000e+00 0.000000000000000000e+00
6.549999999999999833e-04 -4.550036310000000306e+00 0.000000000000000000e+00 0.000000000000000000e+00
6.555000000000000496e-04 -5.269637930000000026e+00 0.000000000000000000e+00 0.000000000000000000e+00
6.560000000000000076e-04 -5.926185959999999753e+00 0.000000000000000000e+00 0.000000000000000000e+00
6.564999999999999655e-04 -6.519374000000000002e+00 0.000000000000000000e+00 0.000000000000000000e+00
6.570000000000000319e-04 -7.049241209999999924e+00 0.000000000000000000e+00 0.000000000000000000e+00
6.574999999999999898e-04 -7.516154969999999658e+00 0.000000000000000000e+00 0.000000000000000000e+00
6.579999999999999478e-04 -7.920792800000000078e+00 0.000000000000000000e+00 0.000000000000000000e+00
6.585000000000000141e-04 -8.264123440000000542e+00 0.000000000000000000e+00 0.000000000000000000e+00
6.589999999999999721e-04 -8.547387430000000563e+00 0.000000000000000000e+00 0.000000000000000000e+00
6.595000000000000384e-04 -8.772077219999999897e+00 0.000000000000000000e+00 0.000000000000000000e+00
6.599999999999999964e-04 -8.939916889999999228e+00 0.000000000000000000e+00 0.000000000000000000e+00
6.604999999999999543e-04 -9.052841739999999859e+00 0.000000000000000000e+00 0.000000000000000000e+00
6.610000000000000207e-04 -9.112977750000000654e+00 0.000000000000000000e+00 0.000000000000000000e+00
6.614999999999999786e-04 -9.122621069999999222e+00 0.000000000000000000e+00 0.000000000000000000e+00
6.620000000000000450e-04 -9.084217620000000437e+00 0.000000000000000000e+00 0.000000000000000000e+00
6.625000000000000029e-04 -9.000342950000000286e+00 0.000000000000000000e+00 0.000000000000000000e+00
6.629999999999999609e-04 -8.873682390000000808e+00 0.000000000000000000e+00 0.000000000000000000e+00
6.635000000000000273e-04 -8.707011610000000346e+00 0.000000000000000000e+00 0.000000000000000000e+00
6.639999999999999852e-04 -8.503177720000000051e+00 0.000000000000000000e+00 0.000000000000000000e+00
6.645000000000000516e-04 -8.265080850000000368e+00 0.000000000000000000e+00 0.000000000000000000e+00
6.650000000000000095e-04 -7.995656399999999664e+00 0.000000000000000000e+00 0.000000000000000000e+00
6.654999999999999674e-04 -7.697858059999999725e+00 0.000000000000000000e+00 0.000000000000000000e+00
6.660000000000000338e-04 -7.374641399999999791e+00 0.000000000000000000e+00 0.000000000000000000e+00
6.664999999999999918e-04 -7.028948459999999621e+00 0.000000000000000000e+00 0.000000000000000000e+00
6.669999999999999497e-04 -6.663693020000000189e+00 0.000000000000000000e+00 0.000000000000000000e+00
6.675000000000000161e-04 -6.281746820000000397e+00 0.000000000000000000e+00 0.000000000000000000e+00
6.679999999999999740e-04 -5.885926659999999977e+00 0.000000000000000000e+00 0.000000000000000000e+00
6.685000000000000404e-04 -5.478982450000000171e+00 0.000000000000000000e+00 0.000000000000000000e+00
6.689999999999999983e-04 -5.063586130000000018e+00 0.000000000000000000e+00 0.000000000000000000e+00
6.694999999999999563e-04 -4.642321650000000410e+00 0.000000000000000000e+00 0.000000000000000000e+00
6.700000000000000226e-04 -4.217675800000000308e+00 0.000000000000000000e+00 0.000000000000000000e+00
6.704999999999999806e-04 -3.792030070000000030e+00 0.000000000000000000e+00 0.000000000000000000e+00
6.710000000000000469e-04 -3.367653419999999898e+00 0.000000000000000000e+00 0.000000000000000000e+00
6.715000000000000049e-04 -2.946696039999999961e+00 0.000000000000000000e+00 0.000000000000000000e+00
6.719999999999999628e-04 -2.531183959999999900e+00 0.000000000000000000e+00 0.000000000000000000e+00
6.725000000000000292e-04 -2.123014690000000204e+00 0.000000000000000000e+00 0.000000000000000000e+00
6.729999999999999871e-04 -1.723953620000000075e+00 0.000000000000000000e+00 0.000000000000000000e+00
6.735000000000000535e-04 -1.335631379999999924e+00 0.000000000000000000e+00 0.000000000000000000e+00
6.740000000000000114e-04 -9.595419830000000427e-01 0.000000000000000000e+00 0.000000000000000000e+00
6.744999999999999694e-04 -5.970417980000000124e-01 0.000000000000000000e+00 0.000000000000000000e+00
6.750000000000000357e-04 -2.493492750000000091e-01 0.000000000000000000e+00 0.000000000000000000e+00
6.754999999999999937e-04 8.245458569999999932e-02 0.000000000000000000e+00 0.000000000000000000e+00
6.759999999999999516e-04 3.974250770000000155e-01 0.000000000000000000e+00 0.000000000000000000e+00
6.765000000000000180e-04 6.947519720000000509e-01 0.000000000000000000e+00 0.000000000000000000e+00
6.769999999999999759e-04 9.737571059999999834e-01 0.000000000000000000e+00 0.000000000000000000e+00
6.775000000000000423e-04 1.233891370000000043e+00 0.000000000000000000e+00 0.000000000000000000e+00
6.780000000000000002e-04 1.474731229999999949e+00 0.000000000000000000e+00 0.000000000000000000e+00
6.784999999999999582e-04 1.695974660000000078e+00 0.000000000000000000e+00 0.000000000000000000e+00
6.790000000000000245e-04 1.897436780000000045e+00 0.000000000000000000e+00 0.000000000000000000e+00
6.794999999999999825e-04 2.079044989999999871e+00 0.000000000000000000e+00 0.000000000000000000e+00
6.800000000000000488e-04 2.240833820000000198e+00 0.000000000000000000e+00 0.000000000000000000e+00
6.805000000000000068e-04 2.382939429999999970e+00 0.000000000000000000e+00 0.000000000000000000e+00
6.809999999999999647e-04 2.505593880000000162e+00 0.000000000000000000e+00 0.000000000000000000e+00
6.815000000000000311e-04 2.609119209999999800e+00 0.000000000000000000e+00 0.000000000000000000e+00
6.819999999999999890e-04 2.693921249999999823e+00 0.000000000000000000e+00 0.000000000000000000e+00
6.824999999999999470e-04 2.760483450000000172e+00 0.000000000000000000e+00 0.000000000000000000e+00
6.830000000000000134e-04 2.809360429999999909e+00 0.000000000000000000e+00 0.000000000000000000e+00
6.834999999999999713e-04 2.841171619999999898e+00 0.000000000000000000e+00 0.000000000000000000e+00
6.840000000000000377e-04 2.856594840000000080e+00 0.000000000000000000e+00 0.000000000000000000e+00
6.844999999999999956e-04 2.856359820000000216e+00 0.000000000000000000e+00 0.000000000000000000e+00
6.849999999999999535e-04 2.841241899999999987e+00 0.000000000000000000e+00 0.000000000000000000e+00
6.855000000000000199e-04 2.812055659999999957e+00 0.000000000000000000e+00 0.000000000000000000e+00
6.859999999999999779e-04 2.769648810000000072e+00 0.000000000000000000e+00 0.000000000000000000e+00
6.865000000000000442e-04 2.714896060000000055e+00 0.000000000000000000e+00 0.000000000000000000e+00
6.870000000000000022e-04 2.648693249999999999e+00 0.000000000000000000e+00 0.000000000000000000e+00
6.874999999999999601e-04 2.571951680000000184e+00 0.000000000000000000e+00 0.000000000000000000e+00
6.880000000000000265e-04 2.485592500000000094e+00 0.000000000000000000e+00 0.000000000000000000e+00
6.884999999999999844e-04 2.390541520000000197e+00 0.000000000000000000e+00 0.000000000000000000e+00
6.890000000000000508e-04 2.287724059999999948e+00 0.000000000000000000e+00 0.000000000000000000e+00
6.895000000000000087e-04 2.178060229999999819e+00 0.000000000000000000e+00 0.000000000000000000e+00
6.899999999999999667e-04 2.062460339999999892e+00 0.000000000000000000e+00 0.000000000000000000e+00
6.905000000000000330e-04 1.941820630000000047e+00 0.000000000000000000e+00 0.000000000000000000e+00
6.909999999999999910e-04 1.817019350000000033e+00 0.000000000000000000e+00 0.000000000000000000e+00
6.914999999999999489e-04 1.688913010000000048e+00 0.000000000000000000e+00 0.000000000000000000e+00
6.920000000000000153e-04 1.558332999999999968e+00 0.000000000000000000e+00 0.000000000000000000e+00
6.924999999999999732e-04 1.426082550000000060e+00 0.000000000000000000e+00 0.000000000000000000e+00
6.930000000000000396e-04 1.292933829999999951e+00 0.000000000000000000e+00 0.000000000000000000e+00
6.934999999999999975e-04 1.159625579999999934e+00 0.000000000000000000e+00 0.000000000000000000e+00
6.939999999999999555e-04 1.026860820000000007e+00 0.000000000000000000e+00 0.000000000000000000e+00
6.945000000000000218e-04 8.953049739999999757e-01 0.000000000000000000e+00 0.000000000000000000e+00
6.949999999999999798e-04 7.655842840000000038e-01 0.000000000000000000e+00 0.000000000000000000e+00
6.955000000000000461e-04 6.382844549999999728e-01 0.000000000000000000e+00 0.000000000000000000e+00
6.960000000000000041e-04 5.139496129999999718e-01 0.000000000000000000e+00 0.000000000000000000e+00
6.964999999999999620e-04 3.930815229999999882e-01 0.000000000000000000e+00 0.000000000000000000e+00
6.970000000000000284e-04 2.761390679999999875e-01 0.000000000000000000e+00 0.000000000000000000e+00
6.974999999999999863e-04 1.635379740000000026e-01 0.000000000000000000e+00 0.000000000000000000e+00
6.980000000000000527e-04 5.565077620000000169e-02 0.000000000000000000e+00 0.000000000000000000e+00
6.985000000000000106e-04 -4.719298680000000301e-02 0.000000000000000000e+00 0.000000000000000000e+00
6.989999999999999686e-04 -1.447063680000000019e-01 0.000000000000000000e+00 0.000000000000000000e+00
6.995000000000000349e-04 -2.366444000000000047e-01 0.000000000000000000e+00 0.000000000000000000e+00
6.999999999999999929e-04 -3.228033000000000152e-01 0.000000000000000000e+00 0.000000000000000000e+00
7.004999999999999508e-04 -4.030194950000000054e-01 0.000000000000000000e+00 0.000000000000000000e+00
7.010000000000000172e-04 -4.771684860000000028e-01 0.000000000000000000e+00 0.000000000000000000e+00
7.014999999999999751e-04 -5.451635670000000156e-01 0.000000000000000000e+00 0.000000000000000000e+00
7.020000000000000415e-04 -6.069544080000000008e-01 0.000000000000000000e+00 0.000000000000000000e+00
7.024999999999999994e-04 -6.625255190000000072e-01 0.000000000000000000e+00 0.000000000000000000e+00
7.029999999999999574e-04 -7.118946099999999833e-01 0.000000000000000000e+00 0.000000000000000000e+00
7.035000000000000238e-04 -7.551108530000000263e-01 0.000000000000000000e+00 0.000000000000000000e+00
7.039999999999999817e-04 -7.922530770000000278e-01 0.000000000000000000e+00 0.000000000000000000e+00
7.045000000000000481e-04 -8.234278830000000271e-01 0.000000000000000000e+00 0.000000000000000000e+00
7.050000000000000060e-04 -8.487677230000000295e-01 0.000000000000000000e+00 0.000000000000000000e+00
7.054999999999999639e-04 -8.684289250000000182e-01 0.000000000000000000e+00 0.000000000000000000e+00
7.060000000000000303e-04 -8.825897000000000325e-01 0.000000000000000000e+00 0.000000000000000000e+00
7.064999999999999883e-04 -8.914481319999999487e-01 0.000000000000000000e+00 0.000000000000000000e+00
7.069999999999999462e-04 -8.952201610000000143e-01 0.000000000000000000e+00 0.000000000000000000e+00
7.075000000000000126e-04 -8.941375740000000460e-01 0.000000000000000000e+00 0.000000000000000000e+00
7.079999999999999705e-04 -8.884460149999999778e-01 0.000000000000000000e+00 0.000000000000000000e+00
7.085000000000000369e-04 -8.784030160000000365e-01 0.000000000000000000e+00 0.000000000000000000e+00
7.089999999999999948e-04 -8.642760689999999801e-01 0.000000000000000000e+00 0.000000000000000000e+00
7.094999999999999528e-04 -8.463407370000000096e-01 0.000000000000000000e+00 0.000000000000000000e+00
7.100000000000000191e-04 -8.248788209999999843e-01 0.000000000000000000e+00 0.000000000000000000e+00
7.104999999999999771e-04 -8.001765760000000283e-01 0.000000000000000000e+00 0.000000000000000000e+00
7.110000000000000434e-04 -7.725230069999999838e-01 0.000000000000000000e+00 0.000000000000000000e+00
7.115000000000000014e-04 -7.422082169999999479e-01 0.000000000000000000e+00 0.000000000000000000e+00
7.119999999999999593e-04 -7.095218469999999833e-01 0.000000000000000000e+00 0.000000000000000000e+00
7.125000000000000257e-04 -6.747515840000000154e-01 0.000000000000000000e+00 0.000000000000000000e+00
7.129999999999999836e-04 -6.381817589999999596e-01 0.000000000000000000e+00 0.000000000000000000e+00
7.135000000000000500e-04 -6.000920309999999702e-01 0.000000000000000000e+00 0.000000000000000000e+00
7.140000000000000079e-04 -5.607561599999999480e-01 0.000000000000000000e+00 0.000000000000000000e+00
7.144999999999999659e-04 -5.204408689999999726e-01 0.000000000000000000e+00 0.000000000000000000e+00
7.150000000000000322e-04 -4.794048009999999915e-01 0.000000000000000000e+00 0.000000000000000000e+00
7.154999999999999902e-04 -4.378975729999999844e-01 0.000000000000000000e+00 0.000000000000000000e+00
7.159999999999999481e-04 -3.961589169999999993e-01 0.000000000000000000e+00 0.000000000000000000e+00
7.165000000000000145e-04 -3.544179230000000236e-01 0.000000000000000000e+00 0.000000000000000000e+00
7.169999999999999724e-04 -3.128923630000000067e-01 0.000000000000000000e+00 0.000000000000000000e+00
7.175000000000000388e-04 -2.717881240000000198e-01 0.000000000000000000e+00 0.000000000000000000e+00
7.179999999999999967e-04 -2.312987149999999881e-01 0.000000000000000000e+00 0.000000000000000000e+00
7.184999999999999547e-04 -1.916048730000000089e-01 0.000000000000000000e+00 0.000000000000000000e+00
7.190000000000000210e-04 -1.528742519999999883e-01 0.000000000000000000e+00 0.000000000000000000e+00
7.194999999999999790e-04 -1.152611939999999974e-01 0.000000000000000000e+00 0.000000000000000000e+00
7.200000000000000453e-04 -7.890658459999999597e-02 0.000000000000000000e+00 0.000000000000000000e+00
7.205000000000000033e-04 -4.393778079999999947e-02 0.000000000000000000e+00 0.000000000000000000e+00
7.209999999999999612e-04 -1.046861779999999978e-02 0.000000000000000000e+00 0.000000000000000000e+00
7.215000000000000276e-04 2.140051670000000031e-02 0.000000000000000000e+00 0.000000000000000000e+00
7.219999999999999855e-04 5.158254140000000099e-02 0.000000000000000000e+00 0.000000000000000000e+00
7.225000000000000519e-04 8.000347759999999753e-02 0.000000000000000000e+00 0.000000000000000000e+00
7.230000000000000098e-04 1.066021870000000010e-01 0.000000000000000000e+00 0.000000000000000000e+00
7.234999999999999678e-04 1.313300560000000006e-01 0.000000000000000000e+00 0.000000000000000000e+00
7.240000000000000342e-04 1.541506290000000112e-01 0.000000000000000000e+00 0.000000000000000000e+00
7.244999999999999921e-04 1.750391990000000064e-01 0.000000000000000000e+00 0.000000000000000000e+00
7.249999999999999500e-04 1.939823549999999952e-01 0.000000000000000000e+00 0.000000000000000000e+00
7.255000000000000164e-04 2.109774939999999877e-01 0.000000000000000000e+00 0.000000000000000000e+00
7.259999999999999743e-04 2.260322979999999926e-01 0.000000000000000000e+00 0.000000000000000000e+00
7.265000000000000407e-04 2.391641889999999993e-01 0.000000000000000000e+00 0.000000000000000000e+00
7.269999999999999987e-04 2.503997519999999755e-01 0.000000000000000000e+00 0.000000000000000000e+00
7.274999999999999566e-04 2.597741490000000097e-01 0.000000000000000000e+00 0.000000000000000000e+00
7.280000000000000230e-04 2.673305069999999950e-01 0.000000000000000000e+00 0.000000000000000000e+00
7.284999999999999809e-04 2.731193029999999800e-01 0.000000000000000000e+00 0.000000000000000000e+00
7.290000000000000473e-04 2.771977339999999734e-01 0.000000000000000000e+00 0.000000000000000000e+00
7.295000000000000052e-04 2.796290869999999984e-01 0.000000000000000000e+00 0.000000000000000000e+00
7.299999999999999632e-04 2.804821120000000056e-01 0.000000000000000000e+00 0.000000000000000000e+00
7.305000000000000295e-04 2.798303879999999855e-01 0.000000000000000000e+00 0.000000000000000000e+00
7.309999999999999875e-04 2.777517039999999882e-01 0.000000000000000000e+00 0.000000000000000000e+00
7.315000000000000538e-04 2.743274439999999759e-01 0.000000000000000000e+00 0.000000000000000000e+00
7.320000000000000118e-04 2.696419860000000002e-01 0.000000000000000000e+00 0.000000000000000000e+00
7.324999999999999697e-04 2.637821100000000141e-01 0.000000000000000000e+00 0.000000000000000000e+00
7.330000000000000361e-04 2.568364349999999741e-01 0.000000000000000000e+00 0.000000000000000000e+00
7.334999999999999940e-04 2.488948559999999977e-01 0.000000000000000000e+00 0.000000000000000000e+00
7.339999999999999520e-04 2.400480200000000008e-01 0.000000000000000000e+00 0.000000000000000000e+00
7.345000000000000183e-04 2.303868119999999964e-01 0.000000000000000000e+00 0.000000000000000000e+00
7.349999999999999763e-04 2.200018699999999883e-01 0.000000000000000000e+00 0.000000000000000000e+00
7.355000000000000426e-04 2.089831269999999908e-01 0.000000000000000000e+00 0.000000000000000000e+00
7.360000000000000006e-04 1.974193730000000091e-01 0.000000000000000000e+00 0.000000000000000000e+00
7.364999999999999585e-04 1.853978510000000024e-01 0.000000000000000000e+00 0.000000000000000000e+00
7.370000000000000249e-04 1.730038779999999998e-01 0.000000000000000000e+00 0.000000000000000000e+00
7.374999999999999828e-04 1.603204960000000068e-01 0.000000000000000000e+00 0.000000000000000000e+00
7.380000000000000492e-04 1.474281490000000083e-01 0.000000000000000000e+00 0.000000000000000000e+00
7.385000000000000071e-04 1.344043960000000093e-01 0.000000000000000000e+00 0.000000000000000000e+00
7.389999999999999651e-04 1.213236459999999933e-01 0.000000000000000000e+00 0.000000000000000000e+00
7.395000000000000314e-04 1.082569260000000033e-01 0.000000000000000000e+00 0.000000000000000000e+00
7.399999999999999894e-04 9.527167860000000654e-02 0.000000000000000000e+00 0.000000000000000000e+00
7.404999999999999473e-04 8.243158849999999982e-02 0.000000000000000000e+00 0.000000000000000000e+00
7.410000000000000137e-04 6.979643419999999321e-02 0.000000000000000000e+00 0.000000000000000000e+00
7.414999999999999716e-04 5.742197040000000113e-02 0.000000000000000000e+00 0.000000000000000000e+00
7.420000000000000380e-04 4.535983610000000193e-02 0.000000000000000000e+00 0.000000000000000000e+00
7.424999999999999959e-04 3.365748880000000304e-02 0.000000000000000000e+00 0.000000000000000000e+00
7.429999999999999539e-04 2.235816380000000062e-02 0.000000000000000000e+00 0.000000000000000000e+00
7.435000000000000202e-04 1.150085730000000028e-02 0.000000000000000000e+00 0.000000000000000000e+00
7.439999999999999782e-04 1.120332849999999998e-03 0.000000000000000000e+00 0.000000000000000000e+00
7.445000000000000446e-04 -8.752850969999999980e-03 0.000000000000000000e+00 0.000000000000000000e+00
7.450000000000000025e-04 -1.809229169999999887e-02 0.000000000000000000e+00 0.000000000000000000e+00
7.454999999999999604e-04 -2.687567540000000005e-02 0.000000000000000000e+00 0.000000000000000000e+00
7.460000000000000268e-04 -3.508469079999999851e-02 0.000000000000000000e+00 0.000000000000000000e+00
7.464999999999999847e-04 -4.270492699999999670e-02 0.000000000000000000e+00 0.000000000000000000e+00
7.470000000000000511e-04 -4.972575569999999889e-02 0.000000000000000000e+00 0.000000000000000000e+00
7.475000000000000091e-04 -5.614019960000000281e-02 0.000000000000000000e+00 0.000000000000000000e+00
7.479999999999999670e-04 -6.194478829999999769e-02 0.000000000000000000e+00 0.000000000000000000e+00
7.485000000000000334e-04 -6.713940329999999734e-02 0.000000000000000000e+00 0.000000000000000000e+00
7.489999999999999913e-04 -7.172711249999999539e-02 0.000000000000000000e+00 0.000000000000000000e+00
7.494999999999999492e-04 -7.571399680000000243e-02 0.000000000000000000e+00 0.000000000000000000e+00
7.500000000000000156e-04 -7.910896950000000094e-02 0.000000000000000000e+00 0.000000000000000000e+00
7.504999999999999736e-04 -8.192359000000000446e-02 0.000000000000000000e+00 0.000000000000000000e+00
7.510000000000000399e-04 -8.417187230000000575e-02 0.000000000000000000e+00 0.000000000000000000e+00
7.514999999999999979e-04 -8.587009069999999855e-02 0.000000000000000000e+00 0.000000000000000000e+00
7.519999999999999558e-04 -8.703658340000000604e-02 0.000000000000000000e+00 0.000000000000000000e+00
7.525000000000000222e-04 -8.769155469999999342e-02 0.000000000000000000e+00 0.000000000000000000e+00
7.529999999999999801e-04 -8.785687729999999696e-02 0.000000000000000000e+00 0.000000000000000000e+00
7.535000000000000465e-04 -8.755589610000000245e-02 0.000000000000000000e+00 0.000000000000000000e+00
7.540000000000000044e-04 -8.681323300000000354e-02 0.000000000000000000e+00 0.000000000000000000e+00
7.544999999999999624e-04 -8.565459620000000218e-02 0.000000000000000000e+00 0.000000000000000000e+00
7.550000000000000287e-04 -8.410659199999999391e-02 0.000000000000000000e+00 0.000000000000000000e+00
7.554999999999999867e-04 -8.219654160000000598e-02 0.000000000000000000e+00 0.000000000000000000e+00
7.560000000000000530e-04 -7.995230350000000208e-02 0.000000000000000000e+00 0.000000000000000000e+00
7.565000000000000110e-04 -7.740210159999999506e-02 0.000000000000000000e+00 0.000000000000000000e+00
7.569999999999999689e-04 -7.457435989999999792e-02 0.000000000000000000e+00 0.000000000000000000e+00
7.575000000000000353e-04 -7.149754449999999595e-02 0.000000000000000000e+00 0.000000000000000000e+00
7.579999999999999932e-04 -6.820001280000000110e-02 0.000000000000000000e+00 0.000000000000000000e+00
7.584999999999999512e-04 -6.470987150000000188e-02 0.000000000000000000e+00 0.000000000000000000e+00
7.590000000000000175e-04 -6.105484209999999939e-02 0.000000000000000000e+00 0.000000000000000000e+00
7.594999999999999755e-04 -5.726213530000000274e-02 0.000000000000000000e+00 0.000000000000000000e+00
7.600000000000000418e-04 -5.335833460000000139e-02 0.000000000000000000e+00 0.000000000000000000e+00
7.604999999999999998e-04 -4.936928859999999836e-02 0.000000000000000000e+00 0.000000000000000000e+00
7.609999999999999577e-04 -4.532001249999999953e-02 0.000000000000000000e+00 0.000000000000000000e+00
7.615000000000000241e-04 -4.123459899999999678e-02 0.000000000000000000e+00 0.000000000000000000e+00
7.619999999999999820e-04 -3.713613789999999776e-02 0.000000000000000000e+00 0.000000000000000000e+00
7.625000000000000484e-04 -3.304664580000000323e-02 0.000000000000000000e+00 0.000000000000000000e+00
7.630000000000000063e-04 -2.898700389999999891e-02 0.000000000000000000e+00 0.000000000000000000e+00
7.634999999999999643e-04 -2.497690580000000091e-02 0.000000000000000000e+00 0.000000000000000000e+00
7.640000000000000306e-04 -2.103481269999999889e-02 0.000000000000000000e+00 0.000000000000000000e+00
7.644999999999999886e-04 -1.717791880000000063e-02 0.000000000000000000e+00 0.000000000000000000e+00
7.649999999999999465e-04 -1.342212400000000055e-02 0.000000000000000000e+00 0.000000000000000000e+00
7.655000000000000129e-04 -9.782014719999999192e-03 0.000000000000000000e+00 0.000000000000000000e+00
7.659999999999999708e-04 -6.270853350000000180e-03 0.000000000000000000e+00 0.000000000000000000e+00
7.665000000000000372e-04 -2.900574050000000181e-03 0.000000000000000000e+00 0.000000000000000000e+00
7.669999999999999951e-04 3.182136260000000168e-04 0.000000000000000000e+00 0.000000000000000000e+00
7.674999999999999531e-04 3.376214550000000182e-03 0.000000000000000000e+00 0.000000000000000000e+00
7.680000000000000195e-04 6.265431580000000410e-03 0.000000000000000000e+00 0.000000000000000000e+00
7.684999999999999774e-04 8.979143009999999286e-03 0.000000000000000000e+00 0.000000000000000000e+00
7.690000000000000438e-04 1.151187470000000074e-02 0.000000000000000000e+00 0.000000000000000000e+00
7.695000000000000017e-04 1.385936670000000037e-02 0.000000000000000000e+00 0.000000000000000000e+00
7.699999999999999597e-04 1.601853569999999935e-02 0.000000000000000000e+00 0.000000000000000000e+00
7.705000000000000260e-04 1.798743289999999925e-02 0.000000000000000000e+00 0.000000000000000000e+00
7.709999999999999840e-04 1.976519779999999851e-02 0.000000000000000000e+00 0.000000000000000000e+00
7.715000000000000503e-04 2.135200940000000006e-02 0.000000000000000000e+00 0.000000000000000000e+00
7.720000000000000083e-04 2.274903340000000024e-02 0.000000000000000000e+00 0.000000000000000000e+00
7.724999999999999662e-04 2.395836739999999965e-02 0.000000000000000000e+00 0.000000000000000000e+00
7.730000000000000326e-04 2.498298430000000028e-02 0.000000000000000000e+00 0.000000000000000000e+00
7.734999999999999905e-04 2.582667300000000138e-02 0.000000000000000000e+00 0.000000000000000000e+00
7.739999999999999485e-04 2.649397870000000030e-02 0.000000000000000000e+00 0.000000000000000000e+00
7.745000000000000148e-04 2.699014159999999982e-02 0.000000000000000000e+00 0.000000000000000000e+00
7.749999999999999728e-04 2.732103509999999832e-02 0.000000000000000000e+00 0.000000000000000000e+00
7.755000000000000391e-04 2.749310439999999925e-02 0.000000000000000000e+00 0.000000000000000000e+00
7.759999999999999971e-04 2.751330390000000098e-02 0.000000000000000000e+00 0.000000000000000000e+00
7.764999999999999550e-04 2.738903629999999909e-02 0.000000000000000000e+00 0.000000000000000000e+00
7.770000000000000214e-04 2.712809160000000108e-02 0.000000000000000000e+00 0.000000000000000000e+00
7.774999999999999793e-04 2.673858739999999956e-02 0.000000000000000000e+00 0.000000000000000000e+00
7.780000000000000457e-04 2.622891050000000085e-02 0.000000000000000000e+00 0.000000000000000000e+00
7.785000000000000036e-04 2.560765950000000110e-02 0.000000000000000000e+00 0.000000000000000000e+00
7.789999999999999616e-04 2.488358980000000137e-02 0.000000000000000000e+00 0.000000000000000000e+00
7.795000000000000279e-04 2.406556019999999893e-02 0.000000000000000000e+00 0.000000000000000000e+00
7.799999999999999859e-04 2.316248140000000053e-02 0.000000000000000000e+00 0.000000000000000000e+00
7.805000000000000522e-04 2.218326699999999957e-02 0.000000000000000000e+00 0.000000000000000000e+00
7.810000000000000102e-04 2.113678730000000117e-02 0.000000000000000000e+00 0.000000000000000000e+00
7.814999999999999681e-04 2.003182430000000069e-02 0.000000000000000000e+00 0.000000000000000000e+00
7.820000000000000345e-04 1.887703120000000165e-02 0.000000000000000000e+00 0.000000000000000000e+00
7.824999999999999924e-04 1.768089319999999881e-02 0.000000000000000000e+00 0.000000000000000000e+00
7.829999999999999504e-04 1.645169150000000066e-02 0.000000000000000000e+00 0.000000000000000000e+00
7.835000000000000167e-04 1.519747039999999952e-02 0.000000000000000000e+00 0.000000000000000000e+00
7.839999999999999747e-04 1.392600679999999973e-02 0.000000000000000000e+00 0.000000000000000000e+00
7.845000000000000411e-04 1.264478330000000025e-02 0.000000000000000000e+00 0.000000000000000000e+00
7.849999999999999990e-04 1.136096340000000010e-02 0.000000000000000000e+00 0.000000000000000000e+00
7.854999999999999569e-04 1.008136980000000002e-02 0.000000000000000000e+00 0.000000000000000000e+00
7.860000000000000233e-04 8.812466180000000718e-03 0.000000000000000000e+00 0.000000000000000000e+00
7.864999999999999812e-04 7.560340680000000348e-03 0.000000000000000000e+00 0.000000000000000000e+00
7.870000000000000476e-04 6.330693099999999685e-03 0.000000000000000000e+00 0.000000000000000000e+00
7.875000000000000056e-04 5.128824189999999818e-03 0.000000000000000000e+00 0.000000000000000000e+00
7.879999999999999635e-04 3.959627840000000398e-03 0.000000000000000000e+00 0.000000000000000000e+00
7.885000000000000299e-04 2.827585579999999932e-03 0.000000000000000000e+00 0.000000000000000000e+00
7.889999999999999878e-04 1.736763689999999954e-03 0.000000000000000000e+00 0.000000000000000000e+00
7.895000000000000542e-04 6.908124559999999793e-04 0.000000000000000000e+00 0.000000000000000000e+00
7.900000000000000121e-04 -3.070322709999999985e-04 0.000000000000000000e+00 0.000000000000000000e+00
7.904999999999999701e-04 -1.253945459999999913e-03 0.000000000000000000e+00 0.000000000000000000e+00
7.910000000000000364e-04 -2.147507329999999871e-03 0.000000000000000000e+00 0.000000000000000000e+00
7.914999999999999944e-04 -2.985695909999999849e-03 0.000000000000000000e+00 0.000000000000000000e+00
7.919999999999999523e-04 -3.766877960000000140e-03 0.000000000000000000e+00 0.000000000000000000e+00
7.925000000000000187e-04 -4.489798219999999694e-03 0.000000000000000000e+00 0.000000000000000000e+00
7.929999999999999766e-04 -5.153567319999999979e-03 0.000000000000000000e+00 0.000000000000000000e+00
7.935000000000000430e-04 -5.757648270000000415e-03 0.000000000000000000e+00 0.000000000000000000e+00
7.940000000000000009e-04 -6.301841899999999740e-03 0.000000000000000000e+00 0.000000000000000000e+00
7.944999999999999589e-04 -6.786271150000000238e-03 0.000000000000000000e+00 0.000000000000000000e+00
7.950000000000000252e-04 -7.211364540000000066e-03 0.000000000000000000e+00 0.000000000000000000e+00
7.954999999999999832e-04 -7.577838800000000208e-03 0.000000000000000000e+00 0.000000000000000000e+00
7.960000000000000495e-04 -7.886680910000000780e-03 0.000000000000000000e+00 0.000000000000000000e+00
7.965000000000000075e-04 -8.139129570000000480e-03 0.000000000000000000e+00 0.000000000000000000e+00
7.969999999999999654e-04 -8.336656300000000117e-03 0.000000000000000000e+00 0.000000000000000000e+00
7.975000000000000318e-04 -8.480946289999999332e-03 0.000000000000000000e+00 0.000000000000000000e+00
7.979999999999999897e-04 -8.573878990000000436e-03 0.000000000000000000e+00 0.000000000000000000e+00
7.984999999999999477e-04 -8.617508770000000679e-03 0.000000000000000000e+00 0.000000000000000000e+00
7.990000000000000140e-04 -8.614045500000000466e-03 0.000000000000000000e+00 0.000000000000000000e+00
7.994999999999999720e-04 -8.565835390000000119e-03 0.000000000000000000e+00 0.000000000000000000e+00
8.000000000000000383e-04 -8.475341980000000372e-03 0.000000000000000000e+00 0.000000000000000000e+00
8.004999999999999963e-04 -8.345127509999999624e-03 0.000000000000000000e+00 0.000000000000000000e+00
8.009999999999999542e-04 -8.177834679999999162e-03 0.000000000000000000e+00 0.000000000000000000e+00
8.015000000000000206e-04 -7.976168900000000367e-03 0.000000000000000000e+00 0.000000000000000000e+00
8.019999999999999785e-04 -7.742881029999999949e-03 0.000000000000000000e+00 0.000000000000000000e+00
8.025000000000000449e-04 -7.480750880000000373e-03 0.000000000000000000e+00 0.000000000000000000e+00
8.030000000000000028e-04 -7.192571190000000142e-03 0.000000000000000000e+00 0.000000000000000000e+00
8.034999999999999608e-04 -6.881132499999999610e-03 0.000000000000000000e+00 0.000000000000000000e+00
8.040000000000000271e-04 -6.549208669999999864e-03 0.000000000000000000e+00 0.000000000000000000e+00
8.044999999999999851e-04 -6.199543239999999976e-03 0.000000000000000000e+00 0.000000000000000000e+00
8.050000000000000515e-04 -5.834836640000000407e-03 0.000000000000000000e+00 0.000000000000000000e+00
8.055000000000000094e-04 -5.457734229999999624e-03 0.000000000000000000e+00 0.000000000000000000e+00
8.059999999999999673e-04 -5.070815230000000166e-03 0.000000000000000000e+00 0.000000000000000000e+00
8.065000000000000337e-04 -4.676582529999999925e-03 0.000000000000000000e+00 0.000000000000000000e+00
8.069999999999999916e-04 -4.277453439999999614e-03 0.000000000000000000e+00 0.000000000000000000e+00
8.074999999999999496e-04 -3.875751279999999944e-03 0.000000000000000000e+00 0.000000000000000000e+00
8.080000000000000160e-04 -3.473697930000000170e-03 0.000000000000000000e+00 0.000000000000000000e+00
8.084999999999999739e-04 -3.073407279999999971e-03 0.000000000000000000e+00 0.000000000000000000e+00
8.090000000000000403e-04 -2.676879499999999801e-03 0.000000000000000000e+00 0.000000000000000000e+00
8.094999999999999982e-04 -2.285996269999999997e-03 0.000000000000000000e+00 0.000000000000000000e+00
8.099999999999999561e-04 -1.902516799999999985e-03 0.000000000000000000e+00 0.000000000000000000e+00
8.105000000000000225e-04 -1.528074730000000044e-03 0.000000000000000000e+00 0.000000000000000000e+00
8.109999999999999805e-04 -1.164175799999999988e-03 0.000000000000000000e+00 0.000000000000000000e+00
8.115000000000000468e-04 -8.121963650000000061e-04 0.000000000000000000e+00 0.000000000000000000e+00
8.120000000000000048e-04 -4.733825489999999767e-04 0.000000000000000000e+00 0.000000000000000000e+00
8.124999999999999627e-04 -1.488502330000000037e-04 0.000000000000000000e+00 0.000000000000000000e+00
8.130000000000000291e-04 1.604143390000000000e-04 0.000000000000000000e+00 0.000000000000000000e+00
8.134999999999999870e-04 4.535532959999999955e-04 0.000000000000000000e+00 0.000000000000000000e+00
8.140000000000000534e-04 7.298352630000000006e-04 0.000000000000000000e+00 0.000000000000000000e+00
8.145000000000000113e-04 9.886529250000000105e-04 0.000000000000000000e+00 0.000000000000000000e+00
8.149999999999999693e-04 1.229520059999999982e-03 0.000000000000000000e+00 0.000000000000000000e+00
8.155000000000000356e-04 1.452068080000000049e-03 0.000000000000000000e+00 0.000000000000000000e+00
8.159999999999999936e-04 1.656042149999999982e-03 0.000000000000000000e+00 0.000000000000000000e+00
8.164999999999999515e-04 1.841296880000000032e-03 0.000000000000000000e+00 0.000000000000000000e+00
8.170000000000000179e-04 2.007791699999999895e-03 0.000000000000000000e+00 0.000000000000000000e+00
8.174999999999999758e-04 2.155585849999999866e-03 0.000000000000000000e+00 0.000000000000000000e+00
8.180000000000000422e-04 2.284833149999999837e-03 0.000000000000000000e+00 0.000000000000000000e+00
8.185000000000000001e-04 2.395776559999999999e-03 0.000000000000000000e+00 0.000000000000000000e+00
8.189999999999999581e-04 2.488742439999999927e-03 0.000000000000000000e+00 0.000000000000000000e+00
8.195000000000000244e-04 2.564134779999999950e-03 0.000000000000000000e+00 0.000000000000000000e+00
8.199999999999999824e-04 2.622429219999999894e-03 0.000000000000000000e+00 0.000000000000000000e+00
8.205000000000000487e-04 2.664167069999999991e-03 0.000000000000000000e+00 0.000000000000000000e+00
8.210000000000000067e-04 2.689949190000000181e-03 0.000000000000000000e+00 0.000000000000000000e+00
8.214999999999999646e-04 2.700429939999999997e-03 0.000000000000000000e+00 0.000000000000000000e+00
8.220000000000000310e-04 2.696311119999999801e-03 0.000000000000000000e+00 0.000000000000000000e+00
8.224999999999999889e-04 2.678335970000000031e-03 0.000000000000000000e+00 0.000000000000000000e+00
8.229999999999999469e-04 2.647283240000000183e-03 0.000000000000000000e+00 0.000000000000000000e+00
8.235000000000000132e-04 2.603961379999999905e-03 0.000000000000000000e+00 0.000000000000000000e+00
8.239999999999999712e-04 2.549202830000000131e-03 0.000000000000000000e+00 0.000000000000000000e+00
8.245000000000000375e-04 2.483858519999999903e-03 0.000000000000000000e+00 0.000000000000000000e+00
8.249999999999999955e-04 2.408792539999999888e-03 0.000000000000000000e+00 0.000000000000000000e+00
8.254999999999999534e-04 2.324876909999999859e-03 0.000000000000000000e+00 0.000000000000000000e+00
8.260000000000000198e-04 2.232986729999999857e-03 0.000000000000000000e+00 0.000000000000000000e+00
8.264999999999999777e-04 2.133995379999999858e-03 0.000000000000000000e+00 0.000000000000000000e+00
8.270000000000000441e-04 2.028770129999999967e-03 0.000000000000000000e+00 0.000000000000000000e+00
8.275000000000000020e-04 1.918167859999999952e-03 0.000000000000000000e+00 0.000000000000000000e+00
8.279999999999999600e-04 1.803031129999999992e-03 0.000000000000000000e+00 0.000000000000000000e+00
8.285000000000000264e-04 1.684184490000000022e-03 0.000000000000000000e+00 0.000000000000000000e+00
8.289999999999999843e-04 1.562431080000000090e-03 0.000000000000000000e+00 0.000000000000000000e+00
8.295000000000000507e-04 1.438549479999999938e-03 0.000000000000000000e+00 0.000000000000000000e+00
8.300000000000000086e-04 1.313290879999999897e-03 0.000000000000000000e+00 0.000000000000000000e+00
8.304999999999999665e-04 1.187376530000000020e-03 0.000000000000000000e+00 0.000000000000000000e+00
8.310000000000000329e-04 1.061495429999999990e-03 0.000000000000000000e+00 0.000000000000000000e+00
8.314999999999999909e-04 9.363023330000000465e-04 0.000000000000000000e+00 0.000000000000000000e+00
8.319999999999999488e-04 8.124160570000000386e-04 0.000000000000000000e+00 0.000000000000000000e+00
8.325000000000000152e-04 6.904180000000000430e-04 0.000000000000000000e+00 0.000000000000000000e+00
8.329999999999999731e-04 5.708509740000000362e-04 0.000000000000000000e+00 0.000000000000000000e+00
8.335000000000000395e-04 4.542182820000000053e-04 0.000000000000000000e+00 0.000000000000000000e+00
8.339999999999999974e-04 3.409830400000000007e-04 0.000000000000000000e+00 0.000000000000000000e+00
8.344999999999999554e-04 2.315677550000000060e-04 0.000000000000000000e+00 0.000000000000000000e+00
8.350000000000000217e-04 1.263541279999999935e-04 0.000000000000000000e+00 0.000000000000000000e+00
8.354999999999999797e-04 2.568307780000000142e-05 0.000000000000000000e+00 0.000000000000000000e+00
8.360000000000000460e-04 -7.014501550000000593e-05 0.000000000000000000e+00 0.000000000000000000e+00
8.365000000000000040e-04 -1.608698769999999999e-04 0.000000000000000000e+00 0.000000000000000000e+00
8.369999999999999619e-04 -2.462707100000000211e-04 0.000000000000000000e+00 0.000000000000000000e+00
8.375000000000000283e-04 -3.261653940000000030e-04 0.000000000000000000e+00 0.000000000000000000e+00
8.379999999999999862e-04 -4.004095250000000244e-04 0.000000000000000000e+00 0.000000000000000000e+00
8.385000000000000526e-04 -4.688953040000000210e-04 0.000000000000000000e+00 0.000000000000000000e+00
8.390000000000000105e-04 -5.315502860000000411e-04 0.000000000000000000e+00 0.000000000000000000e+00
8.394999999999999685e-04 -5.883360130000000153e-04 0.000000000000000000e+00 0.000000000000000000e+00
8.400000000000000348e-04 -6.392465350000000289e-04 0.000000000000000000e+00 0.000000000000000000e+00
8.404999999999999928e-04 -6.843068300000000213e-04 0.000000000000000000e+00 0.000000000000000000e+00
8.409999999999999507e-04 -7.235711489999999482e-04 0.000000000000000000e+00 0.000000000000000000e+00
8.415000000000000171e-04 -7.571212839999999803e-04 0.000000000000000000e+00 0.000000000000000000e+00
8.419999999999999750e-04 -7.850647799999999499e-04 0.000000000000000000e+00 0.000000000000000000e+00
8.425000000000000414e-04 -8.075330999999999612e-04 0.000000000000000000e+00 0.000000000000000000e+00
8.429999999999999993e-04 -8.246797600000000360e-04 0.000000000000000000e+00 0.000000000000000000e+00
8.434999999999999573e-04 -8.366784359999999802e-04 0.000000000000000000e+00 0.000000000000000000e+00
8.440000000000000236e-04 -8.437210620000000450e-04 0.000000000000000000e+00 0.000000000000000000e+00
8.444999999999999816e-04 -8.460159259999999693e-04 0.000000000000000000e+00 0.000000000000000000e+00
8.450000000000000479e-04 -8.437857770000000389e-04 0.000000000000000000e+00 0.000000000000000000e+00
8.455000000000000059e-04 -8.372659480000000211e-04 0.000000000000000000e+00 0.000000000000000000e+00
8.459999999999999638e-04 -8.267025049999999478e-04 0.000000000000000000e+00 0.000000000000000000e+00
8.465000000000000302e-04 -8.123504369999999747e-04 0.000000000000000000e+00 0.000000000000000000e+00
8.469999999999999881e-04 -7.944718799999999975e-04 0.000000000000000000e+00 0.000000000000000000e+00
8.474999999999999461e-04 -7.733344019999999989e-04 0.000000000000000000e+00 0.000000000000000000e+00
8.480000000000000124e-04 -7.492093369999999839e-04 0.000000000000000000e+00 0.000000000000000000e+00
8.484999999999999704e-04 -7.223701819999999883e-04 0.000000000000000000e+00 0.000000000000000000e+00
8.490000000000000368e-04 -6.930910660000000161e-04 0.000000000000000000e+00 0.000000000000000000e+00
8.494999999999999947e-04 -6.616452920000000107e-04 0.000000000000000000e+00 0.000000000000000000e+00
8.499999999999999526e-04 -6.283039459999999925e-04 0.000000000000000000e+00 0.000000000000000000e+00
8.505000000000000190e-04 -5.933345990000000406e-04 0.000000000000000000e+00 0.000000000000000000e+00
8.509999999999999769e-04 -5.570000819999999840e-04 0.000000000000000000e+00 0.000000000000000000e+00
8.515000000000000433e-04 -5.195573530000000256e-04 0.000000000000000000e+00 0.000000000000000000e+00
8.520000000000000013e-04 -4.812564440000000163e-04 0.000000000000000000e+00 0.000000000000000000e+00
8.524999999999999592e-04 -4.423395009999999848e-04 0.000000000000000000e+00 0.000000000000000000e+00
8.530000000000000256e-04 -4.030399119999999893e-04 0.000000000000000000e+00 0.000000000000000000e+00
8.534999999999999835e-04 -3.635815220000000020e-04 0.000000000000000000e+00 0.000000000000000000e+00
8.540000000000000499e-04 -3.241779379999999754e-04 0.000000000000000000e+00 0.000000000000000000e+00
8.545000000000000078e-04 -2.850319219999999910e-04 0.000000000000000000e+00 0.000000000000000000e+00
8.549999999999999658e-04 -2.463348670000000220e-04 0.000000000000000000e+00 0.000000000000000000e+00
8.555000000000000321e-04 -2.082663650000000065e-04 0.000000000000000000e+00 0.000000000000000000e+00
8.559999999999999901e-04 -1.709938490000000033e-04 0.000000000000000000e+00 0.000000000000000000e+00
8.564999999999999480e-04 -1.346723280000000048e-04 0.000000000000000000e+00 0.000000000000000000e+00
8.570000000000000144e-04 -9.944418549999999599e-05 0.000000000000000000e+00 0.000000000000000000e+00
8.574999999999999723e-04 -6.543906580000000551e-05 0.000000000000000000e+00 0.000000000000000000e+00
8.580000000000000387e-04 -3.277382660000000198e-05 0.000000000000000000e+00 0.000000000000000000e+00
8.584999999999999966e-04 -1.552561279999999906e-06 0.000000000000000000e+00 0.000000000000000000e+00
8.589999999999999546e-04 2.813331210000000161e-05 0.000000000000000000e+00 0.000000000000000000e+00
8.595000000000000209e-04 5.620490160000000024e-05 0.000000000000000000e+00 0.000000000000000000e+00
8.599999999999999789e-04 8.259563279999999951e-05 0.000000000000000000e+00 0.000000000000000000e+00
8.605000000000000452e-04 1.072509880000000008e-04 0.000000000000000000e+00 0.000000000000000000e+00
8.610000000000000032e-04 1.301281919999999900e-04 0.000000000000000000e+00 0.000000000000000000e+00
8.614999999999999611e-04 1.511958599999999975e-04 0.000000000000000000e+00 0.000000000000000000e+00
8.620000000000000275e-04 1.704335909999999960e-04 0.000000000000000000e+00 0.000000000000000000e+00
8.624999999999999854e-04 1.878315370000000070e-04 0.000000000000000000e+00 0.000000000000000000e+00
8.630000000000000518e-04 2.033899299999999976e-04 0.000000000000000000e+00 0.000000000000000000e+00
8.635000000000000097e-04 2.171185820000000094e-04 0.000000000000000000e+00 0.000000000000000000e+00
8.639999999999999677e-04 2.290363610000000015e-04 0.000000000000000000e+00 0.000000000000000000e+00
8.645000000000000340e-04 2.391706479999999879e-04 0.000000000000000000e+00 0.000000000000000000e+00
8.649999999999999920e-04 2.475567659999999880e-04 0.000000000000000000e+00 0.000000000000000000e+00
8.654999999999999499e-04 2.542374110000000234e-04 0.000000000000000000e+00 0.000000000000000000e+00
8.660000000000000163e-04 2.592620609999999855e-04 0.000000000000000000e+00 0.000000000000000000e+00
8.664999999999999742e-04 2.626863809999999805e-04 0.000000000000000000e+00 0.000000000000000000e+00
8.670000000000000406e-04 2.645716309999999842e-04 0.000000000000000000e+00 0.000000000000000000e+00
8.674999999999999985e-04 2.649840670000000128e-04 0.000000000000000000e+00 0.000000000000000000e+00
8.679999999999999565e-04 2.639943509999999869e-04 0.000000000000000000e+00 0.000000000000000000e+00
8.685000000000000228e-04 2.616769609999999749e-04 0.000000000000000000e+00 0.000000000000000000e+00
8.689999999999999808e-04 2.581096179999999886e-04 0.000000000000000000e+00 0.000000000000000000e+00
8.695000000000000472e-04 2.533727179999999764e-04 0.000000000000000000e+00 0.000000000000000000e+00
8.700000000000000051e-04 2.475487810000000189e-04 0.000000000000000000e+00 0.000000000000000000e+00
8.704999999999999630e-04 2.407219160000000004e-04 0.000000000000000000e+00 0.000000000000000000e+00
8.710000000000000294e-04 2.329773029999999978e-04 0.000000000000000000e+00 0.000000000000000000e+00
8.714999999999999874e-04 2.244006980000000091e-04 0.000000000000000000e+00 0.000000000000000000e+00
8.720000000000000537e-04 2.150779549999999932e-04 0.000000000000000000e+00 0.000000000000000000e+00
8.725000000000000117e-04 2.050945739999999952e-04 0.000000000000000000e+00 0.000000000000000000e+00
8.729999999999999696e-04 1.945352729999999866e-04 0.000000000000000000e+00 0.000000000000000000e+00
8.735000000000000360e-04 1.834835870000000040e-04 0.000000000000000000e+00 0.000000000000000000e+00
8.739999999999999939e-04 1.720214859999999945e-04 0.000000000000000000e+00 0.000000000000000000e+00
8.744999999999999519e-04 1.602290290000000063e-04 0.000000000000000000e+00 0.000000000000000000e+00
8.750000000000000182e-04 1.481840399999999921e-04 0.000000000000000000e+00 0.000000000000000000e+00
8.754999999999999762e-04 1.359618119999999892e-04 0.000000000000000000e+00 0.000000000000000000e+00
8.760000000000000425e-04 1.236348409999999895e-04 0.000000000000000000e+00 0.000000000000000000e+00
8.765000000000000005e-04 1.112725830000000027e-04 0.000000000000000000e+00 0.000000000000000000e+00
8.769999999999999584e-04 9.894124689999999754e-05 0.000000000000000000e+00 0.000000000000000000e+00
8.775000000000000248e-04 8.670360520000000473e-05 0.000000000000000000e+00 0.000000000000000000e+00
8.779999999999999827e-04 7.461883950000000262e-05 0.000000000000000000e+00 0.000000000000000000e+00
8.785000000000000491e-04 6.274240819999999589e-05 0.000000000000000000e+00 0.000000000000000000e+00
8.790000000000000070e-04 5.112594169999999790e-05 0.000000000000000000e+00 0.000000000000000000e+00
8.794999999999999650e-04 3.981716220000000150e-05 0.000000000000000000e+00 0.000000000000000000e+00
8.800000000000000313e-04 2.885982849999999900e-05 0.000000000000000000e+00 0.000000000000000000e+00
8.804999999999999893e-04 1.829370319999999877e-05 0.000000000000000000e+00 0.000000000000000000e+00
8.809999999999999472e-04 8.154543429999999804e-06 0.000000000000000000e+00 0.000000000000000000e+00
8.815000000000000136e-04 -1.525888059999999964e-06 0.000000000000000000e+00 0.000000000000000000e+00
8.819999999999999715e-04 -1.071979070000000083e-05 0.000000000000000000e+00 0.000000000000000000e+00
8.825000000000000379e-04 -1.940327519999999919e-05 0.000000000000000000e+00 0.000000000000000000e+00
8.829999999999999958e-04 -2.755629510000000035e-05 0.000000000000000000e+00 0.000000000000000000e+00
8.834999999999999538e-04 -3.516256100000000109e-05 0.000000000000000000e+00 0.000000000000000000e+00
8.840000000000000201e-04 -4.220943980000000235e-05 0.000000000000000000e+00 0.000000000000000000e+00
8.844999999999999781e-04 -4.868783979999999779e-05 0.000000000000000000e+00 0.000000000000000000e+00
8.850000000000000444e-04 -5.459208340000000194e-05 0.000000000000000000e+00 0.000000000000000000e+00
8.855000000000000024e-04 -5.991976739999999794e-05 0.000000000000000000e+00 0.000000000000000000e+00
8.859999999999999603e-04 -6.467161379999999428e-05 0.000000000000000000e+00 0.000000000000000000e+00
8.865000000000000267e-04 -6.885131199999999535e-05 0.000000000000000000e+00 0.000000000000000000e+00
8.869999999999999846e-04 -7.246535199999999438e-05 0.000000000000000000e+00 0.000000000000000000e+00
8.875000000000000510e-04 -7.552285290000000141e-05 0.000000000000000000e+00 0.000000000000000000e+00
8.880000000000000089e-04 -7.803538500000000062e-05 0.000000000000000000e+00 0.000000000000000000e+00
8.884999999999999669e-04 -8.001678829999999798e-05 0.000000000000000000e+00 0.000000000000000000e+00
8.890000000000000333e-04 -8.148298830000000098e-05 0.000000000000000000e+00 0.000000000000000000e+00
8.894999999999999912e-04 -8.245180950000000498e-05 0.000000000000000000e+00 0.000000000000000000e+00
8.899999999999999491e-04 -8.294278890000000653e-05 0.000000000000000000e+00 0.000000000000000000e+00
8.905000000000000155e-04 -8.297698939999999820e-05 0.000000000000000000e+00 0.000000000000000000e+00
8.909999999999999734e-04 -8.257681460000000661e-05 0.000000000000000000e+00 0.000000000000000000e+00
8.915000000000000398e-04 -8.176582529999999890e-05 0.000000000000000000e+00 0.000000000000000000e+00
8.919999999999999978e-04 -8.056855989999999867e-05 0.000000000000000000e+00 0.000000000000000000e+00
8.924999999999999557e-04 -7.901035799999999668e-05 0.000000000000000000e+00 0.000000000000000000e+00
8.930000000000000221e-04 -7.711718840000000115e-05 0.000000000000000000e+00 0.000000000000000000e+00
8.934999999999999800e-04 -7.491548289999999980e-05 0.000000000000000000e+00 0.000000000000000000e+00
8.940000000000000464e-04 -7.243197550000000343e-05 0.000000000000000000e+00 0.000000000000000000e+00
8.945000000000000043e-04 -6.969354789999999912e-05 0.000000000000000000e+00 0.000000000000000000e+00
8.949999999999999623e-04 -6.672708219999999406e-05 0.000000000000000000e+00 0.000000000000000000e+00
8.955000000000000286e-04 -6.355932049999999918e-05 0.000000000000000000e+00 0.000000000000000000e+00
8.959999999999999866e-04 -6.021673280000000274e-05 0.000000000000000000e+00 0.000000000000000000e+00
8.965000000000000529e-04 -5.672539179999999893e-05 0.000000000000000000e+00 0.000000000000000000e+00
8.970000000000000109e-04 -5.311085719999999891e-05 0.000000000000000000e+00 0.000000000000000000e+00
8.974999999999999688e-04 -4.939806719999999680e-05 0.000000000000000000e+00 0.000000000000000000e+00
8.980000000000000352e-04 -4.561123980000000085e-05 0.000000000000000000e+00 0.000000000000000000e+00
8.984999999999999931e-04 -4.177378160000000076e-05 0.000000000000000000e+00 0.000000000000000000e+00
8.989999999999999511e-04 -3.790820609999999869e-05 0.000000000000000000e+00 0.000000000000000000e+00
8.995000000000000174e-04 -3.403606049999999955e-05 0.000000000000000000e+00 0.000000000000000000e+00
8.999999999999999754e-04 -3.017786089999999956e-05 0.000000000000000000e+00 0.000000000000000000e+00
9.005000000000000417e-04 -2.635303649999999978e-05 0.000000000000000000e+00 0.000000000000000000e+00
9.009999999999999997e-04 -2.257988189999999957e-05 0.000000000000000000e+00 0.000000000000000000e+00
9.014999999999999576e-04 -1.887551790000000009e-05 0.000000000000000000e+00 0.000000000000000000e+00
9.020000000000000240e-04 -1.525586019999999953e-05 0.000000000000000000e+00 0.000000000000000000e+00
9.024999999999999819e-04 -1.173559580000000078e-05 0.000000000000000000e+00 0.000000000000000000e+00
9.030000000000000483e-04 -8.328167490000000598e-06 0.000000000000000000e+00 0.000000000000000000e+00
9.035000000000000062e-04 -5.045765130000000391e-06 0.000000000000000000e+00 0.000000000000000000e+00
9.039999999999999642e-04 -1.899323890000000019e-06 0.000000000000000000e+00 0.000000000000000000e+00
9.045000000000000305e-04 1.101470569999999926e-06 0.000000000000000000e+00 0.000000000000000000e+00
9.049999999999999885e-04 3.948170939999999780e-06 0.000000000000000000e+00 0.000000000000000000e+00
9.054999999999999464e-04 6.633550999999999603e-06 0.000000000000000000e+00 0.000000000000000000e+00
9.060000000000000128e-04 9.151583010000000597e-06 0.000000000000000000e+00 0.000000000000000000e+00
9.064999999999999707e-04 1.149740990000000015e-05 0.000000000000000000e+00 0.000000000000000000e+00
9.070000000000000371e-04 1.366731249999999960e-05 0.000000000000000000e+00 0.000000000000000000e+00
9.074999999999999950e-04 1.565867319999999903e-05 0.000000000000000000e+00 0.000000000000000000e+00
9.079999999999999530e-04 1.746993439999999965e-05 0.000000000000000000e+00 0.000000000000000000e+00
9.085000000000000193e-04 1.910055500000000164e-05 0.000000000000000000e+00 0.000000000000000000e+00
9.089999999999999773e-04 2.055096239999999939e-05 0.000000000000000000e+00 0.000000000000000000e+00
9.095000000000000437e-04 2.182250269999999991e-05 0.000000000000000000e+00 0.000000000000000000e+00
9.100000000000000016e-04 2.291738799999999899e-05 0.000000000000000000e+00 0.000000000000000000e+00
9.104999999999999595e-04 2.383864240000000041e-05 0.000000000000000000e+00 0.000000000000000000e+00
9.110000000000000259e-04 2.459004570000000107e-05 0.000000000000000000e+00 0.000000000000000000e+00
9.114999999999999838e-04 2.517607670000000000e-05 0.000000000000000000e+00 0.000000000000000000e+00
9.120000000000000502e-04 2.560185510000000149e-05 0.000000000000000000e+00 0.000000000000000000e+00
9.125000000000000082e-04 2.587308300000000153e-05 0.000000000000000000e+00 0.000000000000000000e+00
9.129999999999999661e-04 2.599598669999999941e-05 0.000000000000000000e+00 0.000000000000000000e+00
9.135000000000000325e-04 2.597725789999999962e-05 0.000000000000000000e+00 0.000000000000000000e+00
9.139999999999999904e-04 2.582399629999999928e-05 0.000000000000000000e+00 0.000000000000000000e+00
9.144999999999999483e-04 2.554365190000000118e-05 0.000000000000000000e+00 0.000000000000000000e+00
9.150000000000000147e-04 2.514396920000000024e-05 0.000000000000000000e+00 0.000000000000000000e+00
9.154999999999999727e-04 2.463293209999999837e-05 0.000000000000000000e+00 0.000000000000000000e+00
9.160000000000000390e-04 2.401871040000000141e-05 0.000000000000000000e+00 0.000000000000000000e+00
9.164999999999999970e-04 2.330960810000000142e-05 0.000000000000000000e+00 0.000000000000000000e+00
9.169999999999999549e-04 2.251401349999999850e-05 0.000000000000000000e+00 0.000000000000000000e+00
9.175000000000000213e-04 2.164035110000000128e-05 0.000000000000000000e+00 0.000000000000000000e+00
9.179999999999999792e-04 2.069703609999999861e-05 0.000000000000000000e+00 0.000000000000000000e+00
9.185000000000000456e-04 1.969243090000000125e-05 0.000000000000000000e+00 0.000000000000000000e+00
9.190000000000000035e-04 1.863480389999999919e-05 0.000000000000000000e+00 0.000000000000000000e+00
9.194999999999999615e-04 1.753229150000000161e-05 0.000000000000000000e+00 0.000000000000000000e+00
9.200000000000000278e-04 1.639286170000000146e-05 0.000000000000000000e+00 0.000000000000000000e+00
9.204999999999999858e-04 1.522428120000000049e-05 0.000000000000000000e+00 0.000000000000000000e+00
9.210000000000000521e-04 1.403408459999999922e-05 0.000000000000000000e+00 0.000000000000000000e+00
9.215000000000000101e-04 1.282954690000000003e-05 0.000000000000000000e+00 0.000000000000000000e+00
9.219999999999999680e-04 1.161765820000000058e-05 0.000000000000000000e+00 0.000000000000000000e+00
9.225000000000000344e-04 1.040510130000000060e-05 0.000000000000000000e+00 0.000000000000000000e+00
9.229999999999999923e-04 9.198232090000000446e-06 0.000000000000000000e+00 0.000000000000000000e+00
9.234999999999999503e-04 8.003062649999999486e-06 0.000000000000000000e+00 0.000000000000000000e+00
9.240000000000000166e-04 6.825246799999999828e-06 0.000000000000000000e+00 0.000000000000000000e+00
9.244999999999999746e-04 5.670068359999999718e-06 0.000000000000000000e+00 0.000000000000000000e+00
9.250000000000000409e-04 4.542431909999999833e-06 0.000000000000000000e+00 0.000000000000000000e+00
9.254999999999999989e-04 3.446855929999999995e-06 0.000000000000000000e+00 0.000000000000000000e+00
9.259999999999999568e-04 2.387468319999999865e-06 0.000000000000000000e+00 0.000000000000000000e+00
9.265000000000000232e-04 1.368004250000000032e-06 0.000000000000000000e+00 0.000000000000000000e+00
9.269999999999999811e-04 3.918060069999999804e-07 0.000000000000000000e+00 0.000000000000000000e+00
9.275000000000000475e-04 -5.381749350000000156e-07 0.000000000000000000e+00 0.000000000000000000e+00
9.280000000000000054e-04 -1.419374029999999938e-06 0.000000000000000000e+00 0.000000000000000000e+00
9.284999999999999634e-04 -2.249607879999999812e-06 0.000000000000000000e+00 0.000000000000000000e+00
9.290000000000000297e-04 -3.027066800000000052e-06 0.000000000000000000e+00 0.000000000000000000e+00
9.294999999999999877e-04 -3.750305749999999800e-06 0.000000000000000000e+00 0.000000000000000000e+00
9.300000000000000541e-04 -4.418233859999999905e-06 0.000000000000000000e+00 0.000000000000000000e+00
9.305000000000000120e-04 -5.030102639999999753e-06 0.000000000000000000e+00 0.000000000000000000e+00
9.309999999999999699e-04 -5.585492869999999898e-06 0.000000000000000000e+00 0.000000000000000000e+00
9.315000000000000363e-04 -6.084300619999999629e-06 0.000000000000000000e+00 0.000000000000000000e+00
9.319999999999999942e-04 -6.526722109999999648e-06 0.000000000000000000e+00 0.000000000000000000e+00
9.324999999999999522e-04 -6.913237899999999989e-06 0.000000000000000000e+00 0.000000000000000000e+00
9.330000000000000186e-04 -7.244596309999999592e-06 0.000000000000000000e+00 0.000000000000000000e+00
9.334999999999999765e-04 -7.521796279999999768e-06 0.000000000000000000e+00 0.000000000000000000e+00
9.340000000000000429e-04 -7.746069799999999973e-06 0.000000000000000000e+00 0.000000000000000000e+00
9.345000000000000008e-04 -7.918863899999999600e-06 0.000000000000000000e+00 0.000000000000000000e+00
9.349999999999999587e-04 -8.041822550000000510e-06 0.000000000000000000e+00 0.000000000000000000e+00
9.355000000000000251e-04 -8.116768290000000747e-06 0.000000000000000000e+00 0.000000000000000000e+00
9.359999999999999831e-04 -8.145683939999999549e-06 0.000000000000000000e+00 0.000000000000000000e+00
9.365000000000000494e-04 -8.130694300000000004e-06 0.000000000000000000e+00 0.000000000000000000e+00
9.370000000000000074e-04 -8.074048090000000708e-06 0.000000000000000000e+00 0.000000000000000000e+00
9.374999999999999653e-04 -7.978100069999999517e-06 0.000000000000000000e+00 0.000000000000000000e+00
9.380000000000000317e-04 -7.845293529999999274e-06 0.000000000000000000e+00 0.000000000000000000e+00
9.384999999999999896e-04 -7.678143160000000091e-06 0.000000000000000000e+00 0.000000000000000000e+00
9.389999999999999476e-04 -7.479218440000000297e-06 0.000000000000000000e+00 0.000000000000000000e+00
9.395000000000000139e-04 -7.251127479999999647e-06 0.000000000000000000e+00 0.000000000000000000e+00
9.399999999999999719e-04 -6.996501570000000245e-06 0.000000000000000000e+00 0.000000000000000000e+00
9.405000000000000382e-04 -6.717980269999999677e-06 0.000000000000000000e+00 0.000000000000000000e+00
9.409999999999999962e-04 -6.418197239999999960e-06 0.000000000000000000e+00 0.000000000000000000e+00
9.414999999999999541e-04 -6.099766829999999770e-06 0.000000000000000000e+00 0.000000000000000000e+00
9.420000000000000205e-04 -5.765271369999999790e-06 0.000000000000000000e+00 0.000000000000000000e+00
9.424999999999999784e-04 -5.417249290000000276e-06 0.000000000000000000e+00 0.000000000000000000e+00
9.430000000000000448e-04 -5.058184089999999796e-06 0.000000000000000000e+00 0.000000000000000000e+00
9.435000000000000027e-04 -4.690494049999999619e-06 0.000000000000000000e+00 0.000000000000000000e+00
9.439999999999999607e-04 -4.316522870000000255e-06 0.000000000000000000e+00 0.000000000000000000e+00
9.445000000000000270e-04 -3.938531169999999847e-06 0.000000000000000000e+00 0.000000000000000000e+00
9.449999999999999850e-04 -3.558688749999999971e-06 0.000000000000000000e+00 0.000000000000000000e+00
9.455000000000000513e-04 -3.179067780000000204e-06 0.000000000000000000e+00 0.000000000000000000e+00
9.460000000000000093e-04 -2.801636879999999944e-06 0.000000000000000000e+00 0.000000000000000000e+00
9.464999999999999672e-04 -2.428255869999999908e-06 0.000000000000000000e+00 0.000000000000000000e+00
9.470000000000000336e-04 -2.060671560000000195e-06 0.000000000000000000e+00 0.000000000000000000e+00
9.474999999999999915e-04 -1.700514130000000078e-06 0.000000000000000000e+00 0.000000000000000000e+00
9.479999999999999495e-04 -1.349294469999999996e-06 0.000000000000000000e+00 0.000000000000000000e+00
9.485000000000000158e-04 -1.008402169999999987e-06 0.000000000000000000e+00 0.000000000000000000e+00
9.489999999999999738e-04 -6.791042619999999883e-07 0.000000000000000000e+00 0.000000000000000000e+00
9.495000000000000401e-04 -3.625446739999999770e-07 0.000000000000000000e+00 0.000000000000000000e+00
9.499999999999999981e-04 -5.974436869999999890e-08 0.000000000000000000e+00 0.000000000000000000e+00
9.504999999999999560e-04 2.283979159999999912e-07 0.000000000000000000e+00 0.000000000000000000e+00
9.510000000000000224e-04 5.011043080000000171e-07 0.000000000000000000e+00 0.000000000000000000e+00
9.514999999999999803e-04 7.577158819999999758e-07 0.000000000000000000e+00 0.000000000000000000e+00
9.520000000000000467e-04 9.976902129999999609e-07 0.000000000000000000e+00 0.000000000000000000e+00
9.525000000000000046e-04 1.220598449999999894e-06 0.000000000000000000e+00 0.000000000000000000e+00
9.529999999999999626e-04 1.426121929999999922e-06 0.000000000000000000e+00 0.000000000000000000e+00
9.535000000000000290e-04 1.614048399999999944e-06 0.000000000000000000e+00 0.000000000000000000e+00
9.539999999999999869e-04 1.784267860000000101e-06 0.000000000000000000e+00 0.000000000000000000e+00
9.545000000000000533e-04 1.936768080000000074e-06 0.000000000000000000e+00 0.000000000000000000e+00
9.550000000000000112e-04 2.071629830000000206e-06 0.000000000000000000e+00 0.000000000000000000e+00
9.554999999999999691e-04 2.189021870000000057e-06 0.000000000000000000e+00 0.000000000000000000e+00
9.560000000000000355e-04 2.289195709999999934e-06 0.000000000000000000e+00 0.000000000000000000e+00
9.564999999999999935e-04 2.372480210000000153e-06 0.000000000000000000e+00 0.000000000000000000e+00
9.569999999999999514e-04 2.439276039999999997e-06 0.000000000000000000e+00 0.000000000000000000e+00
9.575000000000000178e-04 2.490050029999999883e-06 0.000000000000000000e+00 0.000000000000000000e+00
9.579999999999999757e-04 2.525329520000000133e-06 0.000000000000000000e+00 0.000000000000000000e+00
9.585000000000000421e-04 2.545696520000000120e-06 0.000000000000000000e+00 0.000000000000000000e+00
9.590000000000000000e-04 2.551782069999999830e-06 0.000000000000000000e+00 0.000000000000000000e+00
9.594999999999999580e-04 2.544260460000000074e-06 0.000000000000000000e+00 0.000000000000000000e+00
9.600000000000000243e-04 2.523843620000000135e-06 0.000000000000000000e+00 0.000000000000000000e+00
9.604999999999999823e-04 2.491275519999999900e-06 0.000000000000000000e+00 0.000000000000000000e+00
9.610000000000000486e-04 2.447326689999999889e-06 0.000000000000000000e+00 0.000000000000000000e+00
9.615000000000000066e-04 2.392788950000000136e-06 0.000000000000000000e+00 0.000000000000000000e+00
9.619999999999999645e-04 2.328470159999999989e-06 0.000000000000000000e+00 0.000000000000000000e+00
9.625000000000000309e-04 2.255189269999999853e-06 0.000000000000000000e+00 0.000000000000000000e+00
9.629999999999999888e-04 2.173771449999999823e-06 0.000000000000000000e+00 0.000000000000000000e+00
9.634999999999999468e-04 2.085043530000000088e-06 0.000000000000000000e+00 0.000000000000000000e+00
9.640000000000000131e-04 1.989829569999999894e-06 0.000000000000000000e+00 0.000000000000000000e+00
9.644999999999999711e-04 1.888946720000000103e-06 0.000000000000000000e+00 0.000000000000000000e+00
9.650000000000000374e-04 1.783201279999999911e-06 0.000000000000000000e+00 0.000000000000000000e+00
9.654999999999999954e-04 1.673385049999999915e-06 0.000000000000000000e+00 0.000000000000000000e+00
9.659999999999999533e-04 1.560271929999999942e-06 0.000000000000000000e+00 0.000000000000000000e+00
9.665000000000000197e-04 1.444614740000000005e-06 0.000000000000000000e+00 0.000000000000000000e+00
9.669999999999999776e-04 1.327142329999999993e-06 0.000000000000000000e+00 0.000000000000000000e+00
9.675000000000000440e-04 1.208557010000000076e-06 0.000000000000000000e+00 0.000000000000000000e+00
9.680000000000000019e-04 1.089532160000000096e-06 0.000000000000000000e+00 0.000000000000000000e+00
9.684999999999999599e-04 9.707101730000000335e-07 0.000000000000000000e+00 0.000000000000000000e+00
9.690000000000000262e-04 8.527006140000000094e-07 0.000000000000000000e+00 0.000000000000000000e+00
9.694999999999999842e-04 7.360786829999999980e-07 0.000000000000000000e+00 0.000000000000000000e+00
9.700000000000000505e-04 6.213839049999999473e-07 0.000000000000000000e+00 0.000000000000000000e+00
9.705000000000000085e-04 5.091190860000000152e-07 0.000000000000000000e+00 0.000000000000000000e+00
9.709999999999999664e-04 3.997495010000000059e-07 0.000000000000000000e+00 0.000000000000000000e+00
9.715000000000000328e-04 2.937023290000000206e-07 0.000000000000000000e+00 0.000000000000000000e+00
9.719999999999999907e-04 1.913663030000000084e-07 0.000000000000000000e+00 0.000000000000000000e+00
9.724999999999999487e-04 9.309158719999999817e-08 0.000000000000000000e+00 0.000000000000000000e+00
9.730000000000000151e-04 -8.101423310000000403e-10 0.000000000000000000e+00 0.000000000000000000e+00
9.734999999999999730e-04 -9.006542140000000478e-08 0.000000000000000000e+00 0.000000000000000000e+00
9.740000000000000394e-04 -1.744385339999999949e-07 0.000000000000000000e+00 0.000000000000000000e+00
9.744999999999999973e-04 -2.537308759999999844e-07 0.000000000000000000e+00 0.000000000000000000e+00
9.749999999999999552e-04 -3.277801540000000169e-07 0.000000000000000000e+00 0.000000000000000000e+00
9.755000000000000216e-04 -3.964594390000000208e-07 0.000000000000000000e+00 0.000000000000000000e+00
9.759999999999999796e-04 -4.596760780000000112e-07 0.000000000000000000e+00 0.000000000000000000e+00
9.765000000000000459e-04 -5.173704849999999924e-07 0.000000000000000000e+00 0.000000000000000000e+00
9.770000000000000039e-04 -5.695148149999999655e-07 0.000000000000000000e+00 0.000000000000000000e+00
9.775000000000000702e-04 -6.161115399999999509e-07 0.000000000000000000e+00 0.000000000000000000e+00
9.779999999999999197e-04 -6.571919370000000092e-07 0.000000000000000000e+00 0.000000000000000000e+00
9.784999999999999861e-04 -6.928145039999999480e-07 0.000000000000000000e+00 0.000000000000000000e+00
9.790000000000000525e-04 -7.230633049999999889e-07 0.000000000000000000e+00 0.000000000000000000e+00
9.794999999999999020e-04 -7.480462700000000004e-07 0.000000000000000000e+00 0.000000000000000000e+00
9.799999999999999684e-04 -7.678934539999999587e-07 0.000000000000000000e+00 0.000000000000000000e+00
9.805000000000000347e-04 -7.827552599999999607e-07 0.000000000000000000e+00 0.000000000000000000e+00
9.810000000000001011e-04 -7.928006549999999989e-07 0.000000000000000000e+00 0.000000000000000000e+00
9.814999999999999506e-04 -7.982153649999999785e-07 0.000000000000000000e+00 0.000000000000000000e+00
9.820000000000000170e-04 -7.992000829999999930e-07 0.000000000000000000e+00 0.000000000000000000e+00
9.825000000000000833e-04 -7.959686789999999725e-07 0.000000000000000000e+00 0.000000000000000000e+00
9.829999999999999329e-04 -7.887464369999999581e-07 0.000000000000000000e+00 0.000000000000000000e+00
9.834999999999999992e-04 -7.777683130000000303e-07 0.000000000000000000e+00 0.000000000000000000e+00
9.840000000000000656e-04 -7.632772319999999544e-07 0.000000000000000000e+00 0.000000000000000000e+00
9.844999999999999151e-04 -7.455224270000000372e-07 0.000000000000000000e+00 0.000000000000000000e+00
9.849999999999999815e-04 -7.247578319999999569e-07 0.000000000000000000e+00 0.000000000000000000e+00
9.855000000000000478e-04 -7.012405169999999675e-07 0.000000000000000000e+00 0.000000000000000000e+00
9.859999999999998974e-04 -6.752292009999999524e-07 0.000000000000000000e+00 0.000000000000000000e+00
9.864999999999999637e-04 -6.469828170000000415e-07 0.000000000000000000e+00 0.000000000000000000e+00
9.870000000000000301e-04 -6.167591500000000121e-07 0.000000000000000000e+00 0.000000000000000000e+00
9.875000000000000965e-04 -5.848135540000000347e-07 0.000000000000000000e+00 0.000000000000000000e+00
9.879999999999999460e-04 -5.513977359999999674e-07 0.000000000000000000e+00 0.000000000000000000e+00
9.885000000000000123e-04 -5.167586270000000253e-07 0.000000000000000000e+00 0.000000000000000000e+00
9.890000000000000787e-04 -4.811373290000000311e-07 0.000000000000000000e+00 0.000000000000000000e+00
9.894999999999999282e-04 -4.447681459999999764e-07 0.000000000000000000e+00 0.000000000000000000e+00
9.899999999999999946e-04 -4.078776999999999916e-07 0.000000000000000000e+00 0.000000000000000000e+00
9.905000000000000610e-04 -3.706841250000000159e-07 0.000000000000000000e+00 0.000000000000000000e+00
9.909999999999999105e-04 -3.333963540000000166e-07 0.000000000000000000e+00 0.000000000000000000e+00
9.914999999999999768e-04 -2.962134810000000047e-07 0.000000000000000000e+00 0.000000000000000000e+00
9.920000000000000432e-04 -2.593242109999999977e-07 0.000000000000000000e+00 0.000000000000000000e+00
9.924999999999998927e-04 -2.229063880000000022e-07 0.000000000000000000e+00 0.000000000000000000e+00
9.929999999999999591e-04 -1.871266080000000127e-07 0.000000000000000000e+00 0.000000000000000000e+00
9.935000000000000255e-04 -1.521398999999999924e-07 0.000000000000000000e+00 0.000000000000000000e+00
9.940000000000000918e-04 -1.180894979999999994e-07 0.000000000000000000e+00 0.000000000000000000e+00
9.944999999999999413e-04 -8.510666730000000382e-08 0.000000000000000000e+00 0.000000000000000000e+00
9.950000000000000077e-04 -5.331062159999999855e-08 0.000000000000000000e+00 0.000000000000000000e+00
9.955000000000000741e-04 -2.280848999999999885e-08 0.000000000000000000e+00 0.000000000000000000e+00
9.959999999999999236e-04 6.304640810000000357e-09 0.000000000000000000e+00 0.000000000000000000e+00
9.964999999999999900e-04 3.394562829999999735e-08 0.000000000000000000e+00 0.000000000000000000e+00
9.970000000000000563e-04 6.004311659999999785e-08 0.000000000000000000e+00 0.000000000000000000e+00
9.974999999999999058e-04 8.453732600000000255e-08 0.000000000000000000e+00 0.000000000000000000e+00
9.979999999999999722e-04 1.073797930000000029e-07 0.000000000000000000e+00 0.000000000000000000e+00
9.985000000000000386e-04 1.285330610000000131e-07 0.000000000000000000e+00 0.000000000000000000e+00
9.990000000000001049e-04 1.479703369999999991e-07 0.000000000000000000e+00 0.000000000000000000e+00
9.994999999999999545e-04 1.656750979999999911e-07 0.000000000000000000e+00 0.000000000000000000e+00
1.000000000000000021e-03 1.816406720000000063e-07 0.000000000000000000e+00 0.000000000000000000e+00
1.000500000000000087e-03 1.958697869999999880e-07 0.000000000000000000e+00 0.000000000000000000e+00
1.000999999999999937e-03 2.083740909999999962e-07 0.000000000000000000e+00 0.000000000000000000e+00
1.001500000000000003e-03 2.191736489999999983e-07 0.000000000000000000e+00 0.000000000000000000e+00
1.002000000000000069e-03 2.282964250000000014e-07 0.000000000000000000e+00 0.000000000000000000e+00
1.002499999999999919e-03 2.357777430000000028e-07 0.000000000000000000e+00 0.000000000000000000e+00
1.002999999999999985e-03 2.416597400000000177e-07 0.000000000000000000e+00 0.000000000000000000e+00
1.003500000000000052e-03 2.459908110000000247e-07 0.000000000000000000e+00 0.000000000000000000e+00
1.003999999999999901e-03 2.488250440000000071e-07 0.000000000000000000e+00 0.000000000000000000e+00
1.004499999999999968e-03 2.502216590000000093e-07 0.000000000000000000e+00 0.000000000000000000e+00
1.005000000000000034e-03 2.502444449999999738e-07 0.000000000000000000e+00 0.000000000000000000e+00
1.005500000000000100e-03 2.489612019999999933e-07 0.000000000000000000e+00 0.000000000000000000e+00
1.005999999999999950e-03 2.464431869999999953e-07 0.000000000000000000e+00 0.000000000000000000e+00
1.006500000000000016e-03 2.427645740000000068e-07 0.000000000000000000e+00 0.000000000000000000e+00
1.007000000000000083e-03 2.380019209999999940e-07 0.000000000000000000e+00 0.000000000000000000e+00
1.007499999999999932e-03 2.322336560000000097e-07 0.000000000000000000e+00 0.000000000000000000e+00
1.007999999999999998e-03 2.255395720000000025e-07 0.000000000000000000e+00 0.000000000000000000e+00
1.008500000000000065e-03 2.180003439999999971e-07 0.000000000000000000e+00 0.000000000000000000e+00
1.008999999999999914e-03 2.096970680000000101e-07 0.000000000000000000e+00 0.000000000000000000e+00
1.009499999999999981e-03 2.007108130000000129e-07 0.000000000000000000e+00 0.000000000000000000e+00
1.010000000000000047e-03 1.911222030000000042e-07 0.000000000000000000e+00 0.000000000000000000e+00
1.010499999999999897e-03 1.810110160000000104e-07 0.000000000000000000e+00 0.000000000000000000e+00
1.010999999999999963e-03 1.704558130000000110e-07 0.000000000000000000e+00 0.000000000000000000e+00
1.011500000000000029e-03 1.595335830000000004e-07 0.000000000000000000e+00 0.000000000000000000e+00
1.012000000000000096e-03 1.483194270000000066e-07 0.000000000000000000e+00 0.000000000000000000e+00
1.012499999999999945e-03 1.368862510000000095e-07 0.000000000000000000e+00 0.000000000000000000e+00
1.013000000000000012e-03 1.253045039999999968e-07 0.000000000000000000e+00 0.000000000000000000e+00
1.013500000000000078e-03 1.136419209999999974e-07 0.000000000000000000e+00 0.000000000000000000e+00
1.013999999999999927e-03 1.019633160000000060e-07 0.000000000000000000e+00 0.000000000000000000e+00
1.014499999999999994e-03 9.033037700000000656e-08 0.000000000000000000e+00 0.000000000000000000e+00
1.015000000000000060e-03 7.880150760000000167e-08 0.000000000000000000e+00 0.000000000000000000e+00
1.015499999999999910e-03 6.743168010000000348e-08 0.000000000000000000e+00 0.000000000000000000e+00
1.015999999999999976e-03 5.627232010000000036e-08 0.000000000000000000e+00 0.000000000000000000e+00
1.016500000000000042e-03 4.537121340000000162e-08 0.000000000000000000e+00 0.000000000000000000e+00
1.016999999999999892e-03 3.477243649999999715e-08 0.000000000000000000e+00 0.000000000000000000e+00
1.017499999999999958e-03 2.451631079999999911e-08 0.000000000000000000e+00 0.000000000000000000e+00
1.018000000000000025e-03 1.463937710000000069e-08 0.000000000000000000e+00 0.000000000000000000e+00
1.018500000000000091e-03 5.174392840000000198e-09 0.000000000000000000e+00 0.000000000000000000e+00
1.018999999999999941e-03 -3.849652320000000241e-09 0.000000000000000000e+00 0.000000000000000000e+00
1.019500000000000007e-03 -1.240750110000000078e-08 0.000000000000000000e+00 0.000000000000000000e+00
1.020000000000000073e-03 -2.047757589999999861e-08 0.000000000000000000e+00 0.000000000000000000e+00
1.020499999999999923e-03 -2.804190929999999978e-08 0.000000000000000000e+00 0.000000000000000000e+00
1.020999999999999989e-03 -3.508605930000000135e-08 0.000000000000000000e+00 0.000000000000000000e+00
1.021500000000000056e-03 -4.159901049999999918e-08 0.000000000000000000e+00 0.000000000000000000e+00
1.021999999999999905e-03 -4.757306189999999680e-08 0.000000000000000000e+00 0.000000000000000000e+00
1.022499999999999971e-03 -5.300370339999999745e-08 0.000000000000000000e+00 0.000000000000000000e+00
1.023000000000000038e-03 -5.788948129999999933e-08 0.000000000000000000e+00 0.000000000000000000e+00
1.023500000000000104e-03 -6.223185529999999953e-08 0.000000000000000000e+00 0.000000000000000000e+00
1.023999999999999954e-03 -6.603504619999999359e-08 0.000000000000000000e+00 0.000000000000000000e+00
1.024500000000000020e-03 -6.930587780000000275e-08 0.000000000000000000e+00 0.000000000000000000e+00
1.025000000000000086e-03 -7.205361270000000512e-08 0.000000000000000000e+00 0.000000000000000000e+00
1.025499999999999936e-03 -7.428978310000000085e-08 0.000000000000000000e+00 0.000000000000000000e+00
1.026000000000000002e-03 -7.602801870000000191e-08 0.000000000000000000e+00 0.000000000000000000e+00
1.026500000000000069e-03 -7.728387200000000458e-08 0.000000000000000000e+00 0.000000000000000000e+00
1.026999999999999918e-03 -7.807464170000000257e-08 0.000000000000000000e+00 0.000000000000000000e+00
1.027499999999999985e-03 -7.841919680000000545e-08 0.000000000000000000e+00 0.000000000000000000e+00
1.028000000000000051e-03 -7.833780020000000225e-08 0.000000000000000000e+00 0.000000000000000000e+00
1.028499999999999900e-03 -7.785193409999999512e-08 0.000000000000000000e+00 0.000000000000000000e+00
1.028999999999999967e-03 -7.698412779999999410e-08 0.000000000000000000e+00 0.000000000000000000e+00
1.029500000000000033e-03 -7.575778849999999626e-08 0.000000000000000000e+00 0.000000000000000000e+00
1.030000000000000100e-03 -7.419703579999999414e-08 0.000000000000000000e+00 0.000000000000000000e+00
1.030499999999999949e-03 -7.232654070000000056e-08 0.000000000000000000e+00 0.000000000000000000e+00
1.031000000000000015e-03 -7.017136969999999392e-08 0.000000000000000000e+00 0.000000000000000000e+00
1.031500000000000082e-03 -6.775683440000000264e-08 0.000000000000000000e+00 0.000000000000000000e+00
1.031999999999999931e-03 -6.510834769999999643e-08 0.000000000000000000e+00 0.000000000000000000e+00
1.032499999999999998e-03 -6.225128610000000620e-08 0.000000000000000000e+00 0.000000000000000000e+00
1.033000000000000064e-03 -5.921085909999999970e-08 0.000000000000000000e+00 0.000000000000000000e+00
1.033499999999999914e-03 -5.601198600000000105e-08 0.000000000000000000e+00 0.000000000000000000e+00
1.033999999999999980e-03 -5.267918059999999942e-08 0.000000000000000000e+00 0.000000000000000000e+00
1.034500000000000046e-03 -4.923644299999999725e-08 0.000000000000000000e+00 0.000000000000000000e+00
1.034999999999999896e-03 -4.570716010000000001e-08 0.000000000000000000e+00 0.000000000000000000e+00
1.035499999999999962e-03 -4.211401400000000027e-08 0.000000000000000000e+00 0.000000000000000000e+00
1.036000000000000029e-03 -3.847889839999999738e-08 0.000000000000000000e+00 0.000000000000000000e+00
1.036500000000000095e-03 -3.482284350000000160e-08 0.000000000000000000e+00 0.000000000000000000e+00
1.036999999999999944e-03 -3.116594909999999795e-08 0.000000000000000000e+00 0.000000000000000000e+00
1.037500000000000011e-03 -2.752732549999999847e-08 0.000000000000000000e+00 0.000000000000000000e+00
1.038000000000000077e-03 -2.392504320000000136e-08 0.000000000000000000e+00 0.000000000000000000e+00
1.038499999999999927e-03 -2.037608959999999873e-08 0.000000000000000000e+00 0.000000000000000000e+00
1.038999999999999993e-03 -1.689633459999999868e-08 0.000000000000000000e+00 0.000000000000000000e+00
1.039500000000000059e-03 -1.350050219999999973e-08 0.000000000000000000e+00 0.000000000000000000e+00
1.039999999999999909e-03 -1.020215129999999956e-08 0.000000000000000000e+00 0.000000000000000000e+00
1.040499999999999975e-03 -7.013661870000000218e-09 0.000000000000000000e+00 0.000000000000000000e+00
1.041000000000000042e-03 -3.946229199999999672e-09 0.000000000000000000e+00 0.000000000000000000e+00
1.041500000000000108e-03 -1.009863729999999933e-09 0.000000000000000000e+00 0.000000000000000000e+00
1.041999999999999958e-03 1.786602399999999951e-09 0.000000000000000000e+00 0.000000000000000000e+00
1.042500000000000024e-03 4.435503189999999772e-09 0.000000000000000000e+00 0.000000000000000000e+00
1.043000000000000090e-03 6.930321099999999638e-09 0.000000000000000000e+00 0.000000000000000000e+00
1.043499999999999940e-03 9.265664290000000740e-09 0.000000000000000000e+00 0.000000000000000000e+00
1.044000000000000006e-03 1.143723900000000019e-08 0.000000000000000000e+00 0.000000000000000000e+00
1.044500000000000072e-03 1.344181790000000038e-08 0.000000000000000000e+00 0.000000000000000000e+00
1.044999999999999922e-03 1.527720369999999884e-08 0.000000000000000000e+00 0.000000000000000000e+00
1.045499999999999988e-03 1.694219020000000151e-08 0.000000000000000000e+00 0.000000000000000000e+00
1.046000000000000055e-03 1.843651940000000058e-08 0.000000000000000000e+00 0.000000000000000000e+00
1.046499999999999904e-03 1.976083580000000132e-08 0.000000000000000000e+00 0.000000000000000000e+00
1.046999999999999971e-03 2.091663879999999864e-08 0.000000000000000000e+00 0.000000000000000000e+00
1.047500000000000037e-03 2.190623219999999899e-08 0.000000000000000000e+00 0.000000000000000000e+00
1.048000000000000103e-03 2.273267269999999904e-08 0.000000000000000000e+00 0.000000000000000000e+00
1.048499999999999953e-03 2.339971649999999839e-08 0.000000000000000000e+00 0.000000000000000000e+00
1.049000000000000019e-03 2.391176549999999901e-08 0.000000000000000000e+00 0.000000000000000000e+00
1.049500000000000086e-03 2.427381210000000083e-08 0.000000000000000000e+00 0.000000000000000000e+00
1.049999999999999935e-03 2.449138409999999909e-08 0.000000000000000000e+00 0.000000000000000000e+00
1.050500000000000001e-03 2.457048929999999978e-08 0.000000000000000000e+00 0.000000000000000000e+00
1.051000000000000068e-03 2.451756049999999878e-08 0.000000000000000000e+00 0.000000000000000000e+00
1.051499999999999917e-03 2.433940130000000096e-08 0.000000000000000000e+00 0.000000000000000000e+00
1.051999999999999984e-03 2.404313169999999959e-08 0.000000000000000000e+00 0.000000000000000000e+00
1.052500000000000050e-03 2.363613540000000083e-08 0.000000000000000000e+00 0.000000000000000000e+00
1.052999999999999900e-03 2.312600900000000097e-08 0.000000000000000000e+00 0.000000000000000000e+00
1.053499999999999966e-03 2.252051079999999986e-08 0.000000000000000000e+00 0.000000000000000000e+00
1.054000000000000032e-03 2.182751310000000061e-08 0.000000000000000000e+00 0.000000000000000000e+00
1.054500000000000099e-03 2.105495540000000127e-08 0.000000000000000000e+00 0.000000000000000000e+00
1.054999999999999948e-03 2.021079929999999868e-08 0.000000000000000000e+00 0.000000000000000000e+00
1.055500000000000015e-03 1.930298630000000146e-08 0.000000000000000000e+00 0.000000000000000000e+00
1.056000000000000081e-03 1.833939720000000052e-08 0.000000000000000000e+00 0.000000000000000000e+00
1.056499999999999930e-03 1.732781410000000002e-08 0.000000000000000000e+00 0.000000000000000000e+00
1.056999999999999997e-03 1.627588459999999924e-08 0.000000000000000000e+00 0.000000000000000000e+00
1.057500000000000063e-03 1.519108859999999864e-08 0.000000000000000000e+00 0.000000000000000000e+00
1.057999999999999913e-03 1.408070759999999992e-08 0.000000000000000000e+00 0.000000000000000000e+00
1.058499999999999979e-03 1.295179650000000042e-08 0.000000000000000000e+00 0.000000000000000000e+00
1.059000000000000045e-03 1.181115809999999979e-08 0.000000000000000000e+00 0.000000000000000000e+00
1.059499999999999895e-03 1.066532019999999938e-08 0.000000000000000000e+00 0.000000000000000000e+00
1.059999999999999961e-03 9.520514580000000795e-09 0.000000000000000000e+00 0.000000000000000000e+00
1.060500000000000028e-03 8.382659980000000823e-09 0.000000000000000000e+00 0.000000000000000000e+00
1.061000000000000094e-03 7.257346079999999875e-09 0.000000000000000000e+00 0.000000000000000000e+00
1.061499999999999944e-03 6.149820860000000281e-09 0.000000000000000000e+00 0.000000000000000000e+00
1.062000000000000010e-03 5.064980120000000140e-09 0.000000000000000000e+00 0.000000000000000000e+00
1.062500000000000076e-03 4.007359310000000136e-09 0.000000000000000000e+00 0.000000000000000000e+00
1.062999999999999926e-03 2.981127739999999882e-09 0.000000000000000000e+00 0.000000000000000000e+00
1.063499999999999992e-03 1.990084919999999808e-09 0.000000000000000000e+00 0.000000000000000000e+00
1.064000000000000059e-03 1.037659010000000049e-09 0.000000000000000000e+00 0.000000000000000000e+00
1.064499999999999908e-03 1.269073680000000100e-10 0.000000000000000000e+00 0.000000000000000000e+00
1.064999999999999974e-03 -7.394811499999999678e-10 0.000000000000000000e+00 0.000000000000000000e+00
1.065500000000000041e-03 -1.559181929999999898e-09 0.000000000000000000e+00 0.000000000000000000e+00
1.066000000000000107e-03 -2.330228730000000057e-09 0.000000000000000000e+00 0.000000000000000000e+00
1.066499999999999957e-03 -3.051006239999999994e-09 0.000000000000000000e+00 0.000000000000000000e+00
1.067000000000000023e-03 -3.720241099999999903e-09 0.000000000000000000e+00 0.000000000000000000e+00
1.067500000000000089e-03 -4.336991709999999896e-09 0.000000000000000000e+00 0.000000000000000000e+00
1.067999999999999939e-03 -4.900636679999999836e-09 0.000000000000000000e+00 0.000000000000000000e+00
1.068500000000000005e-03 -5.410862260000000211e-09 0.000000000000000000e+00 0.000000000000000000e+00
1.069000000000000072e-03 -5.867648770000000206e-09 0.000000000000000000e+00 0.000000000000000000e+00
1.069499999999999921e-03 -6.271256159999999969e-09 0.000000000000000000e+00 0.000000000000000000e+00
1.069999999999999988e-03 -6.622208840000000237e-09 0.000000000000000000e+00 0.000000000000000000e+00
1.070500000000000054e-03 -6.921279850000000271e-09 0.000000000000000000e+00 0.000000000000000000e+00
1.070999999999999903e-03 -7.169474560000000106e-09 0.000000000000000000e+00 0.000000000000000000e+00
1.071499999999999970e-03 -7.368013930000000007e-09 0.000000000000000000e+00 0.000000000000000000e+00
1.072000000000000036e-03 -7.518317490000000344e-09 0.000000000000000000e+00 0.000000000000000000e+00
1.072500000000000103e-03 -7.621986110000000726e-09 0.000000000000000000e+00 0.000000000000000000e+00
1.072999999999999952e-03 -7.680784710000000118e-09 0.000000000000000000e+00 0.000000000000000000e+00
1.073500000000000018e-03 -7.696624920000000246e-09 0.000000000000000000e+00 0.000000000000000000e+00
1.074000000000000085e-03 -7.671547890000000779e-09 0.000000000000000000e+00 0.000000000000000000e+00
1.074499999999999934e-03 -7.607707200000000333e-09 0.000000000000000000e+00 0.000000000000000000e+00
1.075000000000000001e-03 -7.507352110000000230e-09 0.000000000000000000e+00 0.000000000000000000e+00
1.075500000000000067e-03 -7.372811100000000247e-09 0.000000000000000000e+00 0.000000000000000000e+00
1.075999999999999917e-03 -7.206475779999999933e-09 0.000000000000000000e+00 0.000000000000000000e+00
1.076499999999999983e-03 -7.010785319999999772e-09 0.000000000000000000e+00 0.000000000000000000e+00
1.077000000000000049e-03 -6.788211389999999856e-09 0.000000000000000000e+00 0.000000000000000000e+00
1.077499999999999899e-03 -6.541243639999999719e-09 0.000000000000000000e+00 0.000000000000000000e+00
1.077999999999999965e-03 -6.272375839999999879e-09 0.000000000000000000e+00 0.000000000000000000e+00
1.078500000000000032e-03 -5.984092699999999787e-09 0.000000000000000000e+00 0.000000000000000000e+00
1.079000000000000098e-03 -5.678857290000000100e-09 0.000000000000000000e+00 0.000000000000000000e+00
1.079499999999999947e-03 -5.359099349999999619e-09 0.000000000000000000e+00 0.000000000000000000e+00
1.080000000000000014e-03 -5.027204199999999861e-09 0.000000000000000000e+00 0.000000000000000000e+00
1.080500000000000080e-03 -4.685502559999999825e-09 0.000000000000000000e+00 0.000000000000000000e+00
1.080999999999999930e-03 -4.336261020000000073e-09 0.000000000000000000e+00 0.000000000000000000e+00
1.081499999999999996e-03 -3.981673470000000324e-09 0.000000000000000000e+00 0.000000000000000000e+00
1.082000000000000062e-03 -3.623853189999999996e-09 0.000000000000000000e+00 0.000000000000000000e+00
1.082499999999999912e-03 -3.264825870000000198e-09 0.000000000000000000e+00 0.000000000000000000e+00
1.082999999999999978e-03 -2.906523330000000161e-09 0.000000000000000000e+00 0.000000000000000000e+00
1.083500000000000045e-03 -2.550778109999999806e-09 0.000000000000000000e+00 0.000000000000000000e+00
1.083999999999999894e-03 -2.199318819999999925e-09 0.000000000000000000e+00 0.000000000000000000e+00
1.084499999999999961e-03 -1.853766270000000031e-09 0.000000000000000000e+00 0.000000000000000000e+00
1.085000000000000027e-03 -1.515630330000000092e-09 0.000000000000000000e+00 0.000000000000000000e+00
1.085500000000000093e-03 -1.186307560000000102e-09 0.000000000000000000e+00 0.000000000000000000e+00
1.085999999999999943e-03 -8.670795349999999636e-10 0.000000000000000000e+00 0.000000000000000000e+00
1.086500000000000009e-03 -5.591118039999999771e-10 0.000000000000000000e+00 0.000000000000000000e+00
1.087000000000000076e-03 -2.634535969999999815e-10 0.000000000000000000e+00 0.000000000000000000e+00
1.087499999999999925e-03 1.896191760000000028e-11 0.000000000000000000e+00 0.000000000000000000e+00
1.087999999999999991e-03 2.873167609999999812e-10 0.000000000000000000e+00 0.000000000000000000e+00
1.088500000000000058e-03 5.409067119999999595e-10 0.000000000000000000e+00 0.000000000000000000e+00
1.088999999999999907e-03 7.791393540000000379e-10 0.000000000000000000e+00 0.000000000000000000e+00
1.089499999999999974e-03 1.001531640000000020e-09 0.000000000000000000e+00 0.000000000000000000e+00
1.090000000000000040e-03 1.207707010000000080e-09 0.000000000000000000e+00 0.000000000000000000e+00
1.090500000000000106e-03 1.397392059999999943e-09 0.000000000000000000e+00 0.000000000000000000e+00
1.090999999999999956e-03 1.570412929999999981e-09 0.000000000000000000e+00 0.000000000000000000e+00
1.091500000000000022e-03 1.726691209999999972e-09 0.000000000000000000e+00 0.000000000000000000e+00
1.092000000000000089e-03 1.866239690000000024e-09 0.000000000000000000e+00 0.000000000000000000e+00
1.092499999999999938e-03 1.989157779999999814e-09 0.000000000000000000e+00 0.000000000000000000e+00
1.093000000000000005e-03 2.095626669999999983e-09 0.000000000000000000e+00 0.000000000000000000e+00
1.093500000000000071e-03 2.185904369999999893e-09 0.000000000000000000e+00 0.000000000000000000e+00
1.093999999999999920e-03 2.260320580000000006e-09 0.000000000000000000e+00 0.000000000000000000e+00
1.094499999999999987e-03 2.319271400000000028e-09 0.000000000000000000e+00 0.000000000000000000e+00
1.095000000000000053e-03 2.363213989999999939e-09 0.000000000000000000e+00 0.000000000000000000e+00
1.095499999999999903e-03 2.392661180000000177e-09 0.000000000000000000e+00 0.000000000000000000e+00
1.095999999999999969e-03 2.408176019999999901e-09 0.000000000000000000e+00 0.000000000000000000e+00
1.096500000000000035e-03 2.410366390000000070e-09 0.000000000000000000e+00 0.000000000000000000e+00
1.097000000000000102e-03 2.399879589999999817e-09 0.000000000000000000e+00 0.000000000000000000e+00
1.097499999999999951e-03 2.377397010000000205e-09 0.000000000000000000e+00 0.000000000000000000e+00
1.098000000000000018e-03 2.343628939999999933e-09 0.000000000000000000e+00 0.000000000000000000e+00
1.098500000000000084e-03 2.299309380000000127e-09 0.000000000000000000e+00 0.000000000000000000e+00
1.098999999999999934e-03 2.245191070000000195e-09 0.000000000000000000e+00 0.000000000000000000e+00
1.099500000000000000e-03 2.182040630000000164e-09 0.000000000000000000e+00 0.000000000000000000e+00
1.100000000000000066e-03 2.110633880000000099e-09 0.000000000000000000e+00 0.000000000000000000e+00
1.100499999999999916e-03 2.031751339999999910e-09 0.000000000000000000e+00 0.000000000000000000e+00
1.100999999999999982e-03 1.946173930000000044e-09 0.000000000000000000e+00 0.000000000000000000e+00
1.101500000000000049e-03 1.854678869999999981e-09 0.000000000000000000e+00 0.000000000000000000e+00
1.101999999999999898e-03 1.758035799999999965e-09 0.000000000000000000e+00 0.000000000000000000e+00
1.102499999999999964e-03 1.657003180000000069e-09 0.000000000000000000e+00 0.000000000000000000e+00
1.103000000000000031e-03 1.552324860000000010e-09 0.000000000000000000e+00 0.000000000000000000e+00
1.103500000000000097e-03 1.444726900000000081e-09 0.000000000000000000e+00 0.000000000000000000e+00
1.103999999999999947e-03 1.334914720000000031e-09 0.000000000000000000e+00 0.000000000000000000e+00
1.104500000000000013e-03 1.223570400000000070e-09 0.000000000000000000e+00 0.000000000000000000e+00
1.105000000000000079e-03 1.111350299999999985e-09 0.000000000000000000e+00 0.000000000000000000e+00
1.105499999999999929e-03 9.988828759999999986e-10 0.000000000000000000e+00 0.000000000000000000e+00
1.105999999999999995e-03 8.867668229999999606e-10 0.000000000000000000e+00 0.000000000000000000e+00
1.106500000000000062e-03 7.755694020000000459e-10 0.000000000000000000e+00 0.000000000000000000e+00
1.106999999999999911e-03 6.658250369999999620e-10 0.000000000000000000e+00 0.000000000000000000e+00
1.107499999999999978e-03 5.580341580000000199e-10 0.000000000000000000e+00 0.000000000000000000e+00
1.108000000000000044e-03 4.526622670000000136e-10 0.000000000000000000e+00 0.000000000000000000e+00
1.108499999999999893e-03 3.501392400000000189e-10 0.000000000000000000e+00 0.000000000000000000e+00
1.108999999999999960e-03 2.508588439999999791e-10 0.000000000000000000e+00 0.000000000000000000e+00
1.109500000000000026e-03 1.551784729999999917e-10 0.000000000000000000e+00 0.000000000000000000e+00
1.110000000000000092e-03 6.341907799999999684e-11 0.000000000000000000e+00 0.000000000000000000e+00
1.110499999999999942e-03 -2.413470130000000130e-11 0.000000000000000000e+00 0.000000000000000000e+00
1.111000000000000008e-03 -1.072342279999999988e-10 0.000000000000000000e+00 0.000000000000000000e+00
1.111500000000000075e-03 -1.856663839999999970e-10 0.000000000000000000e+00 0.000000000000000000e+00
1.111999999999999924e-03 -2.592529240000000172e-10 0.000000000000000000e+00 0.000000000000000000e+00
1.112499999999999991e-03 -3.278496840000000089e-10 0.000000000000000000e+00 0.000000000000000000e+00
1.113000000000000057e-03 -3.913456439999999907e-10 0.000000000000000000e+00 0.000000000000000000e+00
1.113499999999999907e-03 -4.496618740000000103e-10 0.000000000000000000e+00 0.000000000000000000e+00
1.113999999999999973e-03 -5.027503520000000439e-10 0.000000000000000000e+00 0.000000000000000000e+00
1.114500000000000039e-03 -5.505926940000000255e-10 0.000000000000000000e+00 0.000000000000000000e+00
1.115000000000000106e-03 -5.931987769999999895e-10 0.000000000000000000e+00 0.000000000000000000e+00
1.115499999999999955e-03 -6.306052980000000200e-10 0.000000000000000000e+00 0.000000000000000000e+00
1.116000000000000021e-03 -6.628742500000000180e-10 0.000000000000000000e+00 0.000000000000000000e+00
1.116500000000000088e-03 -6.900913529999999911e-10 0.000000000000000000e+00 0.000000000000000000e+00
1.116999999999999937e-03 -7.123644319999999827e-10 0.000000000000000000e+00 0.000000000000000000e+00
1.117500000000000004e-03 -7.298217609999999953e-10 0.000000000000000000e+00 0.000000000000000000e+00
1.118000000000000070e-03 -7.426103859999999854e-10 0.000000000000000000e+00 0.000000000000000000e+00
1.118499999999999920e-03 -7.508944270000000331e-10 0.000000000000000000e+00 0.000000000000000000e+00
1.118999999999999986e-03 -7.548533799999999959e-10 0.000000000000000000e+00 0.000000000000000000e+00
1.119500000000000052e-03 -7.546804200000000342e-10 0.000000000000000000e+00 0.000000000000000000e+00
1.119999999999999902e-03 -7.505807209999999519e-10 0.000000000000000000e+00 0.000000000000000000e+00
1.120499999999999968e-03 -7.427697840000000411e-10 0.000000000000000000e+00 0.000000000000000000e+00
1.121000000000000035e-03 -7.314718149999999769e-10 0.000000000000000000e+00 0.000000000000000000e+00
1.121500000000000101e-03 -7.169181139999999754e-10 0.000000000000000000e+00 0.000000000000000000e+00
1.121999999999999950e-03 -6.993455269999999776e-10 0.000000000000000000e+00 0.000000000000000000e+00
1.122500000000000017e-03 -6.789949299999999889e-10 0.000000000000000000e+00 0.000000000000000000e+00
1.123000000000000083e-03 -6.561097779999999848e-10 0.000000000000000000e+00 0.000000000000000000e+00
1.123499999999999933e-03 -6.309347080000000158e-10 0.000000000000000000e+00 0.000000000000000000e+00
1.123999999999999999e-03 -6.037142010000000164e-10 0.000000000000000000e+00 0.000000000000000000e+00
1.124500000000000065e-03 -5.746913210000000403e-10 0.000000000000000000e+00 0.000000000000000000e+00
1.124999999999999915e-03 -5.441065120000000501e-10 0.000000000000000000e+00 0.000000000000000000e+00
1.125499999999999981e-03 -5.121964740000000189e-10 0.000000000000000000e+00 0.000000000000000000e+00
1.126000000000000048e-03 -4.791931200000000191e-10 0.000000000000000000e+00 0.000000000000000000e+00
1.126499999999999897e-03 -4.453225959999999928e-10 0.000000000000000000e+00 0.000000000000000000e+00
1.126999999999999964e-03 -4.108043899999999808e-10 0.000000000000000000e+00 0.000000000000000000e+00
1.127500000000000030e-03 -3.758505180000000015e-10 0.000000000000000000e+00 0.000000000000000000e+00
1.128000000000000096e-03 -3.406647859999999998e-10 0.000000000000000000e+00 0.000000000000000000e+00
1.128499999999999946e-03 -3.054421310000000030e-10 0.000000000000000000e+00 0.000000000000000000e+00
1.129000000000000012e-03 -2.703680490000000233e-10 0.000000000000000000e+00 0.000000000000000000e+00
1.129500000000000079e-03 -2.356180889999999855e-10 0.000000000000000000e+00 0.000000000000000000e+00
1.129999999999999928e-03 -2.013574310000000129e-10 0.000000000000000000e+00 0.000000000000000000e+00
1.130499999999999994e-03 -1.677405389999999886e-10 0.000000000000000000e+00 0.000000000000000000e+00
1.131000000000000061e-03 -1.349108809999999876e-10 0.000000000000000000e+00 0.000000000000000000e+00
1.131499999999999910e-03 -1.030007309999999952e-10 0.000000000000000000e+00 0.000000000000000000e+00
1.131999999999999977e-03 -7.213102670000000200e-11 0.000000000000000000e+00 0.000000000000000000e+00
1.132500000000000043e-03 -4.241130149999999727e-11 0.000000000000000000e+00 0.000000000000000000e+00
1.132999999999999893e-03 -1.393967800000000069e-11 0.000000000000000000e+00 0.000000000000000000e+00
1.133499999999999959e-03 1.319708070000000015e-11 0.000000000000000000e+00 0.000000000000000000e+00
1.134000000000000025e-03 3.892346129999999775e-11 0.000000000000000000e+00 0.000000000000000000e+00
1.134500000000000092e-03 6.317503830000000364e-11 0.000000000000000000e+00 0.000000000000000000e+00
1.134999999999999941e-03 8.589826140000000642e-11 0.000000000000000000e+00 0.000000000000000000e+00
1.135500000000000008e-03 1.070501969999999987e-10 0.000000000000000000e+00 0.000000000000000000e+00
1.136000000000000074e-03 1.265982290000000126e-10 0.000000000000000000e+00 0.000000000000000000e+00
1.136499999999999923e-03 1.445197150000000057e-10 0.000000000000000000e+00 0.000000000000000000e+00
1.136999999999999990e-03 1.608016160000000053e-10 0.000000000000000000e+00 0.000000000000000000e+00
1.137500000000000056e-03 1.754400850000000075e-10 0.000000000000000000e+00 0.000000000000000000e+00
1.137999999999999906e-03 1.884400359999999925e-10 0.000000000000000000e+00 0.000000000000000000e+00
1.138499999999999972e-03 1.998146849999999897e-10 0.000000000000000000e+00 0.000000000000000000e+00
1.139000000000000038e-03 2.095850679999999933e-10 0.000000000000000000e+00 0.000000000000000000e+00
1.139500000000000105e-03 2.177795479999999941e-10 0.000000000000000000e+00 0.000000000000000000e+00
1.139999999999999954e-03 2.244333020000000005e-10 0.000000000000000000e+00 0.000000000000000000e+00
1.140500000000000021e-03 2.295878040000000043e-10 0.000000000000000000e+00 0.000000000000000000e+00
1.141000000000000087e-03 2.332902940000000047e-10 0.000000000000000000e+00 0.000000000000000000e+00
1.141499999999999937e-03 2.355932480000000243e-10 0.000000000000000000e+00 0.000000000000000000e+00
1.142000000000000003e-03 2.365538469999999783e-10 0.000000000000000000e+00 0.000000000000000000e+00
1.142500000000000069e-03 2.362334430000000243e-10 0.000000000000000000e+00 0.000000000000000000e+00
1.142999999999999919e-03 2.346970359999999962e-10 0.000000000000000000e+00 0.000000000000000000e+00
1.143499999999999985e-03 2.320127540000000085e-10 0.000000000000000000e+00 0.000000000000000000e+00
1.144000000000000052e-03 2.282513419999999994e-10 0.000000000000000000e+00 0.000000000000000000e+00
1.144499999999999901e-03 2.234856630000000057e-10 0.000000000000000000e+00 0.000000000000000000e+00
1.144999999999999967e-03 2.177902160000000002e-10 0.000000000000000000e+00 0.000000000000000000e+00
1.145500000000000034e-03 2.112406650000000016e-10 0.000000000000000000e+00 0.000000000000000000e+00
1.146000000000000100e-03 2.039133879999999881e-10 0.000000000000000000e+00 0.000000000000000000e+00
1.146499999999999950e-03 1.958850399999999882e-10 0.000000000000000000e+00 0.000000000000000000e+00
1.147000000000000016e-03 1.872321459999999941e-10 0.000000000000000000e+00 0.000000000000000000e+00
1.147500000000000082e-03 1.780306999999999951e-10 0.000000000000000000e+00 0.000000000000000000e+00
1.147999999999999932e-03 1.683558040000000084e-10 0.000000000000000000e+00 0.000000000000000000e+00
1.148499999999999998e-03 1.582813120000000030e-10 0.000000000000000000e+00 0.000000000000000000e+00
1.149000000000000065e-03 1.478795130000000072e-10 0.000000000000000000e+00 0.000000000000000000e+00
1.149499999999999914e-03 1.372208299999999934e-10 0.000000000000000000e+00 0.000000000000000000e+00
1.149999999999999981e-03 1.263735400000000003e-10 0.000000000000000000e+00 0.000000000000000000e+00
1.150500000000000047e-03 1.154035319999999938e-10 0.000000000000000000e+00 0.000000000000000000e+00
1.150999999999999896e-03 1.043740759999999980e-10 0.000000000000000000e+00 0.000000000000000000e+00
1.151499999999999963e-03 9.334562329999999650e-11 0.000000000000000000e+00 0.000000000000000000e+00
1.152000000000000029e-03 8.237563320000000352e-11 0.000000000000000000e+00 0.000000000000000000e+00
1.152500000000000096e-03 7.151841839999999394e-11 0.000000000000000000e+00 0.000000000000000000e+00
1.152999999999999945e-03 6.082501869999999527e-11 0.000000000000000000e+00 0.000000000000000000e+00
1.153500000000000011e-03 5.034309629999999809e-11 0.000000000000000000e+00 0.000000000000000000e+00
1.154000000000000078e-03 4.011685470000000297e-11 0.000000000000000000e+00 0.000000000000000000e+00
1.154499999999999927e-03 3.018697860000000190e-11 0.000000000000000000e+00 0.000000000000000000e+00
1.154999999999999994e-03 2.059059599999999843e-11 0.000000000000000000e+00 0.000000000000000000e+00
1.155500000000000060e-03 1.136126040000000063e-11 0.000000000000000000e+00 0.000000000000000000e+00
1.155999999999999910e-03 2.528952699999999986e-12 0.000000000000000000e+00 0.000000000000000000e+00
1.156499999999999976e-03 -5.879898929999999642e-12 0.000000000000000000e+00 0.000000000000000000e+00
1.157000000000000042e-03 -1.384238080000000029e-11 0.000000000000000000e+00 0.000000000000000000e+00
1.157499999999999892e-03 -2.133903969999999894e-11 0.000000000000000000e+00 0.000000000000000000e+00
1.157999999999999958e-03 -2.835381299999999843e-11 0.000000000000000000e+00 0.000000000000000000e+00
1.158500000000000025e-03 -3.487394520000000091e-11 0.000000000000000000e+00 0.000000000000000000e+00
1.159000000000000091e-03 -4.088989049999999863e-11 0.000000000000000000e+00 0.000000000000000000e+00
1.159499999999999940e-03 -4.639520429999999688e-11 0.000000000000000000e+00 0.000000000000000000e+00
1.160000000000000007e-03 -5.138642310000000287e-11 0.000000000000000000e+00 0.000000000000000000e+00
1.160500000000000073e-03 -5.586293549999999969e-11 0.000000000000000000e+00 0.000000000000000000e+00
1.160999999999999923e-03 -5.982684419999999593e-11 0.000000000000000000e+00 0.000000000000000000e+00
1.161499999999999989e-03 -6.328282110000000341e-11 0.000000000000000000e+00 0.000000000000000000e+00
1.162000000000000055e-03 -6.623795539999999796e-11 0.000000000000000000e+00 0.000000000000000000e+00
1.162499999999999905e-03 -6.870159790000000081e-11 0.000000000000000000e+00 0.000000000000000000e+00
1.162999999999999971e-03 -7.068519969999999514e-11 0.000000000000000000e+00 0.000000000000000000e+00
1.163500000000000038e-03 -7.220214909999999672e-11 0.000000000000000000e+00 0.000000000000000000e+00
1.164000000000000104e-03 -7.326760590000000031e-11 0.000000000000000000e+00 0.000000000000000000e+00
1.164499999999999954e-03 -7.389833469999999647e-11 0.000000000000000000e+00 0.000000000000000000e+00
1.165000000000000020e-03 -7.411253829999999818e-11 0.000000000000000000e+00 0.000000000000000000e+00
1.165500000000000086e-03 -7.392969150000000308e-11 0.000000000000000000e+00 0.000000000000000000e+00
1.165999999999999936e-03 -7.337037670000000196e-11 0.000000000000000000e+00 0.000000000000000000e+00
1.166500000000000002e-03 -7.245612190000000155e-11 0.000000000000000000e+00 0.000000000000000000e+00
1.167000000000000069e-03 -7.120924180000000065e-11 0.000000000000000000e+00 0.000000000000000000e+00
1.167499999999999918e-03 -6.965268230000000055e-11 0.000000000000000000e+00 0.000000000000000000e+00
1.167999999999999984e-03 -6.780986959999999869e-11 0.000000000000000000e+00 0.000000000000000000e+00
1.168500000000000051e-03 -6.570456470000000482e-11 0.000000000000000000e+00 0.000000000000000000e+00
1.168999999999999900e-03 -6.336072250000000169e-11 0.000000000000000000e+00 0.000000000000000000e+00
1.169499999999999967e-03 -6.080235770000000012e-11 0.000000000000000000e+00 0.000000000000000000e+00
1.170000000000000033e-03 -5.805341619999999703e-11 0.000000000000000000e+00 0.000000000000000000e+00
1.170500000000000099e-03 -5.513765399999999931e-11 0.000000000000000000e+00 0.000000000000000000e+00
1.170999999999999949e-03 -5.207852240000000272e-11 0.000000000000000000e+00 0.000000000000000000e+00
1.171500000000000015e-03 -4.889906120000000135e-11 0.000000000000000000e+00 0.000000000000000000e+00
1.172000000000000082e-03 -4.562179839999999760e-11 0.000000000000000000e+00 0.000000000000000000e+00
1.172499999999999931e-03 -4.226865840000000085e-11 0.000000000000000000e+00 0.000000000000000000e+00
1.172999999999999998e-03 -3.886087730000000117e-11 0.000000000000000000e+00 0.000000000000000000e+00
1.173500000000000064e-03 -3.541892630000000273e-11 0.000000000000000000e+00 0.000000000000000000e+00
1.173999999999999913e-03 -3.196244280000000007e-11 0.000000000000000000e+00 0.000000000000000000e+00
1.174499999999999980e-03 -2.851016910000000097e-11 0.000000000000000000e+00 0.000000000000000000e+00
1.175000000000000046e-03 -2.507989899999999881e-11 0.000000000000000000e+00 0.000000000000000000e+00
1.175499999999999896e-03 -2.168843190000000100e-11 0.000000000000000000e+00 0.000000000000000000e+00
1.175999999999999962e-03 -1.835153440000000038e-11 0.000000000000000000e+00 0.000000000000000000e+00
1.176500000000000028e-03 -1.508390899999999911e-11 0.000000000000000000e+00 0.000000000000000000e+00
1.177000000000000095e-03 -1.189917009999999973e-11 0.000000000000000000e+00 0.000000000000000000e+00
1.177499999999999944e-03 -8.809827000000000120e-12 0.000000000000000000e+00 0.000000000000000000e+00
1.178000000000000011e-03 -5.827272989999999695e-12 0.000000000000000000e+00 0.000000000000000000e+00
1.178500000000000077e-03 -2.961781309999999956e-12 0.000000000000000000e+00 0.000000000000000000e+00
1.178999999999999927e-03 -2.225068709999999921e-13 0.000000000000000000e+00 0.000000000000000000e+00
1.179499999999999993e-03 2.382506139999999825e-12 0.000000000000000000e+00 0.000000000000000000e+00
1.180000000000000059e-03 4.846311349999999745e-12 0.000000000000000000e+00 0.000000000000000000e+00
1.180499999999999909e-03 7.163042100000000142e-12 0.000000000000000000e+00 0.000000000000000000e+00
1.180999999999999975e-03 9.327888710000000699e-12 0.000000000000000000e+00 0.000000000000000000e+00
1.181500000000000042e-03 1.133707120000000057e-11 0.000000000000000000e+00 0.000000000000000000e+00
1.182000000000000108e-03 1.318780840000000001e-11 0.000000000000000000e+00 0.000000000000000000e+00
1.182499999999999957e-03 1.487828249999999851e-11 0.000000000000000000e+00 0.000000000000000000e+00
1.183000000000000024e-03 1.640760159999999979e-11 0.000000000000000000e+00 0.000000000000000000e+00
1.183500000000000090e-03 1.777575789999999937e-11 0.000000000000000000e+00 0.000000000000000000e+00
1.183999999999999940e-03 1.898358470000000006e-11 0.000000000000000000e+00 0.000000000000000000e+00
1.184500000000000006e-03 2.003270990000000133e-11 0.000000000000000000e+00 0.000000000000000000e+00
1.185000000000000072e-03 2.092550860000000097e-11 0.000000000000000000e+00 0.000000000000000000e+00
1.185499999999999922e-03 2.166505359999999891e-11 0.000000000000000000e+00 0.000000000000000000e+00
1.185999999999999988e-03 2.225506490000000029e-11 0.000000000000000000e+00 0.000000000000000000e+00
1.186500000000000055e-03 2.269985849999999890e-11 0.000000000000000000e+00 0.000000000000000000e+00
1.186999999999999904e-03 2.300429409999999865e-11 0.000000000000000000e+00 0.000000000000000000e+00
1.187499999999999971e-03 2.317372309999999970e-11 0.000000000000000000e+00 0.000000000000000000e+00
1.188000000000000037e-03 2.321393630000000063e-11 0.000000000000000000e+00 0.000000000000000000e+00
1.188500000000000103e-03 2.313111210000000078e-11 0.000000000000000000e+00 0.000000000000000000e+00
1.188999999999999953e-03 2.293176499999999968e-11 0.000000000000000000e+00 0.000000000000000000e+00
1.189500000000000019e-03 2.262269500000000007e-11 0.000000000000000000e+00 0.000000000000000000e+00
1.190000000000000085e-03 2.221093819999999883e-11 0.000000000000000000e+00 0.000000000000000000e+00
1.190499999999999935e-03 2.170371820000000092e-11 0.000000000000000000e+00 0.000000000000000000e+00
1.191000000000000001e-03 2.110839929999999879e-11 0.000000000000000000e+00 0.000000000000000000e+00
1.191500000000000068e-03 2.043244120000000122e-11 0.000000000000000000e+00 0.000000000000000000e+00
1.191999999999999917e-03 1.968335530000000158e-11 0.000000000000000000e+00 0.000000000000000000e+00
1.192499999999999984e-03 1.886866289999999895e-11 0.000000000000000000e+00 0.000000000000000000e+00
1.193000000000000050e-03 1.799585550000000106e-11 0.000000000000000000e+00 0.000000000000000000e+00
1.193499999999999900e-03 1.707235759999999959e-11 0.000000000000000000e+00 0.000000000000000000e+00
1.193999999999999966e-03 1.610549060000000102e-11 0.000000000000000000e+00 0.000000000000000000e+00
1.194500000000000032e-03 1.510244040000000146e-11 0.000000000000000000e+00 0.000000000000000000e+00
1.195000000000000099e-03 1.407022619999999934e-11 0.000000000000000000e+00 0.000000000000000000e+00
1.195499999999999948e-03 1.301567230000000013e-11 0.000000000000000000e+00 0.000000000000000000e+00
1.196000000000000014e-03 1.194538199999999968e-11 0.000000000000000000e+00 0.000000000000000000e+00
1.196500000000000081e-03 1.086571429999999981e-11 0.000000000000000000e+00 0.000000000000000000e+00
1.196999999999999930e-03 9.782762860000000732e-12 0.000000000000000000e+00 0.000000000000000000e+00
1.197499999999999997e-03 8.702336990000000055e-12 0.000000000000000000e+00 0.000000000000000000e+00
1.198000000000000063e-03 7.629945749999999785e-12 0.000000000000000000e+00 0.000000000000000000e+00
1.198499999999999913e-03 6.570783929999999682e-12 0.000000000000000000e+00 0.000000000000000000e+00
1.198999999999999979e-03 5.529720519999999643e-12 0.000000000000000000e+00 0.000000000000000000e+00
1.199500000000000045e-03 4.511289430000000172e-12 0.000000000000000000e+00 0.000000000000000000e+00
1.199999999999999895e-03 3.519682399999999975e-12 0.000000000000000000e+00 0.000000000000000000e+00
1.200499999999999961e-03 2.558744079999999831e-12 0.000000000000000000e+00 0.000000000000000000e+00
1.201000000000000028e-03 1.631969129999999904e-12 0.000000000000000000e+00 0.000000000000000000e+00
1.201500000000000094e-03 7.425012829999999941e-13 0.000000000000000000e+00 0.000000000000000000e+00
1.201999999999999943e-03 -1.068656669999999943e-13 0.000000000000000000e+00 0.000000000000000000e+00
1.202500000000000010e-03 -9.136851549999999873e-13 0.000000000000000000e+00 0.000000000000000000e+00
1.203000000000000076e-03 -1.675853429999999974e-12 0.000000000000000000e+00 0.000000000000000000e+00
1.203499999999999926e-03 -2.391603590000000000e-12 0.000000000000000000e+00 0.000000000000000000e+00
1.203999999999999992e-03 -3.059498109999999837e-12 0.000000000000000000e+00 0.000000000000000000e+00
1.204500000000000058e-03 -3.678420089999999962e-12 0.000000000000000000e+00 0.000000000000000000e+00
1.204999999999999908e-03 -4.247563210000000043e-12 0.000000000000000000e+00 0.000000000000000000e+00
1.205499999999999974e-03 -4.766420589999999654e-12 0.000000000000000000e+00 0.000000000000000000e+00
1.206000000000000041e-03 -5.234772619999999976e-12 0.000000000000000000e+00 0.000000000000000000e+00
1.206500000000000107e-03 -5.652673909999999900e-12 0.000000000000000000e+00 0.000000000000000000e+00
1.206999999999999957e-03 -6.020439440000000143e-12 0.000000000000000000e+00 0.000000000000000000e+00
1.207500000000000023e-03 -6.338630059999999734e-12 0.000000000000000000e+00 0.000000000000000000e+00
1.208000000000000089e-03 -6.608037390000000213e-12 0.000000000000000000e+00 0.000000000000000000e+00
1.208499999999999939e-03 -6.829668319999999917e-12 0.000000000000000000e+00 0.000000000000000000e+00
1.209000000000000005e-03 -7.004729069999999808e-12 0.000000000000000000e+00 0.000000000000000000e+00
1.209500000000000072e-03 -7.134609080000000145e-12 0.000000000000000000e+00 0.000000000000000000e+00
1.209999999999999921e-03 -7.220864680000000107e-12 0.000000000000000000e+00 0.000000000000000000e+00
1.210499999999999987e-03 -7.265202759999999838e-12 0.000000000000000000e+00 0.000000000000000000e+00
1.211000000000000054e-03 -7.269464399999999718e-12 0.000000000000000000e+00 0.000000000000000000e+00
1.211499999999999903e-03 -7.235608640000000046e-12 0.000000000000000000e+00 0.000000000000000000e+00
1.211999999999999970e-03 -7.165696420000000166e-12 0.000000000000000000e+00 0.000000000000000000e+00
1.212500000000000036e-03 -7.061874840000000369e-12 0.000000000000000000e+00 0.000000000000000000e+00
1.213000000000000102e-03 -6.926361660000000214e-12 0.000000000000000000e+00 0.000000000000000000e+00
1.213499999999999952e-03 -6.761430239999999854e-12 0.000000000000000000e+00 0.000000000000000000e+00
1.214000000000000018e-03 -6.569394970000000345e-12 0.000000000000000000e+00 0.000000000000000000e+00
1.214500000000000085e-03 -6.352597170000000358e-12 0.000000000000000000e+00 0.000000000000000000e+00
1.214999999999999934e-03 -6.113391509999999806e-12 0.000000000000000000e+00 0.000000000000000000e+00
1.215500000000000001e-03 -5.854133109999999672e-12 0.000000000000000000e+00 0.000000000000000000e+00
1.216000000000000067e-03 -5.577165239999999750e-12 0.000000000000000000e+00 0.000000000000000000e+00
1.216499999999999916e-03 -5.284807629999999657e-12 0.000000000000000000e+00 0.000000000000000000e+00
1.216999999999999983e-03 -4.979345630000000327e-12 0.000000000000000000e+00 0.000000000000000000e+00
1.217500000000000049e-03 -4.663019909999999682e-12 0.000000000000000000e+00 0.000000000000000000e+00
1.217999999999999899e-03 -4.338017019999999782e-12 0.000000000000000000e+00 0.000000000000000000e+00
1.218499999999999965e-03 -4.006460670000000018e-12 0.000000000000000000e+00 0.000000000000000000e+00
1.219000000000000031e-03 -3.670403749999999934e-12 0.000000000000000000e+00 0.000000000000000000e+00
1.219500000000000098e-03 -3.331821129999999919e-12 0.000000000000000000e+00 0.000000000000000000e+00
1.219999999999999947e-03 -2.992603219999999992e-12 0.000000000000000000e+00 0.000000000000000000e+00
1.220500000000000014e-03 -2.654550270000000149e-12 0.000000000000000000e+00 0.000000000000000000e+00
1.221000000000000080e-03 -2.319367480000000041e-12 0.000000000000000000e+00 0.000000000000000000e+00
1.221499999999999930e-03 -1.988660769999999930e-12 0.000000000000000000e+00 0.000000000000000000e+00
1.221999999999999996e-03 -1.663933329999999902e-12 0.000000000000000000e+00 0.000000000000000000e+00
1.222500000000000062e-03 -1.346582860000000019e-12 0.000000000000000000e+00 0.000000000000000000e+00
1.222999999999999912e-03 -1.037899490000000079e-12 0.000000000000000000e+00 0.000000000000000000e+00
1.223499999999999978e-03 -7.390643759999999525e-13 0.000000000000000000e+00 0.000000000000000000e+00
1.224000000000000045e-03 -4.511489350000000225e-13 0.000000000000000000e+00 0.000000000000000000e+00
1.224499999999999894e-03 -1.751146660000000036e-13 0.000000000000000000e+00 0.000000000000000000e+00
1.224999999999999960e-03 8.818641729999999902e-14 0.000000000000000000e+00 0.000000000000000000e+00
1.225500000000000027e-03 3.380108179999999821e-13 0.000000000000000000e+00 0.000000000000000000e+00
1.226000000000000093e-03 5.737220719999999833e-13 0.000000000000000000e+00 0.000000000000000000e+00
1.226499999999999943e-03 7.947887719999999828e-13 0.000000000000000000e+00 0.000000000000000000e+00
1.227000000000000009e-03 1.000782149999999931e-12 0.000000000000000000e+00 0.000000000000000000e+00
1.227500000000000075e-03 1.191373220000000002e-12 0.000000000000000000e+00 0.000000000000000000e+00
1.227999999999999925e-03 1.366329600000000067e-12 0.000000000000000000e+00 0.000000000000000000e+00
1.228499999999999991e-03 1.525511910000000001e-12 0.000000000000000000e+00 0.000000000000000000e+00
1.229000000000000058e-03 1.668869900000000080e-12 0.000000000000000000e+00 0.000000000000000000e+00
1.229499999999999907e-03 1.796438359999999909e-12 0.000000000000000000e+00 0.000000000000000000e+00
1.229999999999999974e-03 1.908332650000000124e-12 0.000000000000000000e+00 0.000000000000000000e+00
1.230500000000000040e-03 2.004744190000000115e-12 0.000000000000000000e+00 0.000000000000000000e+00
1.231000000000000106e-03 2.085935659999999893e-12 0.000000000000000000e+00 0.000000000000000000e+00
1.231499999999999956e-03 2.152236120000000068e-12 0.000000000000000000e+00 0.000000000000000000e+00
1.232000000000000022e-03 2.204036019999999850e-12 0.000000000000000000e+00 0.000000000000000000e+00
1.232500000000000089e-03 2.241782109999999851e-12 0.000000000000000000e+00 0.000000000000000000e+00
1.232999999999999938e-03 2.265972339999999944e-12 0.000000000000000000e+00 0.000000000000000000e+00
1.233500000000000004e-03 2.277150730000000104e-12 0.000000000000000000e+00 0.000000000000000000e+00
1.234000000000000071e-03 2.275902260000000200e-12 0.000000000000000000e+00 0.000000000000000000e+00
1.234499999999999920e-03 2.262847790000000053e-12 0.000000000000000000e+00 0.000000000000000000e+00
1.234999999999999987e-03 2.238639040000000012e-12 0.000000000000000000e+00 0.000000000000000000e+00
1.235500000000000053e-03 2.203953690000000145e-12 0.000000000000000000e+00 0.000000000000000000e+00
1.235999999999999903e-03 2.159490539999999948e-12 0.000000000000000000e+00 0.000000000000000000e+00
1.236499999999999969e-03 2.105964820000000162e-12 0.000000000000000000e+00 0.000000000000000000e+00
1.237000000000000035e-03 2.044103670000000002e-12 0.000000000000000000e+00 0.000000000000000000e+00
1.237500000000000102e-03 1.974641749999999955e-12 0.000000000000000000e+00 0.000000000000000000e+00
1.237999999999999951e-03 1.898317030000000076e-12 0.000000000000000000e+00 0.000000000000000000e+00
1.238500000000000018e-03 1.815866769999999929e-12 0.000000000000000000e+00 0.000000000000000000e+00
1.239000000000000084e-03 1.728023759999999971e-12 0.000000000000000000e+00 0.000000000000000000e+00
1.239499999999999933e-03 1.635512639999999995e-12 0.000000000000000000e+00 0.000000000000000000e+00
1.240000000000000000e-03 1.539046600000000047e-12 0.000000000000000000e+00 0.000000000000000000e+00
1.240500000000000066e-03 1.439324169999999913e-12 0.000000000000000000e+00 0.000000000000000000e+00
1.240999999999999916e-03 1.337026360000000008e-12 0.000000000000000000e+00 0.000000000000000000e+00
1.241499999999999982e-03 1.232813899999999903e-12 0.000000000000000000e+00 0.000000000000000000e+00
1.242000000000000048e-03 1.127324879999999916e-12 0.000000000000000000e+00 0.000000000000000000e+00
1.242499999999999898e-03 1.021172480000000038e-12 0.000000000000000000e+00 0.000000000000000000e+00
1.242999999999999964e-03 9.149430209999999920e-13 0.000000000000000000e+00 0.000000000000000000e+00
1.243500000000000031e-03 8.091942519999999749e-13 0.000000000000000000e+00 0.000000000000000000e+00
1.244000000000000097e-03 7.044538379999999702e-13 0.000000000000000000e+00 0.000000000000000000e+00
1.244499999999999947e-03 6.012180980000000137e-13 0.000000000000000000e+00 0.000000000000000000e+00
1.245000000000000013e-03 4.999509709999999883e-13 0.000000000000000000e+00 0.000000000000000000e+00
1.245500000000000079e-03 4.010831910000000058e-13 0.000000000000000000e+00 0.000000000000000000e+00
1.245999999999999929e-03 3.050116909999999845e-13 0.000000000000000000e+00 0.000000000000000000e+00
1.246499999999999995e-03 2.120991970000000120e-13 0.000000000000000000e+00 0.000000000000000000e+00
1.247000000000000062e-03 1.226740289999999967e-13 0.000000000000000000e+00 0.000000000000000000e+00
1.247499999999999911e-03 3.703009360000000308e-14 0.000000000000000000e+00 0.000000000000000000e+00
1.247999999999999977e-03 -4.457295090000000165e-14 0.000000000000000000e+00 0.000000000000000000e+00
1.248500000000000044e-03 -1.219093540000000103e-13 0.000000000000000000e+00 0.000000000000000000e+00
1.248999999999999893e-03 -1.947867750000000023e-13 0.000000000000000000e+00 0.000000000000000000e+00
1.249499999999999960e-03 -2.630456309999999851e-13 0.000000000000000000e+00 0.000000000000000000e+00
1.250000000000000026e-03 -3.265583149999999804e-13 0.000000000000000000e+00 0.000000000000000000e+00
1.250500000000000092e-03 -3.852282759999999977e-13 0.000000000000000000e+00 0.000000000000000000e+00
1.250999999999999942e-03 -4.389889870000000175e-13 0.000000000000000000e+00 0.000000000000000000e+00
1.251500000000000008e-03 -4.878028129999999936e-13 0.000000000000000000e+00 0.000000000000000000e+00
1.252000000000000075e-03 -5.316597730000000128e-13 0.000000000000000000e+00 0.000000000000000000e+00
1.252499999999999924e-03 -5.705762259999999885e-13 0.000000000000000000e+00 0.000000000000000000e+00
1.252999999999999991e-03 -6.045934859999999925e-13 0.000000000000000000e+00 0.000000000000000000e+00
1.253500000000000057e-03 -6.337763719999999731e-13 0.000000000000000000e+00 0.000000000000000000e+00
1.253999999999999906e-03 -6.582117059999999624e-13 0.000000000000000000e+00 0.000000000000000000e+00
1.254499999999999973e-03 -6.780067750000000123e-13 0.000000000000000000e+00 0.000000000000000000e+00
1.255000000000000039e-03 -6.932877589999999982e-13 0.000000000000000000e+00 0.000000000000000000e+00
1.255500000000000105e-03 -7.041981370000000195e-13 0.000000000000000000e+00 0.000000000000000000e+00
1.255999999999999955e-03 -7.108970880000000498e-13 0.000000000000000000e+00 0.000000000000000000e+00
1.256500000000000021e-03 -7.135578790000000003e-13 0.000000000000000000e+00 0.000000000000000000e+00
1.257000000000000088e-03 -7.123662719999999875e-13 0.000000000000000000e+00 0.000000000000000000e+00
1.257499999999999937e-03 -7.075189300000000269e-13 0.000000000000000000e+00 0.000000000000000000e+00
1.258000000000000004e-03 -6.992218599999999664e-13 0.000000000000000000e+00 0.000000000000000000e+00
1.258500000000000070e-03 -6.876888709999999531e-13 0.000000000000000000e+00 0.000000000000000000e+00
1.258999999999999920e-03 -6.731400760000000089e-13 0.000000000000000000e+00 0.000000000000000000e+00
1.259499999999999986e-03 -6.558004329999999840e-13 0.000000000000000000e+00 0.000000000000000000e+00
1.260000000000000052e-03 -6.358983300000000321e-13 0.000000000000000000e+00 0.000000000000000000e+00
1.260499999999999902e-03 -6.136642290000000223e-13 0.000000000000000000e+00 0.000000000000000000e+00
1.260999999999999968e-03 -5.893293560000000140e-13 0.000000000000000000e+00 0.000000000000000000e+00
1.261500000000000035e-03 -5.631244619999999945e-13 0.000000000000000000e+00 0.000000000000000000e+00
1.262000000000000101e-03 -5.352786399999999593e-13 0.000000000000000000e+00 0.000000000000000000e+00
1.262499999999999950e-03 -5.060182170000000356e-13 0.000000000000000000e+00 0.000000000000000000e+00
1.263000000000000017e-03 -4.755657039999999779e-13 0.000000000000000000e+00 0.000000000000000000e+00
1.263500000000000083e-03 -4.441388310000000035e-13 0.000000000000000000e+00 0.000000000000000000e+00
1.263999999999999933e-03 -4.119496410000000095e-13 0.000000000000000000e+00 0.000000000000000000e+00
1.264499999999999999e-03 -3.792036740000000224e-13 0.000000000000000000e+00 0.000000000000000000e+00
1.265000000000000065e-03 -3.460992090000000195e-13 0.000000000000000000e+00 0.000000000000000000e+00
1.265499999999999915e-03 -3.128265919999999985e-13 0.000000000000000000e+00 0.000000000000000000e+00
1.265999999999999981e-03 -2.795676370000000044e-13 0.000000000000000000e+00 0.000000000000000000e+00
1.266500000000000048e-03 -2.464950980000000215e-13 0.000000000000000000e+00 0.000000000000000000e+00
1.266999999999999897e-03 -2.137722170000000054e-13 0.000000000000000000e+00 0.000000000000000000e+00
1.267499999999999964e-03 -1.815523400000000017e-13 0.000000000000000000e+00 0.000000000000000000e+00
1.268000000000000030e-03 -1.499786129999999991e-13 0.000000000000000000e+00 0.000000000000000000e+00
1.268500000000000096e-03 -1.191837319999999875e-13 0.000000000000000000e+00 0.000000000000000000e+00
1.268999999999999946e-03 -8.928977460000000014e-14 0.000000000000000000e+00 0.000000000000000000e+00
1.269500000000000012e-03 -6.040808410000000562e-14 0.000000000000000000e+00 0.000000000000000000e+00
1.270000000000000078e-03 -3.263922080000000171e-14 0.000000000000000000e+00 0.000000000000000000e+00
1.270499999999999928e-03 -6.072970910000000382e-15 0.000000000000000000e+00 0.000000000000000000e+00
1.270999999999999994e-03 1.921158909999999883e-14 0.000000000000000000e+00 0.000000000000000000e+00
1.271500000000000061e-03 4.314597569999999983e-14 0.000000000000000000e+00 0.000000000000000000e+00
1.271999999999999910e-03 6.567213109999999749e-14 0.000000000000000000e+00 0.000000000000000000e+00
1.272499999999999977e-03 8.674221129999999450e-14 0.000000000000000000e+00 0.000000000000000000e+00
1.273000000000000043e-03 1.063183300000000057e-13 0.000000000000000000e+00 0.000000000000000000e+00
1.273499999999999893e-03 1.243722649999999940e-13 0.000000000000000000e+00 0.000000000000000000e+00
1.273999999999999959e-03 1.408851250000000065e-13 0.000000000000000000e+00 0.000000000000000000e+00
1.274500000000000025e-03 1.558469910000000051e-13 0.000000000000000000e+00 0.000000000000000000e+00
1.275000000000000092e-03 1.692565190000000047e-13 0.000000000000000000e+00 0.000000000000000000e+00
1.275499999999999941e-03 1.811205300000000078e-13 0.000000000000000000e+00 0.000000000000000000e+00
1.276000000000000007e-03 1.914535630000000031e-13 0.000000000000000000e+00 0.000000000000000000e+00
1.276500000000000074e-03 2.002774239999999901e-13 0.000000000000000000e+00 0.000000000000000000e+00
1.276999999999999923e-03 2.076207099999999887e-13 0.000000000000000000e+00 0.000000000000000000e+00
1.277499999999999990e-03 2.135183240000000069e-13 0.000000000000000000e+00 0.000000000000000000e+00
1.278000000000000056e-03 2.180109839999999965e-13 0.000000000000000000e+00 0.000000000000000000e+00
1.278499999999999906e-03 2.211447180000000011e-13 0.000000000000000000e+00 0.000000000000000000e+00
1.278999999999999972e-03 2.229703679999999924e-13 0.000000000000000000e+00 0.000000000000000000e+00
1.279500000000000038e-03 2.235430809999999940e-13 0.000000000000000000e+00 0.000000000000000000e+00
1.280000000000000105e-03 2.229218120000000002e-13 0.000000000000000000e+00 0.000000000000000000e+00
1.280499999999999954e-03 2.211688279999999896e-13 0.000000000000000000e+00 0.000000000000000000e+00
1.281000000000000021e-03 2.183492189999999940e-13 0.000000000000000000e+00 0.000000000000000000e+00
1.281500000000000087e-03 2.145304180000000088e-13 0.000000000000000000e+00 0.000000000000000000e+00
1.281999999999999936e-03 2.097817349999999875e-13 0.000000000000000000e+00 0.000000000000000000e+00
1.282500000000000003e-03 2.041739040000000064e-13 0.000000000000000000e+00 0.000000000000000000e+00
1.283000000000000069e-03 1.977786400000000090e-13 0.000000000000000000e+00 0.000000000000000000e+00
1.283499999999999919e-03 1.906682190000000083e-13 0.000000000000000000e+00 0.000000000000000000e+00
1.283999999999999985e-03 1.829150750000000015e-13 0.000000000000000000e+00 0.000000000000000000e+00
1.284500000000000051e-03 1.745914100000000024e-13 0.000000000000000000e+00 0.000000000000000000e+00
1.284999999999999901e-03 1.657688340000000049e-13 0.000000000000000000e+00 0.000000000000000000e+00
1.285499999999999967e-03 1.565180160000000023e-13 0.000000000000000000e+00 0.000000000000000000e+00
1.286000000000000034e-03 1.469083660000000060e-13 0.000000000000000000e+00 0.000000000000000000e+00
1.286500000000000100e-03 1.370077340000000054e-13 0.000000000000000000e+00 0.000000000000000000e+00
1.286999999999999950e-03 1.268821310000000120e-13 0.000000000000000000e+00 0.000000000000000000e+00
1.287500000000000016e-03 1.165954789999999902e-13 0.000000000000000000e+00 0.000000000000000000e+00
1.288000000000000082e-03 1.062093799999999943e-13 0.000000000000000000e+00 0.000000000000000000e+00
1.288499999999999932e-03 9.578290990000000615e-14 0.000000000000000000e+00 0.000000000000000000e+00
1.288999999999999998e-03 8.537243230000000069e-14 0.000000000000000000e+00 0.000000000000000000e+00
1.289500000000000065e-03 7.503144240000000221e-14 0.000000000000000000e+00 0.000000000000000000e+00
1.289999999999999914e-03 6.481042819999999587e-14 0.000000000000000000e+00 0.000000000000000000e+00
1.290499999999999980e-03 5.475675609999999868e-14 0.000000000000000000e+00 0.000000000000000000e+00
1.291000000000000047e-03 4.491457810000000057e-14 0.000000000000000000e+00 0.000000000000000000e+00
1.291499999999999896e-03 3.532476089999999918e-14 0.000000000000000000e+00 0.000000000000000000e+00
1.291999999999999963e-03 2.602483469999999965e-14 0.000000000000000000e+00 0.000000000000000000e+00
1.292500000000000029e-03 1.704896270000000114e-14 0.000000000000000000e+00 0.000000000000000000e+00
1.293000000000000095e-03 8.427929370000000571e-15 0.000000000000000000e+00 0.000000000000000000e+00
1.293499999999999945e-03 1.891470939999999877e-16 0.000000000000000000e+00 0.000000000000000000e+00
1.294000000000000011e-03 -7.643320279999999674e-15 0.000000000000000000e+00 0.000000000000000000e+00
1.294500000000000078e-03 -1.504871730000000020e-14 0.000000000000000000e+00 0.000000000000000000e+00
1.294999999999999927e-03 -2.200954139999999964e-14 0.000000000000000000e+00 0.000000000000000000e+00
1.295499999999999994e-03 -2.851147380000000268e-14 0.000000000000000000e+00 0.000000000000000000e+00
1.296000000000000060e-03 -3.454329630000000013e-14 0.000000000000000000e+00 0.000000000000000000e+00
1.296499999999999909e-03 -4.009679659999999693e-14 0.000000000000000000e+00 0.000000000000000000e+00
1.296999999999999976e-03 -4.516666299999999963e-14 0.000000000000000000e+00 0.000000000000000000e+00
1.297500000000000042e-03 -4.975036779999999947e-14 0.000000000000000000e+00 0.000000000000000000e+00
1.297999999999999892e-03 -5.384804379999999778e-14 0.000000000000000000e+00 0.000000000000000000e+00
1.298499999999999958e-03 -5.746235130000000470e-14 0.000000000000000000e+00 0.000000000000000000e+00
1.299000000000000024e-03 -6.059833990000000091e-14 0.000000000000000000e+00 0.000000000000000000e+00
1.299500000000000091e-03 -6.326330359999999849e-14 0.000000000000000000e+00 0.000000000000000000e+00
1.299999999999999940e-03 -6.546663190000000141e-14 0.000000000000000000e+00 0.000000000000000000e+00
1.300500000000000007e-03 -6.721965750000000458e-14 0.000000000000000000e+00 0.000000000000000000e+00
1.301000000000000073e-03 -6.853550080000000605e-14 0.000000000000000000e+00 0.000000000000000000e+00
1.301499999999999923e-03 -6.942891340000000051e-14 0.000000000000000000e+00 0.000000000000000000e+00
1.301999999999999989e-03 -6.991612030000000135e-14 0.000000000000000000e+00 0.000000000000000000e+00
1.302500000000000055e-03 -7.001466259999999642e-14 0.000000000000000000e+00 0.000000000000000000e+00
1.302999999999999905e-03 -6.974324079999999834e-14 0.000000000000000000e+00 0.000000000000000000e+00
1.303499999999999971e-03 -6.912156029999999973e-14 0.000000000000000000e+00 0.000000000000000000e+00
1.304000000000000038e-03 -6.817017850000000391e-14 0.000000000000000000e+00 0.000000000000000000e+00
1.304500000000000104e-03 -6.691035590000000435e-14 0.000000000000000000e+00 0.000000000000000000e+00
1.304999999999999953e-03 -6.536391030000000463e-14 0.000000000000000000e+00 0.000000000000000000e+00
1.305500000000000020e-03 -6.355307539999999971e-14 0.000000000000000000e+00 0.000000000000000000e+00
1.306000000000000086e-03 -6.150036449999999733e-14 0.000000000000000000e+00 0.000000000000000000e+00
1.306499999999999936e-03 -5.922843909999999747e-14 0.000000000000000000e+00 0.000000000000000000e+00
1.307000000000000002e-03 -5.675998359999999914e-14 0.000000000000000000e+00 0.000000000000000000e+00
1.307500000000000068e-03 -5.411758550000000304e-14 0.000000000000000000e+00 0.000000000000000000e+00
1.307999999999999918e-03 -5.132362300000000019e-14 0.000000000000000000e+00 0.000000000000000000e+00
1.308499999999999984e-03 -4.840015810000000070e-14 0.000000000000000000e+00 0.000000000000000000e+00
1.309000000000000051e-03 -4.536883740000000110e-14 0.000000000000000000e+00 0.000000000000000000e+00
1.309499999999999900e-03 -4.225079990000000097e-14 0.000000000000000000e+00 0.000000000000000000e+00
1.309999999999999967e-03 -3.906659159999999935e-14 0.000000000000000000e+00 0.000000000000000000e+00
1.310500000000000033e-03 -3.583608799999999928e-14 0.000000000000000000e+00 0.000000000000000000e+00
1.311000000000000099e-03 -3.257842319999999840e-14 0.000000000000000000e+00 0.000000000000000000e+00
1.311499999999999949e-03 -2.931192719999999716e-14 0.000000000000000000e+00 0.000000000000000000e+00
1.312000000000000015e-03 -2.605406969999999942e-14 0.000000000000000000e+00 0.000000000000000000e+00
1.312500000000000082e-03 -2.282141179999999909e-14 0.000000000000000000e+00 0.000000000000000000e+00
1.312999999999999931e-03 -1.962956450000000019e-14 0.000000000000000000e+00 0.000000000000000000e+00
1.313499999999999997e-03 -1.649315410000000103e-14 0.000000000000000000e+00 0.000000000000000000e+00
1.314000000000000064e-03 -1.342579490000000068e-14 0.000000000000000000e+00 0.000000000000000000e+00
1.314499999999999913e-03 -1.044006789999999965e-14 0.000000000000000000e+00 0.000000000000000000e+00
1.314999999999999980e-03 -7.547506639999999272e-15 0.000000000000000000e+00 0.000000000000000000e+00
1.315500000000000046e-03 -4.758588520000000150e-15 0.000000000000000000e+00 0.000000000000000000e+00
1.315999999999999896e-03 -2.082732610000000144e-15 0.000000000000000000e+00 0.000000000000000000e+00
1.316499999999999962e-03 4.716972830000000090e-16 0.000000000000000000e+00 0.000000000000000000e+00
1.317000000000000028e-03 2.897383989999999831e-15 0.000000000000000000e+00 0.000000000000000000e+00
1.317500000000000095e-03 5.188043409999999967e-15 0.000000000000000000e+00 0.000000000000000000e+00
1.317999999999999944e-03 7.338406229999999951e-15 0.000000000000000000e+00 0.000000000000000000e+00
1.318500000000000011e-03 9.344195209999999937e-15 0.000000000000000000e+00 0.000000000000000000e+00
1.319000000000000077e-03 1.120209839999999983e-14 0.000000000000000000e+00 0.000000000000000000e+00
1.319499999999999926e-03 1.290973890000000001e-14 0.000000000000000000e+00 0.000000000000000000e+00
1.319999999999999993e-03 1.446564059999999961e-14 0.000000000000000000e+00 0.000000000000000000e+00
1.320500000000000059e-03 1.586919179999999988e-14 0.000000000000000000e+00 0.000000000000000000e+00
1.320999999999999909e-03 1.712060549999999878e-14 0.000000000000000000e+00 0.000000000000000000e+00
1.321499999999999975e-03 1.822087730000000006e-14 0.000000000000000000e+00 0.000000000000000000e+00
1.322000000000000041e-03 1.917174190000000065e-14 0.000000000000000000e+00 0.000000000000000000e+00
1.322500000000000108e-03 1.997562719999999886e-14 0.000000000000000000e+00 0.000000000000000000e+00
1.322999999999999957e-03 2.063560759999999971e-14 0.000000000000000000e+00 0.000000000000000000e+00
1.323500000000000024e-03 2.115535590000000141e-14 0.000000000000000000e+00 0.000000000000000000e+00
1.324000000000000090e-03 2.153909440000000109e-14 0.000000000000000000e+00 0.000000000000000000e+00
1.324499999999999940e-03 2.179154610000000038e-14 0.000000000000000000e+00 0.000000000000000000e+00
1.325000000000000006e-03 2.191788509999999858e-14 0.000000000000000000e+00 0.000000000000000000e+00
1.325500000000000072e-03 2.192368709999999843e-14 0.000000000000000000e+00 0.000000000000000000e+00
1.325999999999999922e-03 2.181488089999999904e-14 0.000000000000000000e+00 0.000000000000000000e+00
1.326499999999999988e-03 2.159769980000000150e-14 0.000000000000000000e+00 0.000000000000000000e+00
1.327000000000000055e-03 2.127863399999999850e-14 0.000000000000000000e+00 0.000000000000000000e+00
1.327499999999999904e-03 2.086438419999999849e-14 0.000000000000000000e+00 0.000000000000000000e+00
1.327999999999999970e-03 2.036181599999999915e-14 0.000000000000000000e+00 0.000000000000000000e+00
1.328500000000000037e-03 1.977791630000000158e-14 0.000000000000000000e+00 0.000000000000000000e+00
1.329000000000000103e-03 1.911975079999999899e-14 0.000000000000000000e+00 0.000000000000000000e+00
1.329499999999999953e-03 1.839442279999999992e-14 0.000000000000000000e+00 0.000000000000000000e+00
1.330000000000000019e-03 1.760903490000000040e-14 0.000000000000000000e+00 0.000000000000000000e+00
1.330500000000000085e-03 1.677065170000000016e-14 0.000000000000000000e+00 0.000000000000000000e+00
1.330999999999999935e-03 1.588626499999999941e-14 0.000000000000000000e+00 0.000000000000000000e+00
1.331500000000000001e-03 1.496276059999999850e-14 0.000000000000000000e+00 0.000000000000000000e+00
1.332000000000000068e-03 1.400688800000000026e-14 0.000000000000000000e+00 0.000000000000000000e+00
1.332499999999999917e-03 1.302523189999999931e-14 0.000000000000000000e+00 0.000000000000000000e+00
1.332999999999999984e-03 1.202418569999999944e-14 0.000000000000000000e+00 0.000000000000000000e+00
1.333500000000000050e-03 1.100992800000000057e-14 0.000000000000000000e+00 0.000000000000000000e+00
1.333999999999999899e-03 9.988400809999999417e-15 0.000000000000000000e+00 0.000000000000000000e+00
1.334499999999999966e-03 8.965290279999999341e-15 0.000000000000000000e+00 0.000000000000000000e+00
1.335000000000000032e-03 7.946009700000000759e-15 0.000000000000000000e+00 0.000000000000000000e+00
1.335500000000000098e-03 6.935684789999999851e-15 0.000000000000000000e+00 0.000000000000000000e+00
1.335999999999999948e-03 5.939141160000000290e-15 0.000000000000000000e+00 0.000000000000000000e+00
1.336500000000000014e-03 4.960893980000000107e-15 0.000000000000000000e+00 0.000000000000000000e+00
1.337000000000000081e-03 4.005139830000000263e-15 0.000000000000000000e+00 0.000000000000000000e+00
1.337499999999999930e-03 3.075750499999999846e-15 0.000000000000000000e+00 0.000000000000000000e+00
1.337999999999999997e-03 2.176268909999999960e-15 0.000000000000000000e+00 0.000000000000000000e+00
1.338500000000000063e-03 1.309906859999999993e-15 0.000000000000000000e+00 0.000000000000000000e+00
1.338999999999999913e-03 4.795446859999999632e-16 0.000000000000000000e+00 0.000000000000000000e+00
1.339499999999999979e-03 -3.122674139999999961e-16 0.000000000000000000e+00 0.000000000000000000e+00
1.340000000000000045e-03 -1.063306319999999988e-15 0.000000000000000000e+00 0.000000000000000000e+00
1.340499999999999895e-03 -1.771671449999999988e-15 0.000000000000000000e+00 0.000000000000000000e+00
1.340999999999999961e-03 -2.435778680000000150e-15 0.000000000000000000e+00 0.000000000000000000e+00
1.341500000000000027e-03 -3.054352999999999876e-15 0.000000000000000000e+00 0.000000000000000000e+00
1.342000000000000094e-03 -3.626419850000000290e-15 0.000000000000000000e+00 0.000000000000000000e+00
1.342499999999999943e-03 -4.151295380000000268e-15 0.000000000000000000e+00 0.000000000000000000e+00
1.343000000000000010e-03 -4.628575619999999966e-15 0.000000000000000000e+00 0.000000000000000000e+00
1.343500000000000076e-03 -5.058124750000000170e-15 0.000000000000000000e+00 0.000000000000000000e+00
1.343999999999999926e-03 -5.440062579999999821e-15 0.000000000000000000e+00 0.000000000000000000e+00
1.344499999999999992e-03 -5.774751239999999985e-15 0.000000000000000000e+00 0.000000000000000000e+00
1.345000000000000058e-03 -6.062781360000000031e-15 0.000000000000000000e+00 0.000000000000000000e+00
1.345499999999999908e-03 -6.304957660000000226e-15 0.000000000000000000e+00 0.000000000000000000e+00
1.345999999999999974e-03 -6.502284189999999662e-15 0.000000000000000000e+00 0.000000000000000000e+00
1.346500000000000041e-03 -6.655949219999999758e-15 0.000000000000000000e+00 0.000000000000000000e+00
1.347000000000000107e-03 -6.767309969999999918e-15 0.000000000000000000e+00 0.000000000000000000e+00
1.347499999999999956e-03 -6.837877140000000310e-15 0.000000000000000000e+00 0.000000000000000000e+00
1.348000000000000023e-03 -6.869299469999999916e-15 0.000000000000000000e+00 0.000000000000000000e+00
1.348500000000000089e-03 -6.863348330000000093e-15 0.000000000000000000e+00 0.000000000000000000e+00
1.348999999999999939e-03 -6.821902360000000242e-15 0.000000000000000000e+00 0.000000000000000000e+00
1.349500000000000005e-03 -6.746932459999999718e-15 0.000000000000000000e+00 0.000000000000000000e+00
1.350000000000000071e-03 -6.640486879999999727e-15 0.000000000000000000e+00 0.000000000000000000e+00
1.350499999999999921e-03 -6.504676749999999620e-15 0.000000000000000000e+00 0.000000000000000000e+00
1.350999999999999987e-03 -6.341661950000000228e-15 0.000000000000000000e+00 0.000000000000000000e+00
1.351500000000000054e-03 -6.153637440000000008e-15 0.000000000000000000e+00 0.000000000000000000e+00
1.351999999999999903e-03 -5.942820089999999785e-15 0.000000000000000000e+00 0.000000000000000000e+00
1.352499999999999970e-03 -5.711436010000000298e-15 0.000000000000000000e+00 0.000000000000000000e+00
1.353000000000000036e-03 -5.461708519999999632e-15 0.000000000000000000e+00 0.000000000000000000e+00
1.353500000000000102e-03 -5.195846670000000019e-15 0.000000000000000000e+00 0.000000000000000000e+00
1.353999999999999952e-03 -4.916034440000000317e-15 0.000000000000000000e+00 0.000000000000000000e+00
1.354500000000000018e-03 -4.624420570000000206e-15 0.000000000000000000e+00 0.000000000000000000e+00
1.355000000000000085e-03 -4.323109140000000306e-15 0.000000000000000000e+00 0.000000000000000000e+00
1.355499999999999934e-03 -4.014150739999999826e-15 0.000000000000000000e+00 0.000000000000000000e+00
1.356000000000000000e-03 -3.699534500000000359e-15 0.000000000000000000e+00 0.000000000000000000e+00
1.356500000000000067e-03 -3.381180690000000122e-15 0.000000000000000000e+00 0.000000000000000000e+00
1.356999999999999916e-03 -3.060934149999999867e-15 0.000000000000000000e+00 0.000000000000000000e+00
1.357499999999999983e-03 -2.740558370000000003e-15 0.000000000000000000e+00 0.000000000000000000e+00
1.358000000000000049e-03 -2.421730349999999946e-15 0.000000000000000000e+00 0.000000000000000000e+00
1.358499999999999899e-03 -2.106036110000000110e-15 0.000000000000000000e+00 0.000000000000000000e+00
1.358999999999999965e-03 -1.794966909999999824e-15 0.000000000000000000e+00 0.000000000000000000e+00
1.359500000000000031e-03 -1.489916180000000057e-15 0.000000000000000000e+00 0.000000000000000000e+00
1.360000000000000098e-03 -1.192177069999999914e-15 0.000000000000000000e+00 0.000000000000000000e+00
1.360499999999999947e-03 -9.029406930000000679e-16 0.000000000000000000e+00 0.000000000000000000e+00
1.361000000000000014e-03 -6.232949119999999608e-16 0.000000000000000000e+00 0.000000000000000000e+00
1.361500000000000080e-03 -3.542238189999999979e-16 0.000000000000000000e+00 0.000000000000000000e+00
1.361999999999999929e-03 -9.660770520000000395e-17 0.000000000000000000e+00 0.000000000000000000e+00
1.362499999999999996e-03 1.487763860000000035e-16 0.000000000000000000e+00 0.000000000000000000e+00
1.363000000000000062e-03 3.812536120000000129e-16 0.000000000000000000e+00 0.000000000000000000e+00
1.363499999999999912e-03 6.002497930000000387e-16 0.000000000000000000e+00 0.000000000000000000e+00
1.363999999999999978e-03 8.052894360000000386e-16 0.000000000000000000e+00 0.000000000000000000e+00
1.364500000000000044e-03 9.959933279999999912e-16 0.000000000000000000e+00 0.000000000000000000e+00
1.364999999999999894e-03 1.172075760000000080e-15 0.000000000000000000e+00 0.000000000000000000e+00
1.365499999999999960e-03 1.333341390000000034e-15 0.000000000000000000e+00 0.000000000000000000e+00
1.366000000000000027e-03 1.479681790000000087e-15 0.000000000000000000e+00 0.000000000000000000e+00
1.366500000000000093e-03 1.611071730000000050e-15 0.000000000000000000e+00 0.000000000000000000e+00
1.366999999999999943e-03 1.727565180000000065e-15 0.000000000000000000e+00 0.000000000000000000e+00
1.367500000000000009e-03 1.829291129999999984e-15 0.000000000000000000e+00 0.000000000000000000e+00
1.368000000000000075e-03 1.916449179999999961e-15 0.000000000000000000e+00 0.000000000000000000e+00
1.368499999999999925e-03 1.989305040000000080e-15 0.000000000000000000e+00 0.000000000000000000e+00
1.368999999999999991e-03 2.048185859999999816e-15 0.000000000000000000e+00 0.000000000000000000e+00
1.369500000000000058e-03 2.093475499999999873e-15 0.000000000000000000e+00 0.000000000000000000e+00
1.369999999999999907e-03 2.125609689999999900e-15 0.000000000000000000e+00 0.000000000000000000e+00
1.370499999999999973e-03 2.145071240000000138e-15 0.000000000000000000e+00 0.000000000000000000e+00
1.371000000000000040e-03 2.152385169999999938e-15 0.000000000000000000e+00 0.000000000000000000e+00
1.371500000000000106e-03 2.148113879999999807e-15 0.000000000000000000e+00 0.000000000000000000e+00
1.371999999999999956e-03 2.132852379999999904e-15 0.000000000000000000e+00 0.000000000000000000e+00
1.372500000000000022e-03 2.107223570000000099e-15 0.000000000000000000e+00 0.000000000000000000e+00
1.373000000000000088e-03 2.071873630000000017e-15 0.000000000000000000e+00 0.000000000000000000e+00
1.373499999999999938e-03 2.027467479999999850e-15 0.000000000000000000e+00 0.000000000000000000e+00
1.374000000000000004e-03 1.974684379999999973e-15 0.000000000000000000e+00 0.000000000000000000e+00
1.374500000000000071e-03 1.914213700000000121e-15 0.000000000000000000e+00 0.000000000000000000e+00
1.374999999999999920e-03 1.846750820000000131e-15 0.000000000000000000e+00 0.000000000000000000e+00
1.375499999999999987e-03 1.772993200000000058e-15 0.000000000000000000e+00 0.000000000000000000e+00
1.376000000000000053e-03 1.693636650000000056e-15 0.000000000000000000e+00 0.000000000000000000e+00
1.376499999999999902e-03 1.609371760000000037e-15 0.000000000000000000e+00 0.000000000000000000e+00
1.376999999999999969e-03 1.520880580000000067e-15 0.000000000000000000e+00 0.000000000000000000e+00
1.377500000000000035e-03 1.428833499999999949e-15 0.000000000000000000e+00 0.000000000000000000e+00
1.378000000000000102e-03 1.333886279999999947e-15 0.000000000000000000e+00 0.000000000000000000e+00
1.378499999999999951e-03 1.236677410000000083e-15 0.000000000000000000e+00 0.000000000000000000e+00
1.379000000000000017e-03 1.137825589999999997e-15 0.000000000000000000e+00 0.000000000000000000e+00
1.379500000000000084e-03 1.037927499999999943e-15 0.000000000000000000e+00 0.000000000000000000e+00
1.379999999999999933e-03 9.375558010000000794e-16 0.000000000000000000e+00 0.000000000000000000e+00
1.380500000000000000e-03 8.372572819999999579e-16 0.000000000000000000e+00 0.000000000000000000e+00
1.381000000000000066e-03 7.375513380000000391e-16 0.000000000000000000e+00 0.000000000000000000e+00
1.381499999999999916e-03 6.389285909999999882e-16 0.000000000000000000e+00 0.000000000000000000e+00
1.381999999999999982e-03 5.418497620000000025e-16 0.000000000000000000e+00 0.000000000000000000e+00
1.382500000000000048e-03 4.467447430000000313e-16 0.000000000000000000e+00 0.000000000000000000e+00
1.382999999999999898e-03 3.540118800000000142e-16 0.000000000000000000e+00 0.000000000000000000e+00
1.383499999999999964e-03 2.640174580000000225e-16 0.000000000000000000e+00 0.000000000000000000e+00
1.384000000000000031e-03 1.770953729999999884e-16 0.000000000000000000e+00 0.000000000000000000e+00
1.384500000000000097e-03 9.354699499999999779e-17 0.000000000000000000e+00 0.000000000000000000e+00
1.384999999999999946e-03 1.364120140000000066e-17 0.000000000000000000e+00 0.000000000000000000e+00
1.385500000000000013e-03 -6.238541659999999553e-17 0.000000000000000000e+00 0.000000000000000000e+00
1.386000000000000079e-03 -1.343281920000000007e-16 0.000000000000000000e+00 0.000000000000000000e+00
1.386499999999999929e-03 -2.020138720000000108e-16 0.000000000000000000e+00 0.000000000000000000e+00
1.386999999999999995e-03 -2.652999660000000178e-16 0.000000000000000000e+00 0.000000000000000000e+00
1.387500000000000061e-03 -3.240739710000000032e-16 0.000000000000000000e+00 0.000000000000000000e+00
1.387999999999999911e-03 -3.782524740000000112e-16 0.000000000000000000e+00 0.000000000000000000e+00
1.388499999999999977e-03 -4.277801480000000042e-16 0.000000000000000000e+00 0.000000000000000000e+00
1.389000000000000044e-03 -4.726286539999999765e-16 0.000000000000000000e+00 0.000000000000000000e+00
1.389499999999999893e-03 -5.127954529999999611e-16 0.000000000000000000e+00 0.000000000000000000e+00
1.389999999999999960e-03 -5.483025449999999908e-16 0.000000000000000000e+00 0.000000000000000000e+00
1.390500000000000026e-03 -5.791951389999999922e-16 0.000000000000000000e+00 0.000000000000000000e+00
1.391000000000000092e-03 -6.055402729999999849e-16 0.000000000000000000e+00 0.000000000000000000e+00
1.391499999999999942e-03 -6.274253830000000239e-16 0.000000000000000000e+00 0.000000000000000000e+00
1.392000000000000008e-03 -6.449568389999999895e-16 0.000000000000000000e+00 0.000000000000000000e+00
1.392500000000000075e-03 -6.582584549999999541e-16 0.000000000000000000e+00 0.000000000000000000e+00
1.392999999999999924e-03 -6.674699810000000006e-16 0.000000000000000000e+00 0.000000000000000000e+00
1.393499999999999990e-03 -6.727455850000000416e-16 0.000000000000000000e+00 0.000000000000000000e+00
1.394000000000000057e-03 -6.742523369999999745e-16 0.000000000000000000e+00 0.000000000000000000e+00
1.394499999999999906e-03 -6.721687020000000114e-16 0.000000000000000000e+00 0.000000000000000000e+00
1.394999999999999973e-03 -6.666830430000000222e-16 0.000000000000000000e+00 0.000000000000000000e+00
1.395500000000000039e-03 -6.579921509999999962e-16 0.000000000000000000e+00 0.000000000000000000e+00
1.396000000000000105e-03 -6.462998029999999667e-16 0.000000000000000000e+00 0.000000000000000000e+00
1.396499999999999955e-03 -6.318153510000000478e-16 0.000000000000000000e+00 0.000000000000000000e+00
1.397000000000000021e-03 -6.147523580000000097e-16 0.000000000000000000e+00 0.000000000000000000e+00
1.397500000000000088e-03 -5.953272740000000296e-16 0.000000000000000000e+00 0.000000000000000000e+00
1.397999999999999937e-03 -5.737581679999999737e-16 0.000000000000000000e+00 0.000000000000000000e+00
1.398500000000000004e-03 -5.502635049999999523e-16 0.000000000000000000e+00 0.000000000000000000e+00
1.399000000000000070e-03 -5.250609929999999754e-16 0.000000000000000000e+00 0.000000000000000000e+00
1.399499999999999919e-03 -4.983664820000000324e-16 0.000000000000000000e+00 0.000000000000000000e+00
1.399999999999999986e-03 -4.703929300000000025e-16 0.000000000000000000e+00 0.000000000000000000e+00
1.400500000000000052e-03 -4.413494379999999759e-16 0.000000000000000000e+00 0.000000000000000000e+00
1.400999999999999902e-03 -4.114403479999999827e-16 0.000000000000000000e+00 0.000000000000000000e+00
1.401499999999999968e-03 -3.808644149999999842e-16 0.000000000000000000e+00 0.000000000000000000e+00
1.402000000000000034e-03 -3.498140440000000001e-16 0.000000000000000000e+00 0.000000000000000000e+00
1.402500000000000101e-03 -3.184746010000000059e-16 0.000000000000000000e+00 0.000000000000000000e+00
1.402999999999999950e-03 -2.870237990000000139e-16 0.000000000000000000e+00 0.000000000000000000e+00
1.403500000000000017e-03 -2.556311420000000059e-16 0.000000000000000000e+00 0.000000000000000000e+00
1.404000000000000083e-03 -2.244574550000000173e-16 0.000000000000000000e+00 0.000000000000000000e+00
1.404499999999999933e-03 -1.936544660000000056e-16 0.000000000000000000e+00 0.000000000000000000e+00
1.404999999999999999e-03 -1.633644729999999993e-16 0.000000000000000000e+00 0.000000000000000000e+00
1.405500000000000065e-03 -1.337200620000000101e-16 0.000000000000000000e+00 0.000000000000000000e+00
1.405999999999999915e-03 -1.048438989999999993e-16 0.000000000000000000e+00 0.000000000000000000e+00
1.406499999999999981e-03 -7.684857810000000297e-17 0.000000000000000000e+00 0.000000000000000000e+00
1.407000000000000048e-03 -4.983653609999999803e-17 0.000000000000000000e+00 0.000000000000000000e+00
1.407499999999999897e-03 -2.390001690000000124e-17 0.000000000000000000e+00 0.000000000000000000e+00
1.407999999999999963e-03 8.789039540000000675e-19 0.000000000000000000e+00 0.000000000000000000e+00
1.408500000000000030e-03 2.442824460000000021e-17 0.000000000000000000e+00 0.000000000000000000e+00
1.409000000000000096e-03 4.668599359999999768e-17 0.000000000000000000e+00 0.000000000000000000e+00
1.409499999999999946e-03 6.759994000000000239e-17 0.000000000000000000e+00 0.000000000000000000e+00
1.410000000000000012e-03 8.712746150000000373e-17 0.000000000000000000e+00 0.000000000000000000e+00
1.410500000000000078e-03 1.052352720000000010e-16 0.000000000000000000e+00 0.000000000000000000e+00
1.410999999999999928e-03 1.218991350000000017e-16 0.000000000000000000e+00 0.000000000000000000e+00
1.411499999999999994e-03 1.371035409999999977e-16 0.000000000000000000e+00 0.000000000000000000e+00
1.412000000000000061e-03 1.508413579999999889e-16 0.000000000000000000e+00 0.000000000000000000e+00
1.412499999999999910e-03 1.631134530000000063e-16 0.000000000000000000e+00 0.000000000000000000e+00
1.412999999999999977e-03 1.739282939999999898e-16 0.000000000000000000e+00 0.000000000000000000e+00
1.413500000000000043e-03 1.833015289999999915e-16 0.000000000000000000e+00 0.000000000000000000e+00
1.413999999999999892e-03 1.912555520000000028e-16 0.000000000000000000e+00 0.000000000000000000e+00
1.414499999999999959e-03 1.978190459999999971e-16 0.000000000000000000e+00 0.000000000000000000e+00
1.415000000000000025e-03 2.030265300000000012e-16 0.000000000000000000e+00 0.000000000000000000e+00
1.415500000000000091e-03 2.069178859999999988e-16 0.000000000000000000e+00 0.000000000000000000e+00
1.415999999999999941e-03 2.095378900000000091e-16 0.000000000000000000e+00 0.000000000000000000e+00
1.416500000000000007e-03 2.109357289999999920e-16 0.000000000000000000e+00 0.000000000000000000e+00
1.417000000000000074e-03 2.111645370000000003e-16 0.000000000000000000e+00 0.000000000000000000e+00
1.417499999999999923e-03 2.102809130000000054e-16 0.000000000000000000e+00 0.000000000000000000e+00
1.417999999999999990e-03 2.083444600000000097e-16 0.000000000000000000e+00 0.000000000000000000e+00
1.418500000000000056e-03 2.054173240000000115e-16 0.000000000000000000e+00 0.000000000000000000e+00
1.418999999999999906e-03 2.015637460000000015e-16 0.000000000000000000e+00 0.000000000000000000e+00
1.419499999999999972e-03 1.968496209999999981e-16 0.000000000000000000e+00 0.000000000000000000e+00
1.420000000000000038e-03 1.913420730000000006e-16 0.000000000000000000e+00 0.000000000000000000e+00
1.420500000000000105e-03 1.851090460000000085e-16 0.000000000000000000e+00 0.000000000000000000e+00
1.420999999999999954e-03 1.782189079999999992e-16 0.000000000000000000e+00 0.000000000000000000e+00
1.421500000000000020e-03 1.707400740000000060e-16 0.000000000000000000e+00 0.000000000000000000e+00
1.422000000000000087e-03 1.627406449999999901e-16 0.000000000000000000e+00 0.000000000000000000e+00
1.422499999999999936e-03 1.542880699999999910e-16 0.000000000000000000e+00 0.000000000000000000e+00
1.423000000000000003e-03 1.454488289999999957e-16 0.000000000000000000e+00 0.000000000000000000e+00
1.423500000000000069e-03 1.362881300000000082e-16 0.000000000000000000e+00 0.000000000000000000e+00
1.423999999999999919e-03 1.268696320000000107e-16 0.000000000000000000e+00 0.000000000000000000e+00
1.424499999999999985e-03 1.172551929999999941e-16 0.000000000000000000e+00 0.000000000000000000e+00
1.425000000000000051e-03 1.075046350000000002e-16 0.000000000000000000e+00 0.000000000000000000e+00
1.425499999999999901e-03 9.767553240000000528e-17 0.000000000000000000e+00 0.000000000000000000e+00
1.425999999999999967e-03 8.782302099999999614e-17 0.000000000000000000e+00 0.000000000000000000e+00
1.426500000000000034e-03 7.799963440000000256e-17 0.000000000000000000e+00 0.000000000000000000e+00
1.427000000000000100e-03 6.825515710000000008e-17 0.000000000000000000e+00 0.000000000000000000e+00
1.427499999999999949e-03 5.863650079999999479e-17 0.000000000000000000e+00 0.000000000000000000e+00
1.428000000000000016e-03 4.918760170000000097e-17 0.000000000000000000e+00 0.000000000000000000e+00
1.428500000000000082e-03 3.994933909999999729e-17 0.000000000000000000e+00 0.000000000000000000e+00
1.428999999999999932e-03 3.095947259999999998e-17 0.000000000000000000e+00 0.000000000000000000e+00
1.429499999999999998e-03 2.225260019999999904e-17 0.000000000000000000e+00 0.000000000000000000e+00
1.430000000000000064e-03 1.386013359999999939e-17 0.000000000000000000e+00 0.000000000000000000e+00
1.430499999999999914e-03 5.810291970000000205e-18 0.000000000000000000e+00 0.000000000000000000e+00
1.430999999999999980e-03 -1.871886940000000121e-18 0.000000000000000000e+00 0.000000000000000000e+00
1.431500000000000047e-03 -9.164520489999999387e-18 0.000000000000000000e+00 0.000000000000000000e+00
1.431999999999999896e-03 -1.604883910000000032e-17 0.000000000000000000e+00 0.000000000000000000e+00
1.432499999999999963e-03 -2.250913039999999922e-17 0.000000000000000000e+00 0.000000000000000000e+00
1.433000000000000029e-03 -2.853266960000000292e-17 0.000000000000000000e+00 0.000000000000000000e+00
1.433500000000000095e-03 -3.410963879999999930e-17 0.000000000000000000e+00 0.000000000000000000e+00
1.433999999999999945e-03 -3.923303380000000177e-17 0.000000000000000000e+00 0.000000000000000000e+00
1.434500000000000011e-03 -4.389856199999999850e-17 0.000000000000000000e+00 0.000000000000000000e+00
1.435000000000000078e-03 -4.810453050000000289e-17 0.000000000000000000e+00 0.000000000000000000e+00
1.435499999999999927e-03 -5.185172659999999870e-17 0.000000000000000000e+00 0.000000000000000000e+00
1.435999999999999993e-03 -5.514329070000000154e-17 0.000000000000000000e+00 0.000000000000000000e+00
1.436500000000000060e-03 -5.798458420000000438e-17 0.000000000000000000e+00 0.000000000000000000e+00
1.436999999999999909e-03 -6.038305099999999500e-17 0.000000000000000000e+00 0.000000000000000000e+00
1.437499999999999976e-03 -6.234807649999999867e-17 0.000000000000000000e+00 0.000000000000000000e+00
1.438000000000000042e-03 -6.389084200000000009e-17 0.000000000000000000e+00 0.000000000000000000e+00
1.438499999999999892e-03 -6.502417800000000406e-17 0.000000000000000000e+00 0.000000000000000000e+00
1.438999999999999958e-03 -6.576241579999999513e-17 0.000000000000000000e+00 0.000000000000000000e+00
1.439500000000000024e-03 -6.612123820000000296e-17 0.000000000000000000e+00 0.000000000000000000e+00
1.440000000000000091e-03 -6.611753139999999389e-17 0.000000000000000000e+00 0.000000000000000000e+00
1.440499999999999940e-03 -6.576923710000000060e-17 0.000000000000000000e+00 0.000000000000000000e+00
1.441000000000000007e-03 -6.509520690000000090e-17 0.000000000000000000e+00 0.000000000000000000e+00
1.441500000000000073e-03 -6.411505900000000174e-17 0.000000000000000000e+00 0.000000000000000000e+00
1.441999999999999922e-03 -6.284903779999999495e-17 0.000000000000000000e+00 0.000000000000000000e+00
1.442499999999999989e-03 -6.131787779999999700e-17 0.000000000000000000e+00 0.000000000000000000e+00
1.443000000000000055e-03 -5.954267099999999701e-17 0.000000000000000000e+00 0.000000000000000000e+00
1.443499999999999905e-03 -5.754473909999999843e-17 0.000000000000000000e+00 0.000000000000000000e+00
1.443999999999999971e-03 -5.534551129999999770e-17 0.000000000000000000e+00 0.000000000000000000e+00
1.444500000000000037e-03 -5.296640699999999695e-17 0.000000000000000000e+00 0.000000000000000000e+00
1.445000000000000104e-03 -5.042872449999999843e-17 0.000000000000000000e+00 0.000000000000000000e+00
1.445499999999999953e-03 -4.775353640000000042e-17 0.000000000000000000e+00 0.000000000000000000e+00
1.446000000000000020e-03 -4.496159020000000226e-17 0.000000000000000000e+00 0.000000000000000000e+00
1.446500000000000086e-03 -4.207321689999999942e-17 0.000000000000000000e+00 0.000000000000000000e+00
1.446999999999999936e-03 -3.910824490000000191e-17 0.000000000000000000e+00 0.000000000000000000e+00
1.447500000000000002e-03 -3.608592189999999957e-17 0.000000000000000000e+00 0.000000000000000000e+00
1.448000000000000068e-03 -3.302484320000000305e-17 0.000000000000000000e+00 0.000000000000000000e+00
1.448499999999999918e-03 -2.994288670000000006e-17 0.000000000000000000e+00 0.000000000000000000e+00
1.448999999999999984e-03 -2.685715549999999850e-17 0.000000000000000000e+00 0.000000000000000000e+00
1.449500000000000051e-03 -2.378392679999999854e-17 0.000000000000000000e+00 0.000000000000000000e+00
1.449999999999999900e-03 -2.073860789999999871e-17 0.000000000000000000e+00 0.000000000000000000e+00
1.450499999999999966e-03 -1.773569890000000039e-17 0.000000000000000000e+00 0.000000000000000000e+00
1.451000000000000033e-03 -1.478876190000000064e-17 0.000000000000000000e+00 0.000000000000000000e+00
1.451500000000000099e-03 -1.191039659999999924e-17 0.000000000000000000e+00 0.000000000000000000e+00
1.451999999999999949e-03 -9.112222250000000247e-18 0.000000000000000000e+00 0.000000000000000000e+00
1.452500000000000015e-03 -6.404865650000000230e-18 0.000000000000000000e+00 0.000000000000000000e+00
1.453000000000000081e-03 -3.797954560000000094e-18 0.000000000000000000e+00 0.000000000000000000e+00
1.453499999999999931e-03 -1.300117009999999985e-18 0.000000000000000000e+00 0.000000000000000000e+00
1.453999999999999997e-03 1.081014259999999928e-18 0.000000000000000000e+00 0.000000000000000000e+00
1.454500000000000064e-03 3.338792419999999847e-18 0.000000000000000000e+00 0.000000000000000000e+00
1.454999999999999913e-03 5.467542479999999881e-18 0.000000000000000000e+00 0.000000000000000000e+00
1.455499999999999980e-03 7.462542809999999797e-18 0.000000000000000000e+00 0.000000000000000000e+00
1.456000000000000046e-03 9.320002650000000652e-18 0.000000000000000000e+00 0.000000000000000000e+00
1.456499999999999895e-03 1.103703580000000075e-17 0.000000000000000000e+00 0.000000000000000000e+00
1.456999999999999962e-03 1.261163119999999954e-17 0.000000000000000000e+00 0.000000000000000000e+00
1.457500000000000028e-03 1.404261960000000044e-17 0.000000000000000000e+00 0.000000000000000000e+00
1.458000000000000095e-03 1.532963879999999908e-17 0.000000000000000000e+00 0.000000000000000000e+00
1.458499999999999944e-03 1.647309490000000106e-17 0.000000000000000000e+00 0.000000000000000000e+00
1.459000000000000010e-03 1.747412270000000150e-17 0.000000000000000000e+00 0.000000000000000000e+00
1.459500000000000077e-03 1.833454359999999898e-17 0.000000000000000000e+00 0.000000000000000000e+00
1.459999999999999926e-03 1.905682200000000021e-17 0.000000000000000000e+00 0.000000000000000000e+00
1.460499999999999993e-03 1.964402110000000057e-17 0.000000000000000000e+00 0.000000000000000000e+00
1.461000000000000059e-03 2.009975679999999852e-17 0.000000000000000000e+00 0.000000000000000000e+00
1.461499999999999909e-03 2.042815180000000147e-17 0.000000000000000000e+00 0.000000000000000000e+00
1.461999999999999975e-03 2.063378899999999953e-17 0.000000000000000000e+00 0.000000000000000000e+00
1.462500000000000041e-03 2.072166499999999982e-17 0.000000000000000000e+00 0.000000000000000000e+00
1.463000000000000108e-03 2.069714320000000046e-17 0.000000000000000000e+00 0.000000000000000000e+00
1.463499999999999957e-03 2.056590819999999932e-17 0.000000000000000000e+00 0.000000000000000000e+00
1.464000000000000024e-03 2.033391980000000106e-17 0.000000000000000000e+00 0.000000000000000000e+00
1.464500000000000090e-03 2.000736880000000077e-17 0.000000000000000000e+00 0.000000000000000000e+00
1.464999999999999939e-03 1.959263279999999851e-17 0.000000000000000000e+00 0.000000000000000000e+00
1.465500000000000006e-03 1.909623400000000047e-17 0.000000000000000000e+00 0.000000000000000000e+00
1.466000000000000072e-03 1.852479829999999936e-17 0.000000000000000000e+00 0.000000000000000000e+00
1.466499999999999922e-03 1.788501479999999953e-17 0.000000000000000000e+00 0.000000000000000000e+00
1.466999999999999988e-03 1.718359859999999883e-17 0.000000000000000000e+00 0.000000000000000000e+00
1.467500000000000054e-03 1.642725429999999945e-17 0.000000000000000000e+00 0.000000000000000000e+00
1.467999999999999904e-03 1.562264140000000049e-17 0.000000000000000000e+00 0.000000000000000000e+00
1.468499999999999970e-03 1.477634159999999990e-17 0.000000000000000000e+00 0.000000000000000000e+00
1.469000000000000037e-03 1.389482900000000069e-17 0.000000000000000000e+00 0.000000000000000000e+00
1.469500000000000103e-03 1.298444100000000004e-17 0.000000000000000000e+00 0.000000000000000000e+00
1.469999999999999953e-03 1.205135239999999934e-17 0.000000000000000000e+00 0.000000000000000000e+00
1.470500000000000019e-03 1.110155100000000035e-17 0.000000000000000000e+00 0.000000000000000000e+00
1.471000000000000085e-03 1.014081579999999983e-17 0.000000000000000000e+00 0.000000000000000000e+00
1.471499999999999935e-03 9.174697109999999638e-18 0.000000000000000000e+00 0.000000000000000000e+00
1.472000000000000001e-03 8.208498910000000619e-18 0.000000000000000000e+00 0.000000000000000000e+00
1.472500000000000068e-03 7.247263389999999747e-18 0.000000000000000000e+00 0.000000000000000000e+00
1.472999999999999917e-03 6.295757579999999858e-18 0.000000000000000000e+00 0.000000000000000000e+00
1.473499999999999983e-03 5.358462100000000120e-18 0.000000000000000000e+00 0.000000000000000000e+00
1.474000000000000050e-03 4.439561999999999920e-18 0.000000000000000000e+00 0.000000000000000000e+00
1.474499999999999899e-03 3.542939460000000272e-18 0.000000000000000000e+00 0.000000000000000000e+00
1.474999999999999966e-03 2.672168599999999924e-18 0.000000000000000000e+00 0.000000000000000000e+00
1.475500000000000032e-03 1.830512039999999859e-18 0.000000000000000000e+00 0.000000000000000000e+00
1.476000000000000098e-03 1.020919279999999985e-18 0.000000000000000000e+00 0.000000000000000000e+00
1.476499999999999948e-03 2.460268080000000100e-19 0.000000000000000000e+00 0.000000000000000000e+00
1.477000000000000014e-03 -4.918401619999999608e-19 0.000000000000000000e+00 0.000000000000000000e+00
1.477500000000000081e-03 -1.190664449999999934e-18 0.000000000000000000e+00 0.000000000000000000e+00
1.477999999999999930e-03 -1.848732180000000099e-18 0.000000000000000000e+00 0.000000000000000000e+00
1.478499999999999997e-03 -2.464626729999999844e-18 0.000000000000000000e+00 0.000000000000000000e+00
1.479000000000000063e-03 -3.037221429999999832e-18 0.000000000000000000e+00 0.000000000000000000e+00
1.479499999999999912e-03 -3.565671100000000151e-18 0.000000000000000000e+00 0.000000000000000000e+00
1.479999999999999979e-03 -4.049402530000000175e-18 0.000000000000000000e+00 0.000000000000000000e+00
1.480500000000000045e-03 -4.488104039999999931e-18 0.000000000000000000e+00 0.000000000000000000e+00
1.480999999999999895e-03 -4.881714149999999942e-18 0.000000000000000000e+00 0.000000000000000000e+00
1.481499999999999961e-03 -5.230409560000000381e-18 0.000000000000000000e+00 0.000000000000000000e+00
1.482000000000000027e-03 -5.534592460000000069e-18 0.000000000000000000e+00 0.000000000000000000e+00
1.482500000000000094e-03 -5.794877239999999928e-18 0.000000000000000000e+00 0.000000000000000000e+00
1.482999999999999943e-03 -6.012076839999999707e-18 0.000000000000000000e+00 0.000000000000000000e+00
1.483500000000000010e-03 -6.187188670000000327e-18 0.000000000000000000e+00 0.000000000000000000e+00
1.484000000000000076e-03 -6.321380310000000227e-18 0.000000000000000000e+00 0.000000000000000000e+00
1.484499999999999926e-03 -6.415974990000000364e-18 0.000000000000000000e+00 0.000000000000000000e+00
1.484999999999999992e-03 -6.472436990000000087e-18 0.000000000000000000e+00 0.000000000000000000e+00
1.485500000000000058e-03 -6.492357069999999616e-18 0.000000000000000000e+00 0.000000000000000000e+00
1.485999999999999908e-03 -6.477437869999999770e-18 0.000000000000000000e+00 0.000000000000000000e+00
1.486499999999999974e-03 -6.429479549999999769e-18 0.000000000000000000e+00 0.000000000000000000e+00
1.487000000000000040e-03 -6.350365539999999950e-18 0.000000000000000000e+00 0.000000000000000000e+00
1.487500000000000107e-03 -6.242048619999999996e-18 0.000000000000000000e+00 0.000000000000000000e+00
1.487999999999999956e-03 -6.106537330000000382e-18 0.000000000000000000e+00 0.000000000000000000e+00
1.488500000000000023e-03 -5.945882700000000203e-18 0.000000000000000000e+00 0.000000000000000000e+00
1.489000000000000089e-03 -5.762165470000000279e-18 0.000000000000000000e+00 0.000000000000000000e+00
1.489499999999999939e-03 -5.557483799999999946e-18 0.000000000000000000e+00 0.000000000000000000e+00
1.490000000000000005e-03 -5.333941409999999805e-18 0.000000000000000000e+00 0.000000000000000000e+00
1.490500000000000071e-03 -5.093636399999999870e-18 0.000000000000000000e+00 0.000000000000000000e+00
1.490999999999999921e-03 -4.838650520000000358e-18 0.000000000000000000e+00 0.000000000000000000e+00
1.491499999999999987e-03 -4.571039190000000179e-18 0.000000000000000000e+00 0.000000000000000000e+00
1.492000000000000054e-03 -4.292822019999999811e-18 0.000000000000000000e+00 0.000000000000000000e+00
1.492499999999999903e-03 -4.005974129999999772e-18 0.000000000000000000e+00 0.000000000000000000e+00
1.492999999999999969e-03 -3.712417939999999961e-18 0.000000000000000000e+00 0.000000000000000000e+00
1.493500000000000036e-03 -3.414015850000000135e-18 0.000000000000000000e+00 0.000000000000000000e+00
1.494000000000000102e-03 -3.112563460000000074e-18 0.000000000000000000e+00 0.000000000000000000e+00
1.494499999999999952e-03 -2.809783489999999950e-18 0.000000000000000000e+00 0.000000000000000000e+00
1.495000000000000018e-03 -2.507320409999999998e-18 0.000000000000000000e+00 0.000000000000000000e+00
1.495500000000000084e-03 -2.206735760000000128e-18 0.000000000000000000e+00 0.000000000000000000e+00
1.495999999999999934e-03 -1.909504089999999853e-18 0.000000000000000000e+00 0.000000000000000000e+00
1.496500000000000000e-03 -1.617009540000000058e-18 0.000000000000000000e+00 0.000000000000000000e+00
1.497000000000000067e-03 -1.330543139999999932e-18 0.000000000000000000e+00 0.000000000000000000e+00
1.497499999999999916e-03 -1.051300670000000095e-18 0.000000000000000000e+00 0.000000000000000000e+00
1.497999999999999983e-03 -7.803810990000000357e-19 0.000000000000000000e+00 0.000000000000000000e+00
1.498500000000000049e-03 -5.187856929999999969e-19 0.000000000000000000e+00 0.000000000000000000e+00
1.498999999999999898e-03 -2.674175809999999887e-19 0.000000000000000000e+00 0.000000000000000000e+00
1.499499999999999965e-03 -2.708191729999999981e-20 0.000000000000000000e+00 0.000000000000000000e+00
1.500000000000000031e-03 2.015134749999999954e-19 0.000000000000000000e+00 0.000000000000000000e+00
1.500500000000000098e-03 4.177569880000000129e-19 0.000000000000000000e+00 0.000000000000000000e+00
1.500999999999999947e-03 6.211316569999999851e-19 0.000000000000000000e+00 0.000000000000000000e+00
1.501500000000000013e-03 8.112131790000000380e-19 0.000000000000000000e+00 0.000000000000000000e+00
1.502000000000000080e-03 9.876675469999999580e-19 0.000000000000000000e+00 0.000000000000000000e+00
1.502499999999999929e-03 1.150248319999999973e-18 0.000000000000000000e+00 0.000000000000000000e+00
1.502999999999999996e-03 1.298793600000000096e-18 0.000000000000000000e+00 0.000000000000000000e+00
1.503500000000000062e-03 1.433222650000000044e-18 0.000000000000000000e+00 0.000000000000000000e+00
1.503999999999999912e-03 1.553532369999999905e-18 0.000000000000000000e+00 0.000000000000000000e+00
1.504499999999999978e-03 1.659793409999999970e-18 0.000000000000000000e+00 0.000000000000000000e+00
1.505000000000000044e-03 1.752146209999999926e-18 0.000000000000000000e+00 0.000000000000000000e+00
1.505499999999999894e-03 1.830796759999999852e-18 0.000000000000000000e+00 0.000000000000000000e+00
1.505999999999999960e-03 1.896012349999999983e-18 0.000000000000000000e+00 0.000000000000000000e+00
1.506500000000000027e-03 1.948117080000000101e-18 0.000000000000000000e+00 0.000000000000000000e+00
1.507000000000000093e-03 1.987487429999999975e-18 0.000000000000000000e+00 0.000000000000000000e+00
1.507499999999999942e-03 2.014547650000000107e-18 0.000000000000000000e+00 0.000000000000000000e+00
1.508000000000000009e-03 2.029765199999999979e-18 0.000000000000000000e+00 0.000000000000000000e+00
1.508500000000000075e-03 2.033646200000000043e-18 0.000000000000000000e+00 0.000000000000000000e+00
1.508999999999999925e-03 2.026730860000000089e-18 0.000000000000000000e+00 0.000000000000000000e+00
1.509499999999999991e-03 2.009588979999999894e-18 0.000000000000000000e+00 0.000000000000000000e+00
1.510000000000000057e-03 1.982815509999999981e-18 0.000000000000000000e+00 0.000000000000000000e+00
1.510499999999999907e-03 1.947026229999999853e-18 0.000000000000000000e+00 0.000000000000000000e+00
1.510999999999999973e-03 1.902853470000000025e-18 0.000000000000000000e+00 0.000000000000000000e+00
1.511500000000000040e-03 1.850942029999999870e-18 0.000000000000000000e+00 0.000000000000000000e+00
1.512000000000000106e-03 1.791945170000000068e-18 0.000000000000000000e+00 0.000000000000000000e+00
1.512499999999999956e-03 1.726520829999999965e-18 0.000000000000000000e+00 0.000000000000000000e+00
1.513000000000000022e-03 1.655327899999999943e-18 0.000000000000000000e+00 0.000000000000000000e+00
1.513500000000000088e-03 1.579022809999999999e-18 0.000000000000000000e+00 0.000000000000000000e+00
1.513999999999999938e-03 1.498256190000000034e-18 0.000000000000000000e+00 0.000000000000000000e+00
1.514500000000000004e-03 1.413669760000000053e-18 0.000000000000000000e+00 0.000000000000000000e+00
1.515000000000000071e-03 1.325893429999999927e-18 0.000000000000000000e+00 0.000000000000000000e+00
1.515499999999999920e-03 1.235542610000000057e-18 0.000000000000000000e+00 0.000000000000000000e+00
1.515999999999999986e-03 1.143215719999999978e-18 0.000000000000000000e+00 0.000000000000000000e+00
1.516500000000000053e-03 1.049491890000000023e-18 0.000000000000000000e+00 0.000000000000000000e+00
1.516999999999999902e-03 9.549288980000000304e-19 0.000000000000000000e+00 0.000000000000000000e+00
1.517499999999999969e-03 8.600613339999999739e-19 0.000000000000000000e+00 0.000000000000000000e+00
1.518000000000000035e-03 7.653989419999999543e-19 0.000000000000000000e+00 0.000000000000000000e+00
1.518500000000000101e-03 6.714251979999999749e-19 0.000000000000000000e+00 0.000000000000000000e+00
1.518999999999999951e-03 5.785960839999999531e-19 0.000000000000000000e+00 0.000000000000000000e+00
1.519500000000000017e-03 4.873390719999999661e-19 0.000000000000000000e+00 0.000000000000000000e+00
1.520000000000000084e-03 3.980523029999999820e-19 0.000000000000000000e+00 0.000000000000000000e+00
1.520499999999999933e-03 3.111039600000000148e-19 0.000000000000000000e+00 0.000000000000000000e+00
1.521000000000000000e-03 2.268318319999999929e-19 0.000000000000000000e+00 0.000000000000000000e+00
1.521500000000000066e-03 1.455430539999999945e-19 0.000000000000000000e+00 0.000000000000000000e+00
1.521999999999999915e-03 6.751401729999999901e-20 0.000000000000000000e+00 0.000000000000000000e+00
1.522499999999999982e-03 -7.009545190000000503e-21 0.000000000000000000e+00 0.000000000000000000e+00
1.523000000000000048e-03 -7.781233009999999812e-20 0.000000000000000000e+00 0.000000000000000000e+00
1.523499999999999898e-03 -1.447090799999999896e-19 0.000000000000000000e+00 0.000000000000000000e+00
1.523999999999999964e-03 -2.075440630000000042e-19 0.000000000000000000e+00 0.000000000000000000e+00
1.524500000000000030e-03 -2.661904280000000059e-19 0.000000000000000000e+00 0.000000000000000000e+00
1.525000000000000097e-03 -3.205494350000000146e-19 0.000000000000000000e+00 0.000000000000000000e+00
1.525499999999999946e-03 -3.705495829999999771e-19 0.000000000000000000e+00 0.000000000000000000e+00
1.526000000000000013e-03 -4.161456340000000184e-19 0.000000000000000000e+00 0.000000000000000000e+00
1.526500000000000079e-03 -4.573175540000000202e-19 0.000000000000000000e+00 0.000000000000000000e+00
1.526999999999999929e-03 -4.940693660000000047e-19 0.000000000000000000e+00 0.000000000000000000e+00
1.527499999999999995e-03 -5.264279449999999963e-19 0.000000000000000000e+00 0.000000000000000000e+00
1.528000000000000061e-03 -5.544417450000000051e-19 0.000000000000000000e+00 0.000000000000000000e+00
1.528499999999999911e-03 -5.781794820000000159e-19 0.000000000000000000e+00 0.000000000000000000e+00
1.528999999999999977e-03 -5.977287689999999688e-19 0.000000000000000000e+00 0.000000000000000000e+00
1.529500000000000044e-03 -6.131947319999999922e-19 0.000000000000000000e+00 0.000000000000000000e+00
1.529999999999999893e-03 -6.246985919999999995e-19 0.000000000000000000e+00 0.000000000000000000e+00
1.530499999999999959e-03 -6.323762350000000169e-19 0.000000000000000000e+00 0.000000000000000000e+00
1.531000000000000026e-03 -6.363767829999999615e-19 0.000000000000000000e+00 0.000000000000000000e+00
1.531500000000000092e-03 -6.368611609999999841e-19 0.000000000000000000e+00 0.000000000000000000e+00
1.531999999999999942e-03 -6.340006710000000398e-19 0.000000000000000000e+00 0.000000000000000000e+00
1.532500000000000008e-03 -6.279755910000000435e-19 0.000000000000000000e+00 0.000000000000000000e+00
1.533000000000000074e-03 -6.189737850000000363e-19 0.000000000000000000e+00 0.000000000000000000e+00
1.533499999999999924e-03 -6.071893559999999824e-19 0.000000000000000000e+00 0.000000000000000000e+00
1.533999999999999990e-03 -5.928213160000000295e-19 0.000000000000000000e+00 0.000000000000000000e+00
1.534500000000000057e-03 -5.760723159999999964e-19 0.000000000000000000e+00 0.000000000000000000e+00
1.534999999999999906e-03 -5.571473999999999956e-19 0.000000000000000000e+00 0.000000000000000000e+00
1.535499999999999973e-03 -5.362528240000000350e-19 0.000000000000000000e+00 0.000000000000000000e+00
1.536000000000000039e-03 -5.135949169999999928e-19 0.000000000000000000e+00 0.000000000000000000e+00
1.536500000000000105e-03 -4.893790019999999755e-19 0.000000000000000000e+00 0.000000000000000000e+00
1.536999999999999955e-03 -4.638083780000000272e-19 0.000000000000000000e+00 0.000000000000000000e+00
1.537500000000000021e-03 -4.370833559999999609e-19 0.000000000000000000e+00 0.000000000000000000e+00
1.538000000000000088e-03 -4.094003629999999847e-19 0.000000000000000000e+00 0.000000000000000000e+00
1.538499999999999937e-03 -3.809511119999999950e-19 0.000000000000000000e+00 0.000000000000000000e+00
1.539000000000000003e-03 -3.519218339999999823e-19 0.000000000000000000e+00 0.000000000000000000e+00
1.539500000000000070e-03 -3.224925769999999988e-19 0.000000000000000000e+00 0.000000000000000000e+00
1.539999999999999919e-03 -2.928365739999999841e-19 0.000000000000000000e+00 0.000000000000000000e+00
1.540499999999999986e-03 -2.631196769999999925e-19 0.000000000000000000e+00 0.000000000000000000e+00
1.541000000000000052e-03 -2.334998549999999974e-19 0.000000000000000000e+00 0.000000000000000000e+00
1.541499999999999902e-03 -2.041267610000000107e-19 0.000000000000000000e+00 0.000000000000000000e+00
1.541999999999999968e-03 -1.751413660000000059e-19 0.000000000000000000e+00 0.000000000000000000e+00
1.542500000000000034e-03 -1.466756460000000085e-19 0.000000000000000000e+00 0.000000000000000000e+00
1.543000000000000101e-03 -1.188523459999999978e-19 0.000000000000000000e+00 0.000000000000000000e+00
1.543499999999999950e-03 -9.178479070000000481e-20 0.000000000000000000e+00 0.000000000000000000e+00
1.544000000000000017e-03 -6.557676310000000395e-20 0.000000000000000000e+00 0.000000000000000000e+00
1.544500000000000083e-03 -4.032243249999999789e-20 0.000000000000000000e+00 0.000000000000000000e+00
1.544999999999999932e-03 -1.610633999999999856e-20 0.000000000000000000e+00 0.000000000000000000e+00
1.545499999999999999e-03 6.996566669999999334e-21 0.000000000000000000e+00 0.000000000000000000e+00
1.546000000000000065e-03 2.892084979999999920e-20 0.000000000000000000e+00 0.000000000000000000e+00
1.546499999999999915e-03 4.961045249999999915e-20 0.000000000000000000e+00 0.000000000000000000e+00
1.546999999999999981e-03 6.901852760000000313e-20 0.000000000000000000e+00 0.000000000000000000e+00
1.547500000000000047e-03 8.710722639999999951e-20 0.000000000000000000e+00 0.000000000000000000e+00
1.547999999999999897e-03 1.038474509999999988e-19 0.000000000000000000e+00 0.000000000000000000e+00
1.548499999999999963e-03 1.192185750000000024e-19 0.000000000000000000e+00 0.000000000000000000e+00
1.549000000000000030e-03 1.332081280000000075e-19 0.000000000000000000e+00 0.000000000000000000e+00
1.549500000000000096e-03 1.458114629999999994e-19 0.000000000000000000e+00 0.000000000000000000e+00
1.549999999999999946e-03 1.570313900000000056e-19 0.000000000000000000e+00 0.000000000000000000e+00
1.550500000000000012e-03 1.668777950000000067e-19 0.000000000000000000e+00 0.000000000000000000e+00
1.551000000000000078e-03 1.753672360000000037e-19 0.000000000000000000e+00 0.000000000000000000e+00
1.551499999999999928e-03 1.825225290000000051e-19 0.000000000000000000e+00 0.000000000000000000e+00
1.551999999999999994e-03 1.883723199999999940e-19 0.000000000000000000e+00 0.000000000000000000e+00
1.552500000000000061e-03 1.929506429999999944e-19 0.000000000000000000e+00 0.000000000000000000e+00
1.552999999999999910e-03 1.962964839999999894e-19 0.000000000000000000e+00 0.000000000000000000e+00
1.553499999999999976e-03 1.984533259999999943e-19 0.000000000000000000e+00 0.000000000000000000e+00
1.554000000000000043e-03 1.994687029999999909e-19 0.000000000000000000e+00 0.000000000000000000e+00
1.554499999999999892e-03 1.993937499999999930e-19 0.000000000000000000e+00 0.000000000000000000e+00
1.554999999999999959e-03 1.982827609999999929e-19 0.000000000000000000e+00 0.000000000000000000e+00
1.555500000000000025e-03 1.961927480000000075e-19 0.000000000000000000e+00 0.000000000000000000e+00
1.556000000000000091e-03 1.931830090000000082e-19 0.000000000000000000e+00 0.000000000000000000e+00
1.556499999999999941e-03 1.893147070000000064e-19 0.000000000000000000e+00 0.000000000000000000e+00
1.557000000000000007e-03 1.846504590000000021e-19 0.000000000000000000e+00 0.000000000000000000e+00
1.557500000000000074e-03 1.792539349999999881e-19 0.000000000000000000e+00 0.000000000000000000e+00
1.557999999999999923e-03 1.731894779999999968e-19 0.000000000000000000e+00 0.000000000000000000e+00
1.558499999999999990e-03 1.665217310000000009e-19 0.000000000000000000e+00 0.000000000000000000e+00
1.559000000000000056e-03 1.593152870000000071e-19 0.000000000000000000e+00 0.000000000000000000e+00
1.559499999999999905e-03 1.516343579999999936e-19 0.000000000000000000e+00 0.000000000000000000e+00
1.559999999999999972e-03 1.435424509999999901e-19 0.000000000000000000e+00 0.000000000000000000e+00
1.560500000000000038e-03 1.351020810000000099e-19 0.000000000000000000e+00 0.000000000000000000e+00
1.561000000000000104e-03 1.263744859999999895e-19 0.000000000000000000e+00 0.000000000000000000e+00
1.561499999999999954e-03 1.174193760000000030e-19 0.000000000000000000e+00 0.000000000000000000e+00
1.562000000000000020e-03 1.082946960000000046e-19 0.000000000000000000e+00 0.000000000000000000e+00
1.562500000000000087e-03 9.905640889999999461e-20 0.000000000000000000e+00 0.000000000000000000e+00
1.562999999999999936e-03 8.975830470000000407e-20 0.000000000000000000e+00 0.000000000000000000e+00
1.563500000000000003e-03 8.045182559999999781e-20 0.000000000000000000e+00 0.000000000000000000e+00
1.564000000000000069e-03 7.118591439999999538e-20 0.000000000000000000e+00 0.000000000000000000e+00
1.564499999999999919e-03 6.200688270000000229e-20 0.000000000000000000e+00 0.000000000000000000e+00
1.564999999999999985e-03 5.295829960000000003e-20 0.000000000000000000e+00 0.000000000000000000e+00
1.565500000000000051e-03 4.408090019999999905e-20 0.000000000000000000e+00 0.000000000000000000e+00
1.565999999999999901e-03 3.541251290000000077e-20 0.000000000000000000e+00 0.000000000000000000e+00
1.566499999999999967e-03 2.698800620000000042e-20 0.000000000000000000e+00 0.000000000000000000e+00
1.567000000000000033e-03 1.883925310000000053e-20 0.000000000000000000e+00 0.000000000000000000e+00
1.567500000000000100e-03 1.099511279999999958e-20 0.000000000000000000e+00 0.000000000000000000e+00
1.567999999999999949e-03 3.481429690000000020e-21 0.000000000000000000e+00 0.000000000000000000e+00
1.568500000000000016e-03 -3.678952970000000202e-21 0.000000000000000000e+00 0.000000000000000000e+00
1.569000000000000082e-03 -1.046616339999999941e-20 0.000000000000000000e+00 0.000000000000000000e+00
1.569499999999999932e-03 -1.686325809999999966e-20 0.000000000000000000e+00 0.000000000000000000e+00
1.569999999999999998e-03 -2.285616550000000030e-20 0.000000000000000000e+00 0.000000000000000000e+00
1.570500000000000064e-03 -2.843361740000000104e-20 0.000000000000000000e+00 0.000000000000000000e+00
1.570999999999999914e-03 -3.358706900000000107e-20 0.000000000000000000e+00 0.000000000000000000e+00
1.571499999999999980e-03 -3.831060879999999929e-20 0.000000000000000000e+00 0.000000000000000000e+00
1.572000000000000047e-03 -4.260085949999999901e-20 0.000000000000000000e+00 0.000000000000000000e+00
1.572499999999999896e-03 -4.645686999999999950e-20 0.000000000000000000e+00 0.000000000000000000e+00
1.572999999999999962e-03 -4.988000069999999941e-20 0.000000000000000000e+00 0.000000000000000000e+00
1.573500000000000029e-03 -5.287380190000000235e-20 0.000000000000000000e+00 0.000000000000000000e+00
1.574000000000000095e-03 -5.544388729999999496e-20 0.000000000000000000e+00 0.000000000000000000e+00
1.574499999999999945e-03 -5.759780219999999835e-20 0.000000000000000000e+00 0.000000000000000000e+00
1.575000000000000011e-03 -5.934488940000000401e-20 0.000000000000000000e+00 0.000000000000000000e+00
1.575500000000000077e-03 -6.069615100000000501e-20 0.000000000000000000e+00 0.000000000000000000e+00
1.575999999999999927e-03 -6.166410930000000024e-20 0.000000000000000000e+00 0.000000000000000000e+00
1.576499999999999993e-03 -6.226266629999999431e-20 0.000000000000000000e+00 0.000000000000000000e+00
1.577000000000000060e-03 -6.250696279999999604e-20 0.000000000000000000e+00 0.000000000000000000e+00
1.577499999999999909e-03 -6.241323869999999681e-20 0.000000000000000000e+00 0.000000000000000000e+00
1.577999999999999976e-03 -6.199869329999999701e-20 0.000000000000000000e+00 0.000000000000000000e+00
1.578500000000000042e-03 -6.128134879999999444e-20 0.000000000000000000e+00 0.000000000000000000e+00
1.579000000000000108e-03 -6.027991520000000131e-20 0.000000000000000000e+00 0.000000000000000000e+00
1.579499999999999958e-03 -5.901365920000000164e-20 0.000000000000000000e+00 0.000000000000000000e+00
1.580000000000000024e-03 -5.750227560000000087e-20 0.000000000000000000e+00 0.000000000000000000e+00
1.580500000000000091e-03 -5.576576399999999599e-20 0.000000000000000000e+00 0.000000000000000000e+00
1.580999999999999940e-03 -5.382430919999999952e-20 0.000000000000000000e+00 0.000000000000000000e+00
1.581500000000000006e-03 -5.169816650000000076e-20 0.000000000000000000e+00 0.000000000000000000e+00
1.582000000000000073e-03 -4.940755330000000126e-20 0.000000000000000000e+00 0.000000000000000000e+00
1.582499999999999922e-03 -4.697254499999999762e-20 0.000000000000000000e+00 0.000000000000000000e+00
1.582999999999999989e-03 -4.441297730000000275e-20 0.000000000000000000e+00 0.000000000000000000e+00
1.583500000000000055e-03 -4.174835509999999768e-20 0.000000000000000000e+00 0.000000000000000000e+00
1.583999999999999905e-03 -3.899776670000000256e-20 0.000000000000000000e+00 0.000000000000000000e+00
1.584499999999999971e-03 -3.617980480000000070e-20 0.000000000000000000e+00 0.000000000000000000e+00
1.585000000000000037e-03 -3.331249469999999973e-20 0.000000000000000000e+00 0.000000000000000000e+00
1.585500000000000104e-03 -3.041322750000000037e-20 0.000000000000000000e+00 0.000000000000000000e+00
1.585999999999999953e-03 -2.749870130000000253e-20 0.000000000000000000e+00 0.000000000000000000e+00
1.586500000000000020e-03 -2.458486850000000074e-20 0.000000000000000000e+00 0.000000000000000000e+00
1.587000000000000086e-03 -2.168688880000000056e-20 0.000000000000000000e+00 0.000000000000000000e+00
1.587499999999999935e-03 -1.881909020000000029e-20 0.000000000000000000e+00 0.000000000000000000e+00
1.588000000000000002e-03 -1.599493469999999952e-20 0.000000000000000000e+00 0.000000000000000000e+00
1.588500000000000068e-03 -1.322699139999999962e-20 0.000000000000000000e+00 0.000000000000000000e+00
1.588999999999999918e-03 -1.052691469999999929e-20 0.000000000000000000e+00 0.000000000000000000e+00
1.589499999999999984e-03 -7.905429219999999416e-21 0.000000000000000000e+00 0.000000000000000000e+00
1.590000000000000050e-03 -5.372319279999999791e-21 0.000000000000000000e+00 0.000000000000000000e+00
1.590499999999999900e-03 -2.936424820000000112e-21 0.000000000000000000e+00 0.000000000000000000e+00
1.590999999999999966e-03 -6.056418139999999600e-22 0.000000000000000000e+00 0.000000000000000000e+00
1.591500000000000033e-03 1.613072249999999990e-21 0.000000000000000000e+00 0.000000000000000000e+00
1.592000000000000099e-03 3.713688220000000202e-21 0.000000000000000000e+00 0.000000000000000000e+00
1.592499999999999949e-03 5.691090819999999685e-21 0.000000000000000000e+00 0.000000000000000000e+00
1.593000000000000015e-03 7.541060179999999297e-21 0.000000000000000000e+00 0.000000000000000000e+00
1.593500000000000081e-03 9.260249510000000544e-21 0.000000000000000000e+00 0.000000000000000000e+00
1.593999999999999931e-03 1.084615950000000056e-20 0.000000000000000000e+00 0.000000000000000000e+00
1.594499999999999997e-03 1.229710930000000017e-20 0.000000000000000000e+00 0.000000000000000000e+00
1.595000000000000064e-03 1.361220490000000061e-20 0.000000000000000000e+00 0.000000000000000000e+00
1.595499999999999913e-03 1.479130509999999951e-20 0.000000000000000000e+00 0.000000000000000000e+00
1.595999999999999979e-03 1.583498449999999986e-20 0.000000000000000000e+00 0.000000000000000000e+00
1.596500000000000046e-03 1.674449579999999884e-20 0.000000000000000000e+00 0.000000000000000000e+00
1.596999999999999895e-03 1.752172900000000134e-20 0.000000000000000000e+00 0.000000000000000000e+00
1.597499999999999962e-03 1.816917089999999990e-20 0.000000000000000000e+00 0.000000000000000000e+00
1.598000000000000028e-03 1.868986169999999954e-20 0.000000000000000000e+00 0.000000000000000000e+00
1.598500000000000094e-03 1.908735260000000073e-20 0.000000000000000000e+00 0.000000000000000000e+00
1.598999999999999944e-03 1.936566150000000030e-20 0.000000000000000000e+00 0.000000000000000000e+00
1.599500000000000010e-03 1.952922899999999938e-20 0.000000000000000000e+00 0.000000000000000000e+00
1.600000000000000077e-03 1.958287490000000087e-20 0.000000000000000000e+00 0.000000000000000000e+00
1.600499999999999926e-03 1.953175350000000011e-20 0.000000000000000000e+00 0.000000000000000000e+00
1.600999999999999993e-03 1.938131069999999932e-20 0.000000000000000000e+00 0.000000000000000000e+00
1.601500000000000059e-03 1.913724139999999884e-20 0.000000000000000000e+00 0.000000000000000000e+00
1.601999999999999908e-03 1.880544659999999960e-20 0.000000000000000000e+00 0.000000000000000000e+00
1.602499999999999975e-03 1.839199360000000022e-20 0.000000000000000000e+00 0.000000000000000000e+00
1.603000000000000041e-03 1.790307520000000008e-20 0.000000000000000000e+00 0.000000000000000000e+00
1.603500000000000108e-03 1.734497169999999917e-20 0.000000000000000000e+00 0.000000000000000000e+00
1.603999999999999957e-03 1.672401349999999988e-20 0.000000000000000000e+00 0.000000000000000000e+00
1.604500000000000023e-03 1.604654619999999863e-20 0.000000000000000000e+00 0.000000000000000000e+00
1.605000000000000090e-03 1.531889589999999921e-20 0.000000000000000000e+00 0.000000000000000000e+00
1.605499999999999939e-03 1.454733780000000049e-20 0.000000000000000000e+00 0.000000000000000000e+00
1.606000000000000006e-03 1.373806610000000027e-20 0.000000000000000000e+00 0.000000000000000000e+00
1.606500000000000072e-03 1.289716509999999992e-20 0.000000000000000000e+00 0.000000000000000000e+00
1.606999999999999922e-03 1.203058330000000053e-20 0.000000000000000000e+00 0.000000000000000000e+00
1.607499999999999988e-03 1.114410909999999953e-20 0.000000000000000000e+00 0.000000000000000000e+00
1.608000000000000054e-03 1.024334849999999975e-20 0.000000000000000000e+00 0.000000000000000000e+00
1.608499999999999904e-03 9.333704730000000492e-21 0.000000000000000000e+00 0.000000000000000000e+00
1.608999999999999970e-03 8.420360389999999567e-21 0.000000000000000000e+00 0.000000000000000000e+00
1.609500000000000037e-03 7.508261029999999917e-21 0.000000000000000000e+00 0.000000000000000000e+00
1.610000000000000103e-03 6.602101250000000139e-21 0.000000000000000000e+00 0.000000000000000000e+00
1.610499999999999952e-03 5.706312609999999779e-21 0.000000000000000000e+00 0.000000000000000000e+00
1.611000000000000019e-03 4.825053480000000253e-21 0.000000000000000000e+00 0.000000000000000000e+00
1.611500000000000085e-03 3.962200910000000123e-21 0.000000000000000000e+00 0.000000000000000000e+00
1.611999999999999935e-03 3.121344289999999828e-21 0.000000000000000000e+00 0.000000000000000000e+00
1.612500000000000001e-03 2.305780859999999852e-21 0.000000000000000000e+00 0.000000000000000000e+00
1.613000000000000067e-03 1.518512969999999937e-21 0.000000000000000000e+00 0.000000000000000000e+00
1.613499999999999917e-03 7.622469860000000351e-22 0.000000000000000000e+00 0.000000000000000000e+00
1.613999999999999983e-03 3.939382430000000053e-23 0.000000000000000000e+00 0.000000000000000000e+00
1.614500000000000050e-03 -6.479290189999999612e-22 0.000000000000000000e+00 0.000000000000000000e+00
1.614999999999999899e-03 -1.297893999999999923e-21 0.000000000000000000e+00 0.000000000000000000e+00
1.615499999999999966e-03 -1.908958740000000139e-21 0.000000000000000000e+00 0.000000000000000000e+00
1.616000000000000032e-03 -2.479859939999999827e-21 0.000000000000000000e+00 0.000000000000000000e+00
1.616500000000000098e-03 -3.009606199999999866e-21 0.000000000000000000e+00 0.000000000000000000e+00
1.616999999999999948e-03 -3.497469720000000077e-21 0.000000000000000000e+00 0.000000000000000000e+00
1.617500000000000014e-03 -3.942977100000000141e-21 0.000000000000000000e+00 0.000000000000000000e+00
1.618000000000000081e-03 -4.345899199999999801e-21 0.000000000000000000e+00 0.000000000000000000e+00
1.618499999999999930e-03 -4.706240259999999713e-21 0.000000000000000000e+00 0.000000000000000000e+00
1.618999999999999996e-03 -5.024226359999999835e-21 0.000000000000000000e+00 0.000000000000000000e+00
1.619500000000000063e-03 -5.300293270000000024e-21 0.000000000000000000e+00 0.000000000000000000e+00
1.619999999999999912e-03 -5.535073779999999723e-21 0.000000000000000000e+00 0.000000000000000000e+00
1.620499999999999979e-03 -5.729384719999999693e-21 0.000000000000000000e+00 0.000000000000000000e+00
1.621000000000000045e-03 -5.884213550000000102e-21 0.000000000000000000e+00 0.000000000000000000e+00
1.621499999999999895e-03 -6.000704780000000353e-21 0.000000000000000000e+00 0.000000000000000000e+00
1.621999999999999961e-03 -6.080146270000000025e-21 0.000000000000000000e+00 0.000000000000000000e+00
1.622500000000000027e-03 -6.123955400000000152e-21 0.000000000000000000e+00 0.000000000000000000e+00
1.623000000000000094e-03 -6.133665290000000154e-21 0.000000000000000000e+00 0.000000000000000000e+00
1.623499999999999943e-03 -6.110911070000000191e-21 0.000000000000000000e+00 0.000000000000000000e+00
1.624000000000000010e-03 -6.057416320000000287e-21 0.000000000000000000e+00 0.000000000000000000e+00
1.624500000000000076e-03 -5.974979720000000134e-21 0.000000000000000000e+00 0.000000000000000000e+00
1.624999999999999925e-03 -5.865461920000000329e-21 0.000000000000000000e+00 0.000000000000000000e+00
1.625499999999999992e-03 -5.730772839999999725e-21 0.000000000000000000e+00 0.000000000000000000e+00
1.626000000000000058e-03 -5.572859190000000236e-21 0.000000000000000000e+00 0.000000000000000000e+00
1.626499999999999908e-03 -5.393692590000000017e-21 0.000000000000000000e+00 0.000000000000000000e+00
1.626999999999999974e-03 -5.195257970000000305e-21 0.000000000000000000e+00 0.000000000000000000e+00
1.627500000000000040e-03 -4.979542630000000075e-21 0.000000000000000000e+00 0.000000000000000000e+00
1.628000000000000107e-03 -4.748525740000000356e-21 0.000000000000000000e+00 0.000000000000000000e+00
1.628499999999999956e-03 -4.504168389999999764e-21 0.000000000000000000e+00 0.000000000000000000e+00
1.629000000000000023e-03 -4.248404299999999647e-21 0.000000000000000000e+00 0.000000000000000000e+00
1.629500000000000089e-03 -3.983131079999999693e-21 0.000000000000000000e+00 0.000000000000000000e+00
1.629999999999999939e-03 -3.710202089999999953e-21 0.000000000000000000e+00 0.000000000000000000e+00
1.630500000000000005e-03 -3.431419019999999883e-21 0.000000000000000000e+00 0.000000000000000000e+00
1.631000000000000071e-03 -3.148524980000000126e-21 0.000000000000000000e+00 0.000000000000000000e+00
1.631499999999999921e-03 -2.863198359999999970e-21 0.000000000000000000e+00 0.000000000000000000e+00
1.631999999999999987e-03 -2.577047270000000032e-21 0.000000000000000000e+00 0.000000000000000000e+00
1.632500000000000053e-03 -2.291604600000000132e-21 0.000000000000000000e+00 0.000000000000000000e+00
1.632999999999999903e-03 -2.008323780000000141e-21 0.000000000000000000e+00 0.000000000000000000e+00
1.633499999999999969e-03 -1.728575099999999975e-21 0.000000000000000000e+00 0.000000000000000000e+00
1.634000000000000036e-03 -1.453642689999999984e-21 0.000000000000000000e+00 0.000000000000000000e+00
1.634500000000000102e-03 -1.184722090000000020e-21 0.000000000000000000e+00 0.000000000000000000e+00
1.634999999999999952e-03 -9.229183939999999422e-22 0.000000000000000000e+00 0.000000000000000000e+00
1.635500000000000018e-03 -6.692449300000000426e-22 0.000000000000000000e+00 0.000000000000000000e+00
1.636000000000000084e-03 -4.246225510000000186e-22 0.000000000000000000e+00 0.000000000000000000e+00
1.636499999999999934e-03 -1.898793840000000113e-22 0.000000000000000000e+00 0.000000000000000000e+00
1.637000000000000000e-03 3.424889880000000283e-23 0.000000000000000000e+00 0.000000000000000000e+00
1.637500000000000067e-03 2.471183459999999945e-22 0.000000000000000000e+00 0.000000000000000000e+00
1.637999999999999916e-03 4.481755500000000165e-22 0.000000000000000000e+00 0.000000000000000000e+00
1.638499999999999983e-03 6.369560579999999960e-22 0.000000000000000000e+00 0.000000000000000000e+00
1.639000000000000049e-03 8.130823969999999666e-22 0.000000000000000000e+00 0.000000000000000000e+00
1.639499999999999898e-03 9.762617370000000764e-22 0.000000000000000000e+00 0.000000000000000000e+00
1.639999999999999965e-03 1.126283240000000081e-21 0.000000000000000000e+00 0.000000000000000000e+00
1.640500000000000031e-03 1.263015099999999925e-21 0.000000000000000000e+00 0.000000000000000000e+00
1.641000000000000097e-03 1.386401329999999992e-21 0.000000000000000000e+00 0.000000000000000000e+00
1.641499999999999947e-03 1.496458299999999908e-21 0.000000000000000000e+00 0.000000000000000000e+00
1.642000000000000013e-03 1.593271070000000073e-21 0.000000000000000000e+00 0.000000000000000000e+00
1.642500000000000080e-03 1.676989570000000089e-21 0.000000000000000000e+00 0.000000000000000000e+00
1.642999999999999929e-03 1.747824590000000140e-21 0.000000000000000000e+00 0.000000000000000000e+00
1.643499999999999996e-03 1.806043670000000005e-21 0.000000000000000000e+00 0.000000000000000000e+00
1.644000000000000062e-03 1.851966939999999964e-21 0.000000000000000000e+00 0.000000000000000000e+00
1.644499999999999912e-03 1.885962789999999865e-21 0.000000000000000000e+00 0.000000000000000000e+00
1.644999999999999978e-03 1.908443609999999901e-21 0.000000000000000000e+00 0.000000000000000000e+00
1.645500000000000044e-03 1.919861429999999955e-21 0.000000000000000000e+00 0.000000000000000000e+00
1.645999999999999894e-03 1.920703649999999976e-21 0.000000000000000000e+00 0.000000000000000000e+00
1.646499999999999960e-03 1.911488700000000134e-21 0.000000000000000000e+00 0.000000000000000000e+00
1.647000000000000026e-03 1.892761819999999852e-21 0.000000000000000000e+00 0.000000000000000000e+00
1.647500000000000093e-03 1.865090910000000068e-21 0.000000000000000000e+00 0.000000000000000000e+00
1.647999999999999942e-03 1.829062430000000012e-21 0.000000000000000000e+00 0.000000000000000000e+00
1.648500000000000009e-03 1.785277420000000012e-21 0.000000000000000000e+00 0.000000000000000000e+00
1.649000000000000075e-03 1.734347659999999844e-21 0.000000000000000000e+00 0.000000000000000000e+00
1.649499999999999925e-03 1.676891940000000075e-21 0.000000000000000000e+00 0.000000000000000000e+00
1.649999999999999991e-03 1.613532489999999953e-21 0.000000000000000000e+00 0.000000000000000000e+00
1.650500000000000057e-03 1.544891550000000076e-21 0.000000000000000000e+00 0.000000000000000000e+00
1.650999999999999907e-03 1.471588159999999921e-21 0.000000000000000000e+00 0.000000000000000000e+00
1.651499999999999973e-03 1.394235060000000053e-21 0.000000000000000000e+00 0.000000000000000000e+00
1.652000000000000040e-03 1.313435809999999951e-21 0.000000000000000000e+00 0.000000000000000000e+00
1.652500000000000106e-03 1.229782110000000039e-21 0.000000000000000000e+00 0.000000000000000000e+00
1.652999999999999955e-03 1.143851289999999937e-21 0.000000000000000000e+00 0.000000000000000000e+00
1.653500000000000022e-03 1.056204010000000006e-21 0.000000000000000000e+00 0.000000000000000000e+00
1.654000000000000088e-03 9.673821659999999720e-22 0.000000000000000000e+00 0.000000000000000000e+00
1.654499999999999938e-03 8.779069830000000294e-22 0.000000000000000000e+00 0.000000000000000000e+00
1.655000000000000004e-03 7.882773320000000149e-22 0.000000000000000000e+00 0.000000000000000000e+00
1.655500000000000070e-03 6.989682259999999998e-22 0.000000000000000000e+00 0.000000000000000000e+00
1.655999999999999920e-03 6.104295210000000261e-22 0.000000000000000000e+00 0.000000000000000000e+00
1.656499999999999986e-03 5.230848160000000038e-22 0.000000000000000000e+00 0.000000000000000000e+00
1.657000000000000053e-03 4.373305440000000258e-22 0.000000000000000000e+00 0.000000000000000000e+00
1.657499999999999902e-03 3.535352449999999903e-22 0.000000000000000000e+00 0.000000000000000000e+00
1.657999999999999969e-03 2.720390260000000041e-22 0.000000000000000000e+00 0.000000000000000000e+00
1.658500000000000035e-03 1.931531900000000058e-22 0.000000000000000000e+00 0.000000000000000000e+00
1.659000000000000101e-03 1.171600380000000077e-22 0.000000000000000000e+00 0.000000000000000000e+00
1.659499999999999951e-03 4.431283150000000014e-23 0.000000000000000000e+00 0.000000000000000000e+00
1.660000000000000017e-03 -2.516409269999999981e-23 0.000000000000000000e+00 0.000000000000000000e+00
1.660500000000000084e-03 -9.107506310000000214e-23 0.000000000000000000e+00 0.000000000000000000e+00
1.660999999999999933e-03 -1.532526769999999915e-22 0.000000000000000000e+00 0.000000000000000000e+00
1.661499999999999999e-03 -2.115572729999999884e-22 0.000000000000000000e+00 0.000000000000000000e+00
1.662000000000000066e-03 -2.658762930000000037e-22 0.000000000000000000e+00 0.000000000000000000e+00
1.662499999999999915e-03 -3.161235250000000018e-22 0.000000000000000000e+00 0.000000000000000000e+00
1.662999999999999982e-03 -3.622382510000000109e-22 0.000000000000000000e+00 0.000000000000000000e+00
1.663500000000000048e-03 -4.041843030000000207e-22 0.000000000000000000e+00 0.000000000000000000e+00
1.663999999999999898e-03 -4.419490420000000127e-22 0.000000000000000000e+00 0.000000000000000000e+00
1.664499999999999964e-03 -4.755422529999999830e-22 0.000000000000000000e+00 0.000000000000000000e+00
1.665000000000000030e-03 -5.049949930000000032e-22 0.000000000000000000e+00 0.000000000000000000e+00
1.665500000000000097e-03 -5.303583730000000261e-22 0.000000000000000000e+00 0.000000000000000000e+00
1.665999999999999946e-03 -5.517023009999999901e-22 0.000000000000000000e+00 0.000000000000000000e+00
1.666500000000000013e-03 -5.691141890000000448e-22 0.000000000000000000e+00 0.000000000000000000e+00
1.667000000000000079e-03 -5.826976300000000234e-22 0.000000000000000000e+00 0.000000000000000000e+00
1.667499999999999928e-03 -5.925710609999999988e-22 0.000000000000000000e+00 0.000000000000000000e+00
1.667999999999999995e-03 -5.988664090000000337e-22 0.000000000000000000e+00 0.000000000000000000e+00
1.668500000000000061e-03 -6.017277370000000249e-22 0.000000000000000000e+00 0.000000000000000000e+00
1.668999999999999911e-03 -6.013098910000000203e-22 0.000000000000000000e+00 0.000000000000000000e+00
1.669499999999999977e-03 -5.977771640000000267e-22 0.000000000000000000e+00 0.000000000000000000e+00
1.670000000000000043e-03 -5.913019680000000298e-22 0.000000000000000000e+00 0.000000000000000000e+00
1.670499999999999893e-03 -5.820635340000000099e-22 0.000000000000000000e+00 0.000000000000000000e+00
1.670999999999999959e-03 -5.702466429999999612e-22 0.000000000000000000e+00 0.000000000000000000e+00
1.671500000000000026e-03 -5.560403850000000006e-22 0.000000000000000000e+00 0.000000000000000000e+00
1.672000000000000092e-03 -5.396369629999999602e-22 0.000000000000000000e+00 0.000000000000000000e+00
1.672499999999999942e-03 -5.212305340000000379e-22 0.000000000000000000e+00 0.000000000000000000e+00
1.673000000000000008e-03 -5.010161010000000111e-22 0.000000000000000000e+00 0.000000000000000000e+00
1.673500000000000074e-03 -4.791884550000000192e-22 0.000000000000000000e+00 0.000000000000000000e+00
1.673999999999999924e-03 -4.559411700000000102e-22 0.000000000000000000e+00 0.000000000000000000e+00
1.674499999999999990e-03 -4.314656500000000096e-22 0.000000000000000000e+00 0.000000000000000000e+00
1.675000000000000057e-03 -4.059502449999999974e-22 0.000000000000000000e+00 0.000000000000000000e+00
1.675499999999999906e-03 -3.795794129999999783e-22 0.000000000000000000e+00 0.000000000000000000e+00
1.675999999999999972e-03 -3.525329560000000035e-22 0.000000000000000000e+00 0.000000000000000000e+00
1.676500000000000039e-03 -3.249853079999999818e-22 0.000000000000000000e+00 0.000000000000000000e+00
1.677000000000000105e-03 -2.971048950000000015e-22 0.000000000000000000e+00 0.000000000000000000e+00
1.677499999999999955e-03 -2.690535509999999828e-22 0.000000000000000000e+00 0.000000000000000000e+00
1.678000000000000021e-03 -2.409859990000000069e-22 0.000000000000000000e+00 0.000000000000000000e+00
1.678500000000000087e-03 -2.130494000000000145e-22 0.000000000000000000e+00 0.000000000000000000e+00
1.678999999999999937e-03 -1.853829550000000008e-22 0.000000000000000000e+00 0.000000000000000000e+00
1.679500000000000003e-03 -1.581175760000000074e-22 0.000000000000000000e+00 0.000000000000000000e+00
1.680000000000000070e-03 -1.313756110000000020e-22 0.000000000000000000e+00 0.000000000000000000e+00
1.680499999999999919e-03 -1.052706310000000025e-22 0.000000000000000000e+00 0.000000000000000000e+00
1.680999999999999986e-03 -7.990726869999999572e-23 0.000000000000000000e+00 0.000000000000000000e+00
1.681500000000000052e-03 -5.538111940000000175e-23 0.000000000000000000e+00 0.000000000000000000e+00
1.681999999999999901e-03 -3.177868530000000173e-23 0.000000000000000000e+00 0.000000000000000000e+00
1.682499999999999968e-03 -9.177375840000000456e-24 0.000000000000000000e+00 0.000000000000000000e+00
1.683000000000000034e-03 1.235444670000000041e-23 0.000000000000000000e+00 0.000000000000000000e+00
1.683500000000000101e-03 3.275737680000000277e-23 0.000000000000000000e+00 0.000000000000000000e+00
1.683999999999999950e-03 5.198083200000000132e-23 0.000000000000000000e+00 0.000000000000000000e+00
1.684500000000000016e-03 6.998288140000000098e-23 0.000000000000000000e+00 0.000000000000000000e+00
1.685000000000000083e-03 8.673003550000000403e-23 0.000000000000000000e+00 0.000000000000000000e+00
1.685499999999999932e-03 1.021970050000000037e-22 0.000000000000000000e+00 0.000000000000000000e+00
1.685999999999999999e-03 1.163664239999999891e-22 0.000000000000000000e+00 0.000000000000000000e+00
1.686500000000000065e-03 1.292285559999999888e-22 0.000000000000000000e+00 0.000000000000000000e+00
1.686999999999999915e-03 1.407809560000000079e-22 0.000000000000000000e+00 0.000000000000000000e+00
1.687499999999999981e-03 1.510281359999999897e-22 0.000000000000000000e+00 0.000000000000000000e+00
1.688000000000000047e-03 1.599811880000000075e-22 0.000000000000000000e+00 0.000000000000000000e+00
1.688499999999999897e-03 1.676574019999999936e-22 0.000000000000000000e+00 0.000000000000000000e+00
1.688999999999999963e-03 1.740798760000000073e-22 0.000000000000000000e+00 0.000000000000000000e+00
1.689500000000000030e-03 1.792770989999999939e-22 0.000000000000000000e+00 0.000000000000000000e+00
1.690000000000000096e-03 1.832825439999999987e-22 0.000000000000000000e+00 0.000000000000000000e+00
1.690499999999999945e-03 1.861342419999999917e-22 0.000000000000000000e+00 0.000000000000000000e+00
1.691000000000000012e-03 1.878743609999999902e-22 0.000000000000000000e+00 0.000000000000000000e+00
1.691500000000000078e-03 1.885487800000000008e-22 0.000000000000000000e+00 0.000000000000000000e+00
1.691999999999999928e-03 1.882066680000000011e-22 0.000000000000000000e+00 0.000000000000000000e+00
1.692499999999999994e-03 1.869000619999999885e-22 0.000000000000000000e+00 0.000000000000000000e+00
1.693000000000000060e-03 1.846834590000000031e-22 0.000000000000000000e+00 0.000000000000000000e+00
1.693499999999999910e-03 1.816134029999999932e-22 0.000000000000000000e+00 0.000000000000000000e+00
1.693999999999999976e-03 1.777480969999999961e-22 0.000000000000000000e+00 0.000000000000000000e+00
1.694500000000000043e-03 1.731470099999999961e-22 0.000000000000000000e+00 0.000000000000000000e+00
1.694999999999999892e-03 1.678705090000000041e-22 0.000000000000000000e+00 0.000000000000000000e+00
1.695499999999999959e-03 1.619795010000000036e-22 0.000000000000000000e+00 0.000000000000000000e+00
1.696000000000000025e-03 1.555350819999999899e-22 0.000000000000000000e+00 0.000000000000000000e+00
1.696500000000000091e-03 1.485982169999999893e-22 0.000000000000000000e+00 0.000000000000000000e+00
1.696999999999999941e-03 1.412294219999999915e-22 0.000000000000000000e+00 0.000000000000000000e+00
1.697500000000000007e-03 1.334884770000000032e-22 0.000000000000000000e+00 0.000000000000000000e+00
1.698000000000000074e-03 1.254341429999999973e-22 0.000000000000000000e+00 0.000000000000000000e+00
1.698499999999999923e-03 1.171239139999999959e-22 0.000000000000000000e+00 0.000000000000000000e+00
1.698999999999999989e-03 1.086137740000000055e-22 0.000000000000000000e+00 0.000000000000000000e+00
1.699500000000000056e-03 9.995798280000000032e-23 0.000000000000000000e+00 0.000000000000000000e+00
1.699999999999999905e-03 9.120887589999999581e-23 0.000000000000000000e+00 0.000000000000000000e+00
1.700499999999999972e-03 8.241668940000000088e-23 0.000000000000000000e+00 0.000000000000000000e+00
1.701000000000000038e-03 7.362939969999999875e-23 0.000000000000000000e+00 0.000000000000000000e+00
1.701500000000000104e-03 6.489258639999999645e-23 0.000000000000000000e+00 0.000000000000000000e+00
1.701999999999999954e-03 5.624931229999999694e-23 0.000000000000000000e+00 0.000000000000000000e+00
1.702500000000000020e-03 4.774002339999999942e-23 0.000000000000000000e+00 0.000000000000000000e+00
1.703000000000000087e-03 3.940246779999999720e-23 0.000000000000000000e+00 0.000000000000000000e+00
1.703499999999999936e-03 3.127163169999999810e-23 0.000000000000000000e+00 0.000000000000000000e+00
1.704000000000000003e-03 2.337969399999999862e-23 0.000000000000000000e+00 0.000000000000000000e+00
1.704500000000000069e-03 1.575599679999999917e-23 0.000000000000000000e+00 0.000000000000000000e+00
1.704999999999999918e-03 8.427032989999999549e-24 0.000000000000000000e+00 0.000000000000000000e+00
1.705499999999999985e-03 1.416448730000000046e-24 0.000000000000000000e+00 0.000000000000000000e+00
1.706000000000000051e-03 -5.254938919999999722e-24 0.000000000000000000e+00 0.000000000000000000e+00
1.706499999999999901e-03 -1.156911080000000022e-23 0.000000000000000000e+00 0.000000000000000000e+00
1.706999999999999967e-03 -1.751080129999999929e-23 0.000000000000000000e+00 0.000000000000000000e+00
1.707500000000000033e-03 -2.306744170000000142e-23 0.000000000000000000e+00 0.000000000000000000e+00
1.708000000000000100e-03 -2.822909259999999775e-23 0.000000000000000000e+00 0.000000000000000000e+00
1.708499999999999949e-03 -3.298836570000000288e-23 0.000000000000000000e+00 0.000000000000000000e+00
1.709000000000000016e-03 -3.734033600000000100e-23 0.000000000000000000e+00 0.000000000000000000e+00
1.709500000000000082e-03 -4.128244599999999886e-23 0.000000000000000000e+00 0.000000000000000000e+00
1.709999999999999932e-03 -4.481440180000000254e-23 0.000000000000000000e+00 0.000000000000000000e+00
1.710499999999999998e-03 -4.793806269999999999e-23 0.000000000000000000e+00 0.000000000000000000e+00
1.711000000000000064e-03 -5.065732530000000257e-23 0.000000000000000000e+00 0.000000000000000000e+00
1.711499999999999914e-03 -5.297800229999999461e-23 0.000000000000000000e+00 0.000000000000000000e+00
1.711999999999999980e-03 -5.490769730000000534e-23 0.000000000000000000e+00 0.000000000000000000e+00
1.712500000000000046e-03 -5.645567689999999489e-23 0.000000000000000000e+00 0.000000000000000000e+00
1.712999999999999896e-03 -5.763274010000000084e-23 0.000000000000000000e+00 0.000000000000000000e+00
1.713499999999999962e-03 -5.845108599999999610e-23 0.000000000000000000e+00 0.000000000000000000e+00
1.714000000000000029e-03 -5.892418129999999769e-23 0.000000000000000000e+00 0.000000000000000000e+00
1.714500000000000095e-03 -5.906662719999999972e-23 0.000000000000000000e+00 0.000000000000000000e+00
1.714999999999999945e-03 -5.889402730000000350e-23 0.000000000000000000e+00 0.000000000000000000e+00
1.715500000000000011e-03 -5.842285650000000383e-23 0.000000000000000000e+00 0.000000000000000000e+00
1.716000000000000077e-03 -5.767033219999999905e-23 0.000000000000000000e+00 0.000000000000000000e+00
1.716499999999999927e-03 -5.665428780000000131e-23 0.000000000000000000e+00 0.000000000000000000e+00
1.716999999999999993e-03 -5.539304909999999963e-23 0.000000000000000000e+00 0.000000000000000000e+00
1.717500000000000060e-03 -5.390531459999999647e-23 0.000000000000000000e+00 0.000000000000000000e+00
1.717999999999999909e-03 -5.221003930000000244e-23 0.000000000000000000e+00 0.000000000000000000e+00
1.718499999999999975e-03 -5.032632340000000193e-23 0.000000000000000000e+00 0.000000000000000000e+00
1.719000000000000042e-03 -4.827330569999999948e-23 0.000000000000000000e+00 0.000000000000000000e+00
1.719500000000000108e-03 -4.607006130000000216e-23 0.000000000000000000e+00 0.000000000000000000e+00
1.719999999999999958e-03 -4.373550590000000293e-23 0.000000000000000000e+00 0.000000000000000000e+00
1.720500000000000024e-03 -4.128830469999999974e-23 0.000000000000000000e+00 0.000000000000000000e+00
1.721000000000000090e-03 -3.874678740000000220e-23 0.000000000000000000e+00 0.000000000000000000e+00
1.721499999999999940e-03 -3.612886970000000015e-23 0.000000000000000000e+00 0.000000000000000000e+00
1.722000000000000006e-03 -3.345197969999999711e-23 0.000000000000000000e+00 0.000000000000000000e+00
1.722500000000000073e-03 -3.073299149999999715e-23 0.000000000000000000e+00 0.000000000000000000e+00
1.722999999999999922e-03 -2.798816449999999938e-23 0.000000000000000000e+00 0.000000000000000000e+00
1.723499999999999989e-03 -2.523308899999999938e-23 0.000000000000000000e+00 0.000000000000000000e+00
1.724000000000000055e-03 -2.248263799999999972e-23 0.000000000000000000e+00 0.000000000000000000e+00
1.724499999999999904e-03 -1.975092530000000118e-23 0.000000000000000000e+00 0.000000000000000000e+00
1.724999999999999971e-03 -1.705126890000000064e-23 0.000000000000000000e+00 0.000000000000000000e+00
1.725500000000000037e-03 -1.439616160000000134e-23 0.000000000000000000e+00 0.000000000000000000e+00
1.726000000000000104e-03 -1.179724599999999969e-23 0.000000000000000000e+00 0.000000000000000000e+00
1.726499999999999953e-03 -9.265296279999999413e-24 0.000000000000000000e+00 0.000000000000000000e+00
1.727000000000000019e-03 -6.810204690000000050e-24 0.000000000000000000e+00 0.000000000000000000e+00
1.727500000000000086e-03 -4.440973719999999900e-24 0.000000000000000000e+00 0.000000000000000000e+00
1.727999999999999935e-03 -2.165713059999999874e-24 0.000000000000000000e+00 0.000000000000000000e+00
1.728500000000000002e-03 8.358536099999999620e-27 0.000000000000000000e+00 0.000000000000000000e+00
1.729000000000000068e-03 2.074906829999999889e-24 0.000000000000000000e+00 0.000000000000000000e+00
1.729499999999999918e-03 4.028471409999999764e-24 0.000000000000000000e+00 0.000000000000000000e+00
1.729999999999999984e-03 5.864450970000000043e-24 0.000000000000000000e+00 0.000000000000000000e+00
1.730500000000000050e-03 7.579084829999999948e-24 0.000000000000000000e+00 0.000000000000000000e+00
1.730999999999999900e-03 9.169430989999999921e-24 0.000000000000000000e+00 0.000000000000000000e+00
1.731499999999999966e-03 1.063334099999999935e-23 0.000000000000000000e+00 0.000000000000000000e+00
1.732000000000000033e-03 1.196943180000000020e-23 0.000000000000000000e+00 0.000000000000000000e+00
1.732500000000000099e-03 1.317705549999999928e-23 0.000000000000000000e+00 0.000000000000000000e+00
1.732999999999999948e-03 1.425626589999999996e-23 0.000000000000000000e+00 0.000000000000000000e+00
1.733500000000000015e-03 1.520778390000000136e-23 0.000000000000000000e+00 0.000000000000000000e+00
1.734000000000000081e-03 1.603296030000000111e-23 0.000000000000000000e+00 0.000000000000000000e+00
1.734499999999999931e-03 1.673373840000000079e-23 0.000000000000000000e+00 0.000000000000000000e+00
1.734999999999999997e-03 1.731261369999999983e-23 0.000000000000000000e+00 0.000000000000000000e+00
1.735500000000000063e-03 1.777259429999999857e-23 0.000000000000000000e+00 0.000000000000000000e+00
1.735999999999999913e-03 1.811715939999999900e-23 0.000000000000000000e+00 0.000000000000000000e+00
1.736499999999999979e-03 1.835021800000000127e-23 0.000000000000000000e+00 0.000000000000000000e+00
1.737000000000000046e-03 1.847606740000000140e-23 0.000000000000000000e+00 0.000000000000000000e+00
1.737499999999999895e-03 1.849935149999999898e-23 0.000000000000000000e+00 0.000000000000000000e+00
1.737999999999999962e-03 1.842501939999999866e-23 0.000000000000000000e+00 0.000000000000000000e+00
1.738500000000000028e-03 1.825828449999999861e-23 0.000000000000000000e+00 0.000000000000000000e+00
1.739000000000000094e-03 1.800458449999999887e-23 0.000000000000000000e+00 0.000000000000000000e+00
1.739499999999999944e-03 1.766954149999999883e-23 0.000000000000000000e+00 0.000000000000000000e+00
1.740000000000000010e-03 1.725892389999999924e-23 0.000000000000000000e+00 0.000000000000000000e+00
1.740500000000000077e-03 1.677860920000000066e-23 0.000000000000000000e+00 0.000000000000000000e+00
1.740999999999999926e-03 1.623454749999999933e-23 0.000000000000000000e+00 0.000000000000000000e+00
1.741499999999999992e-03 1.563272739999999897e-23 0.000000000000000000e+00 0.000000000000000000e+00
1.742000000000000059e-03 1.497914249999999860e-23 0.000000000000000000e+00 0.000000000000000000e+00
1.742499999999999908e-03 1.427975990000000135e-23 0.000000000000000000e+00 0.000000000000000000e+00
1.742999999999999975e-03 1.354049080000000120e-23 0.000000000000000000e+00 0.000000000000000000e+00
1.743500000000000041e-03 1.276716179999999950e-23 0.000000000000000000e+00 0.000000000000000000e+00
1.744000000000000107e-03 1.196548949999999996e-23 0.000000000000000000e+00 0.000000000000000000e+00
1.744499999999999957e-03 1.114105529999999956e-23 0.000000000000000000e+00 0.000000000000000000e+00
1.745000000000000023e-03 1.029928350000000053e-23 0.000000000000000000e+00 0.000000000000000000e+00
1.745500000000000090e-03 9.445420619999999787e-24 0.000000000000000000e+00 0.000000000000000000e+00
1.745999999999999939e-03 8.584516989999999335e-24 0.000000000000000000e+00 0.000000000000000000e+00
1.746500000000000006e-03 7.721409820000000249e-24 0.000000000000000000e+00 0.000000000000000000e+00
1.747000000000000072e-03 6.860708749999999781e-24 0.000000000000000000e+00 0.000000000000000000e+00
1.747499999999999921e-03 6.006782950000000264e-24 0.000000000000000000e+00 0.000000000000000000e+00
1.747999999999999988e-03 5.163750280000000063e-24 0.000000000000000000e+00 0.000000000000000000e+00
1.748500000000000054e-03 4.335468230000000352e-24 0.000000000000000000e+00 0.000000000000000000e+00
1.748999999999999904e-03 3.525526660000000249e-24 0.000000000000000000e+00 0.000000000000000000e+00
1.749499999999999970e-03 2.737242309999999818e-24 0.000000000000000000e+00 0.000000000000000000e+00
1.750000000000000036e-03 1.973655040000000059e-24 0.000000000000000000e+00 0.000000000000000000e+00
1.750500000000000103e-03 1.237525639999999959e-24 0.000000000000000000e+00 0.000000000000000000e+00
1.750999999999999952e-03 5.313352109999999741e-25 0.000000000000000000e+00 0.000000000000000000e+00
1.751500000000000019e-03 -1.427138860000000044e-25 0.000000000000000000e+00 0.000000000000000000e+00
1.752000000000000085e-03 -7.826957909999999739e-25 0.000000000000000000e+00 0.000000000000000000e+00
1.752499999999999935e-03 -1.386957489999999920e-24 0.000000000000000000e+00 0.000000000000000000e+00
1.753000000000000001e-03 -1.954113960000000168e-24 0.000000000000000000e+00 0.000000000000000000e+00
1.753500000000000067e-03 -2.483042119999999883e-24 0.000000000000000000e+00 0.000000000000000000e+00
1.753999999999999917e-03 -2.972873770000000009e-24 0.000000000000000000e+00 0.000000000000000000e+00
1.754499999999999983e-03 -3.422987490000000207e-24 0.000000000000000000e+00 0.000000000000000000e+00
1.755000000000000050e-03 -3.832999690000000338e-24 0.000000000000000000e+00 0.000000000000000000e+00
1.755499999999999899e-03 -4.202754869999999905e-24 0.000000000000000000e+00 0.000000000000000000e+00
1.755999999999999965e-03 -4.532315109999999784e-24 0.000000000000000000e+00 0.000000000000000000e+00
1.756500000000000032e-03 -4.821949050000000297e-24 0.000000000000000000e+00 0.000000000000000000e+00
1.757000000000000098e-03 -5.072120210000000139e-24 0.000000000000000000e+00 0.000000000000000000e+00
1.757499999999999948e-03 -5.283474999999999711e-24 0.000000000000000000e+00 0.000000000000000000e+00
1.758000000000000014e-03 -5.456830289999999875e-24 0.000000000000000000e+00 0.000000000000000000e+00
1.758500000000000080e-03 -5.593160680000000198e-24 0.000000000000000000e+00 0.000000000000000000e+00
1.758999999999999930e-03 -5.693585689999999715e-24 0.000000000000000000e+00 0.000000000000000000e+00
1.759499999999999996e-03 -5.759356690000000321e-24 0.000000000000000000e+00 0.000000000000000000e+00
1.760000000000000063e-03 -5.791843930000000060e-24 0.000000000000000000e+00 0.000000000000000000e+00
1.760499999999999912e-03 -5.792523449999999719e-24 0.000000000000000000e+00 0.000000000000000000e+00
1.760999999999999979e-03 -5.762964179999999980e-24 0.000000000000000000e+00 0.000000000000000000e+00
1.761500000000000045e-03 -5.704815179999999688e-24 0.000000000000000000e+00 0.000000000000000000e+00
1.761999999999999894e-03 -5.619793059999999866e-24 0.000000000000000000e+00 0.000000000000000000e+00
1.762499999999999961e-03 -5.509669700000000154e-24 0.000000000000000000e+00 0.000000000000000000e+00
1.763000000000000027e-03 -5.376260270000000170e-24 0.000000000000000000e+00 0.000000000000000000e+00
1.763500000000000094e-03 -5.221411620000000105e-24 0.000000000000000000e+00 0.000000000000000000e+00
1.763999999999999943e-03 -5.046991120000000243e-24 0.000000000000000000e+00 0.000000000000000000e+00
1.764500000000000009e-03 -4.854875849999999984e-24 0.000000000000000000e+00 0.000000000000000000e+00
1.765000000000000076e-03 -4.646942379999999838e-24 0.000000000000000000e+00 0.000000000000000000e+00
1.765499999999999925e-03 -4.425056989999999926e-24 0.000000000000000000e+00 0.000000000000000000e+00
1.765999999999999992e-03 -4.191066430000000269e-24 0.000000000000000000e+00 0.000000000000000000e+00
1.766500000000000058e-03 -3.946789320000000112e-24 0.000000000000000000e+00 0.000000000000000000e+00
1.766999999999999908e-03 -3.694007959999999634e-24 0.000000000000000000e+00 0.000000000000000000e+00
1.767499999999999974e-03 -3.434460910000000108e-24 0.000000000000000000e+00 0.000000000000000000e+00
1.768000000000000040e-03 -3.169836070000000133e-24 0.000000000000000000e+00 0.000000000000000000e+00
1.768500000000000107e-03 -2.901764349999999995e-24 0.000000000000000000e+00 0.000000000000000000e+00
1.768999999999999956e-03 -2.631814009999999896e-24 0.000000000000000000e+00 0.000000000000000000e+00
1.769500000000000023e-03 -2.361485599999999941e-24 0.000000000000000000e+00 0.000000000000000000e+00
1.770000000000000089e-03 -2.092207440000000088e-24 0.000000000000000000e+00 0.000000000000000000e+00
1.770499999999999938e-03 -1.825331750000000097e-24 0.000000000000000000e+00 0.000000000000000000e+00
1.771000000000000005e-03 -1.562131400000000062e-24 0.000000000000000000e+00 0.000000000000000000e+00
1.771500000000000071e-03 -1.303797140000000037e-24 0.000000000000000000e+00 0.000000000000000000e+00
1.771999999999999921e-03 -1.051435499999999945e-24 0.000000000000000000e+00 0.000000000000000000e+00
1.772499999999999987e-03 -8.060671619999999578e-25 0.000000000000000000e+00 0.000000000000000000e+00
1.773000000000000053e-03 -5.686258619999999607e-25 0.000000000000000000e+00 0.000000000000000000e+00
1.773499999999999903e-03 -3.399578549999999791e-25 0.000000000000000000e+00 0.000000000000000000e+00
1.773999999999999969e-03 -1.208218090000000051e-25 0.000000000000000000e+00 0.000000000000000000e+00
1.774500000000000036e-03 8.811082119999999433e-26 0.000000000000000000e+00 0.000000000000000000e+00
1.775000000000000102e-03 2.862549800000000141e-25 0.000000000000000000e+00 0.000000000000000000e+00
1.775499999999999952e-03 4.731107929999999750e-25 0.000000000000000000e+00 0.000000000000000000e+00
1.776000000000000018e-03 6.482619609999999808e-25 0.000000000000000000e+00 0.000000000000000000e+00
1.776500000000000084e-03 8.113737979999999983e-25 0.000000000000000000e+00 0.000000000000000000e+00
1.776999999999999934e-03 9.621909449999999399e-25 0.000000000000000000e+00 0.000000000000000000e+00
1.777500000000000000e-03 1.100534780000000068e-24 0.000000000000000000e+00 0.000000000000000000e+00
1.778000000000000067e-03 1.226300540000000073e-24 0.000000000000000000e+00 0.000000000000000000e+00
1.778499999999999916e-03 1.339454260000000050e-24 0.000000000000000000e+00 0.000000000000000000e+00
1.778999999999999982e-03 1.440029379999999928e-24 0.000000000000000000e+00 0.000000000000000000e+00
1.779500000000000049e-03 1.528123320000000074e-24 0.000000000000000000e+00 0.000000000000000000e+00
1.779999999999999898e-03 1.603893719999999998e-24 0.000000000000000000e+00 0.000000000000000000e+00
1.780499999999999965e-03 1.667554739999999956e-24 0.000000000000000000e+00 0.000000000000000000e+00
1.781000000000000031e-03 1.719373060000000018e-24 0.000000000000000000e+00 0.000000000000000000e+00
1.781500000000000097e-03 1.759663930000000144e-24 0.000000000000000000e+00 0.000000000000000000e+00
1.781999999999999947e-03 1.788787149999999884e-24 0.000000000000000000e+00 0.000000000000000000e+00
1.782500000000000013e-03 1.807142949999999922e-24 0.000000000000000000e+00 0.000000000000000000e+00
1.783000000000000080e-03 1.815167930000000090e-24 0.000000000000000000e+00 0.000000000000000000e+00
1.783499999999999929e-03 1.813330949999999871e-24 0.000000000000000000e+00 0.000000000000000000e+00
1.783999999999999996e-03 1.802129150000000146e-24 0.000000000000000000e+00 0.000000000000000000e+00
1.784500000000000062e-03 1.782083909999999845e-24 0.000000000000000000e+00 0.000000000000000000e+00
1.784999999999999911e-03 1.753736940000000095e-24 0.000000000000000000e+00 0.000000000000000000e+00
1.785499999999999978e-03 1.717646479999999956e-24 0.000000000000000000e+00 0.000000000000000000e+00
1.786000000000000044e-03 1.674383540000000089e-24 0.000000000000000000e+00 0.000000000000000000e+00
1.786499999999999894e-03 1.624528290000000067e-24 0.000000000000000000e+00 0.000000000000000000e+00
1.786999999999999960e-03 1.568666610000000029e-24 0.000000000000000000e+00 0.000000000000000000e+00
1.787500000000000026e-03 1.507386739999999947e-24 0.000000000000000000e+00 0.000000000000000000e+00
1.788000000000000093e-03 1.441276080000000048e-24 0.000000000000000000e+00 0.000000000000000000e+00
1.788499999999999942e-03 1.370918180000000074e-24 0.000000000000000000e+00 0.000000000000000000e+00
1.789000000000000009e-03 1.296889899999999987e-24 0.000000000000000000e+00 0.000000000000000000e+00
1.789500000000000075e-03 1.219758709999999972e-24 0.000000000000000000e+00 0.000000000000000000e+00
1.789999999999999925e-03 1.140080209999999958e-24 0.000000000000000000e+00 0.000000000000000000e+00
1.790499999999999991e-03 1.058395820000000066e-24 0.000000000000000000e+00 0.000000000000000000e+00
1.791000000000000057e-03 9.752306409999999587e-25 0.000000000000000000e+00 0.000000000000000000e+00
1.791499999999999907e-03 8.910915550000000221e-25 0.000000000000000000e+00 0.000000000000000000e+00
1.791999999999999973e-03 8.064654499999999931e-25 0.000000000000000000e+00 0.000000000000000000e+00
1.792500000000000039e-03 7.218176849999999861e-25 0.000000000000000000e+00 0.000000000000000000e+00
1.793000000000000106e-03 6.375907299999999788e-25 0.000000000000000000e+00 0.000000000000000000e+00
1.793499999999999955e-03 5.542029819999999862e-25 0.000000000000000000e+00 0.000000000000000000e+00
1.794000000000000022e-03 4.720477810000000246e-25 0.000000000000000000e+00 0.000000000000000000e+00
1.794500000000000088e-03 3.914925929999999998e-25 0.000000000000000000e+00 0.000000000000000000e+00
1.794999999999999938e-03 3.128783730000000115e-25 0.000000000000000000e+00 0.000000000000000000e+00
1.795500000000000004e-03 2.365191009999999898e-25 0.000000000000000000e+00 0.000000000000000000e+00
1.796000000000000070e-03 1.627014750000000060e-25 0.000000000000000000e+00 0.000000000000000000e+00
1.796499999999999920e-03 9.168476660000000297e-26 0.000000000000000000e+00 0.000000000000000000e+00
1.796999999999999986e-03 2.370082460000000086e-26 0.000000000000000000e+00 0.000000000000000000e+00
1.797500000000000053e-03 -4.104577920000000171e-26 0.000000000000000000e+00 0.000000000000000000e+00
1.797999999999999902e-03 -1.023774670000000011e-25 0.000000000000000000e+00 0.000000000000000000e+00
1.798499999999999968e-03 -1.601432479999999971e-25 0.000000000000000000e+00 0.000000000000000000e+00
1.799000000000000035e-03 -2.142181889999999814e-25 0.000000000000000000e+00 0.000000000000000000e+00
1.799500000000000101e-03 -2.645027789999999816e-25 0.000000000000000000e+00 0.000000000000000000e+00
1.799999999999999951e-03 -3.109221940000000210e-25 0.000000000000000000e+00 0.000000000000000000e+00
1.800500000000000017e-03 -3.534254619999999811e-25 0.000000000000000000e+00 0.000000000000000000e+00
1.801000000000000083e-03 -3.919845500000000116e-25 0.000000000000000000e+00 0.000000000000000000e+00
1.801499999999999933e-03 -4.265933819999999905e-25 0.000000000000000000e+00 0.000000000000000000e+00
1.801999999999999999e-03 -4.572667780000000017e-25 0.000000000000000000e+00 0.000000000000000000e+00
1.802500000000000066e-03 -4.840393470000000419e-25 0.000000000000000000e+00 0.000000000000000000e+00
1.802999999999999915e-03 -5.069643299999999637e-25 0.000000000000000000e+00 0.000000000000000000e+00
1.803499999999999982e-03 -5.261123959999999557e-25 0.000000000000000000e+00 0.000000000000000000e+00
1.804000000000000048e-03 -5.415704180000000430e-25 0.000000000000000000e+00 0.000000000000000000e+00
1.804499999999999897e-03 -5.534402140000000425e-25 0.000000000000000000e+00 0.000000000000000000e+00
1.804999999999999964e-03 -5.618372809999999940e-25 0.000000000000000000e+00 0.000000000000000000e+00
1.805500000000000030e-03 -5.668895130000000292e-25 0.000000000000000000e+00 0.000000000000000000e+00
1.806000000000000097e-03 -5.687359250000000143e-25 0.000000000000000000e+00 0.000000000000000000e+00
1.806499999999999946e-03 -5.675253749999999726e-25 0.000000000000000000e+00 0.000000000000000000e+00
1.807000000000000012e-03 -5.634153019999999684e-25 0.000000000000000000e+00 0.000000000000000000e+00
1.807500000000000079e-03 -5.565704819999999589e-25 0.000000000000000000e+00 0.000000000000000000e+00
1.807999999999999928e-03 -5.471618049999999612e-25 0.000000000000000000e+00 0.000000000000000000e+00
1.808499999999999995e-03 -5.353650839999999688e-25 0.000000000000000000e+00 0.000000000000000000e+00
1.809000000000000061e-03 -5.213598890000000027e-25 0.000000000000000000e+00 0.000000000000000000e+00
1.809499999999999911e-03 -5.053284309999999712e-25 0.000000000000000000e+00 0.000000000000000000e+00
1.809999999999999977e-03 -4.874544799999999711e-25 0.000000000000000000e+00 0.000000000000000000e+00
1.810500000000000043e-03 -4.679223269999999791e-25 0.000000000000000000e+00 0.000000000000000000e+00
1.810999999999999893e-03 -4.469157989999999758e-25 0.000000000000000000e+00 0.000000000000000000e+00
1.811499999999999959e-03 -4.246173230000000389e-25 0.000000000000000000e+00 0.000000000000000000e+00
1.812000000000000026e-03 -4.012070460000000214e-25 0.000000000000000000e+00 0.000000000000000000e+00
1.812500000000000092e-03 -3.768620039999999794e-25 0.000000000000000000e+00 0.000000000000000000e+00
1.812999999999999941e-03 -3.517553579999999870e-25 0.000000000000000000e+00 0.000000000000000000e+00
1.813500000000000008e-03 -3.260556779999999891e-25 0.000000000000000000e+00 0.000000000000000000e+00
1.814000000000000074e-03 -2.999262929999999800e-25 0.000000000000000000e+00 0.000000000000000000e+00
1.814499999999999924e-03 -2.735246980000000221e-25 0.000000000000000000e+00 0.000000000000000000e+00
1.814999999999999990e-03 -2.470020220000000122e-25 0.000000000000000000e+00 0.000000000000000000e+00
1.815500000000000056e-03 -2.205025539999999988e-25 0.000000000000000000e+00 0.000000000000000000e+00
1.815999999999999906e-03 -1.941633289999999963e-25 0.000000000000000000e+00 0.000000000000000000e+00
1.816499999999999972e-03 -1.681137700000000023e-25 0.000000000000000000e+00 0.000000000000000000e+00
1.817000000000000039e-03 -1.424753929999999963e-25 0.000000000000000000e+00 0.000000000000000000e+00
1.817500000000000105e-03 -1.173615630000000013e-25 0.000000000000000000e+00 0.000000000000000000e+00
1.817999999999999955e-03 -9.287730300000000286e-26 0.000000000000000000e+00 0.000000000000000000e+00
1.818500000000000021e-03 -6.911916320000000515e-26 0.000000000000000000e+00 0.000000000000000000e+00
1.819000000000000087e-03 -4.617513329999999894e-26 0.000000000000000000e+00 0.000000000000000000e+00
1.819499999999999937e-03 -2.412460800000000057e-26 0.000000000000000000e+00 0.000000000000000000e+00
1.820000000000000003e-03 -3.038397899999999980e-27 0.000000000000000000e+00 0.000000000000000000e+00
1.820500000000000070e-03 1.702121570000000128e-26 0.000000000000000000e+00 0.000000000000000000e+00
1.820999999999999919e-03 3.600038349999999760e-26 0.000000000000000000e+00 0.000000000000000000e+00
1.821499999999999985e-03 5.385355239999999693e-26 0.000000000000000000e+00 0.000000000000000000e+00
1.822000000000000052e-03 7.054329299999999902e-26 0.000000000000000000e+00 0.000000000000000000e+00
1.822499999999999901e-03 8.604009290000000365e-26 0.000000000000000000e+00 0.000000000000000000e+00
1.822999999999999968e-03 1.003221189999999961e-25 0.000000000000000000e+00 0.000000000000000000e+00
1.823500000000000034e-03 1.133749530000000095e-25 0.000000000000000000e+00 0.000000000000000000e+00
1.824000000000000100e-03 1.251912979999999919e-25 0.000000000000000000e+00 0.000000000000000000e+00
1.824499999999999950e-03 1.357706660000000087e-25 0.000000000000000000e+00 0.000000000000000000e+00
1.825000000000000016e-03 1.451190419999999958e-25 0.000000000000000000e+00 0.000000000000000000e+00
1.825500000000000083e-03 1.532485380000000050e-25 0.000000000000000000e+00 0.000000000000000000e+00
1.825999999999999932e-03 1.601770180000000023e-25 0.000000000000000000e+00 0.000000000000000000e+00
1.826499999999999999e-03 1.659277289999999920e-25 0.000000000000000000e+00 0.000000000000000000e+00
1.827000000000000065e-03 1.705289100000000087e-25 0.000000000000000000e+00 0.000000000000000000e+00
1.827499999999999914e-03 1.740133969999999919e-25 0.000000000000000000e+00 0.000000000000000000e+00
1.827999999999999981e-03 1.764182250000000018e-25 0.000000000000000000e+00 0.000000000000000000e+00
1.828500000000000047e-03 1.777842310000000008e-25 0.000000000000000000e+00 0.000000000000000000e+00
1.828999999999999897e-03 1.781556469999999932e-25 0.000000000000000000e+00 0.000000000000000000e+00
1.829499999999999963e-03 1.775797059999999924e-25 0.000000000000000000e+00 0.000000000000000000e+00
1.830000000000000029e-03 1.761062470000000099e-25 0.000000000000000000e+00 0.000000000000000000e+00
1.830500000000000096e-03 1.737873219999999999e-25 0.000000000000000000e+00 0.000000000000000000e+00
1.830999999999999945e-03 1.706768220000000027e-25 0.000000000000000000e+00 0.000000000000000000e+00
1.831500000000000012e-03 1.668300990000000093e-25 0.000000000000000000e+00 0.000000000000000000e+00
1.832000000000000078e-03 1.623036100000000036e-25 0.000000000000000000e+00 0.000000000000000000e+00
1.832499999999999928e-03 1.571545620000000063e-25 0.000000000000000000e+00 0.000000000000000000e+00
1.832999999999999994e-03 1.514405830000000004e-25 0.000000000000000000e+00 0.000000000000000000e+00
1.833500000000000060e-03 1.452193979999999989e-25 0.000000000000000000e+00 0.000000000000000000e+00
1.833999999999999910e-03 1.385485210000000103e-25 0.000000000000000000e+00 0.000000000000000000e+00
1.834499999999999976e-03 1.314849699999999991e-25 0.000000000000000000e+00 0.000000000000000000e+00
1.835000000000000043e-03 1.240849899999999898e-25 0.000000000000000000e+00 0.000000000000000000e+00
1.835499999999999892e-03 1.164038010000000077e-25 0.000000000000000000e+00 0.000000000000000000e+00
1.835999999999999958e-03 1.084953570000000046e-25 0.000000000000000000e+00 0.000000000000000000e+00
1.836500000000000025e-03 1.004121340000000030e-25 0.000000000000000000e+00 0.000000000000000000e+00
1.837000000000000091e-03 9.220492039999999571e-26 0.000000000000000000e+00 0.000000000000000000e+00
1.837499999999999941e-03 8.392264390000000138e-26 0.000000000000000000e+00 0.000000000000000000e+00
1.838000000000000007e-03 7.561220300000000096e-26 0.000000000000000000e+00 0.000000000000000000e+00
1.838500000000000073e-03 6.731832519999999665e-26 0.000000000000000000e+00 0.000000000000000000e+00
1.838999999999999923e-03 5.908344000000000428e-26 0.000000000000000000e+00 0.000000000000000000e+00
1.839499999999999989e-03 5.094757189999999817e-26 0.000000000000000000e+00 0.000000000000000000e+00
1.840000000000000056e-03 4.294825050000000024e-26 0.000000000000000000e+00 0.000000000000000000e+00
1.840499999999999905e-03 3.512043780000000245e-26 0.000000000000000000e+00 0.000000000000000000e+00
1.840999999999999972e-03 2.749647319999999827e-26 0.000000000000000000e+00 0.000000000000000000e+00
1.841500000000000038e-03 2.010603430000000025e-26 0.000000000000000000e+00 0.000000000000000000e+00
1.842000000000000104e-03 1.297611380000000006e-26 0.000000000000000000e+00 0.000000000000000000e+00
1.842499999999999954e-03 6.131011559999999933e-27 0.000000000000000000e+00 0.000000000000000000e+00
1.843000000000000020e-03 -4.076591770000000251e-28 0.000000000000000000e+00 0.000000000000000000e+00
1.843500000000000087e-03 -6.620951479999999322e-27 0.000000000000000000e+00 0.000000000000000000e+00
1.843999999999999936e-03 -1.249255179999999975e-26 0.000000000000000000e+00 0.000000000000000000e+00
1.844500000000000002e-03 -1.800873489999999974e-26 0.000000000000000000e+00 0.000000000000000000e+00
1.845000000000000069e-03 -2.315830719999999967e-26 0.000000000000000000e+00 0.000000000000000000e+00
1.845499999999999918e-03 -2.793254060000000093e-26 0.000000000000000000e+00 0.000000000000000000e+00
1.845999999999999985e-03 -3.232509519999999797e-26 0.000000000000000000e+00 0.000000000000000000e+00
1.846500000000000051e-03 -3.633193520000000111e-26 0.000000000000000000e+00 0.000000000000000000e+00
1.846999999999999901e-03 -3.995123540000000057e-26 0.000000000000000000e+00 0.000000000000000000e+00
1.847499999999999967e-03 -4.318328169999999761e-26 0.000000000000000000e+00 0.000000000000000000e+00
1.848000000000000033e-03 -4.603036539999999864e-26 0.000000000000000000e+00 0.000000000000000000e+00
1.848500000000000100e-03 -4.849667170000000247e-26 0.000000000000000000e+00 0.000000000000000000e+00
1.848999999999999949e-03 -5.058816439999999956e-26 0.000000000000000000e+00 0.000000000000000000e+00
1.849500000000000016e-03 -5.231246730000000076e-26 0.000000000000000000e+00 0.000000000000000000e+00
1.850000000000000082e-03 -5.367874150000000092e-26 0.000000000000000000e+00 0.000000000000000000e+00
1.850499999999999931e-03 -5.469756269999999986e-26 0.000000000000000000e+00 0.000000000000000000e+00
1.850999999999999998e-03 -5.538079519999999547e-26 0.000000000000000000e+00 0.000000000000000000e+00
1.851500000000000064e-03 -5.574146669999999701e-26 0.000000000000000000e+00 0.000000000000000000e+00
1.851999999999999914e-03 -5.579364309999999821e-26 0.000000000000000000e+00 0.000000000000000000e+00
1.852499999999999980e-03 -5.555230329999999627e-26 0.000000000000000000e+00 0.000000000000000000e+00
1.853000000000000046e-03 -5.503321650000000138e-26 0.000000000000000000e+00 0.000000000000000000e+00
1.853499999999999896e-03 -5.425282030000000317e-26 0.000000000000000000e+00 0.000000000000000000e+00
1.853999999999999962e-03 -5.322810249999999525e-26 0.000000000000000000e+00 0.000000000000000000e+00
1.854500000000000029e-03 -5.197648509999999912e-26 0.000000000000000000e+00 0.000000000000000000e+00
1.855000000000000095e-03 -5.051571189999999794e-26 0.000000000000000000e+00 0.000000000000000000e+00
1.855499999999999945e-03 -4.886374019999999861e-26 0.000000000000000000e+00 0.000000000000000000e+00
1.856000000000000011e-03 -4.703863649999999946e-26 0.000000000000000000e+00 0.000000000000000000e+00
1.856500000000000077e-03 -4.505847689999999943e-26 0.000000000000000000e+00 0.000000000000000000e+00
1.856999999999999927e-03 -4.294125259999999869e-26 0.000000000000000000e+00 0.000000000000000000e+00
1.857499999999999993e-03 -4.070477990000000276e-26 0.000000000000000000e+00 0.000000000000000000e+00
1.858000000000000059e-03 -3.836661630000000153e-26 0.000000000000000000e+00 0.000000000000000000e+00
1.858499999999999909e-03 -3.594398130000000136e-26 0.000000000000000000e+00 0.000000000000000000e+00
1.858999999999999975e-03 -3.345368390000000273e-26 0.000000000000000000e+00 0.000000000000000000e+00
1.859500000000000042e-03 -3.091205480000000224e-26 0.000000000000000000e+00 0.000000000000000000e+00
1.860000000000000108e-03 -2.833488509999999966e-26 0.000000000000000000e+00 0.000000000000000000e+00
1.860499999999999958e-03 -2.573737050000000074e-26 0.000000000000000000e+00 0.000000000000000000e+00
1.861000000000000024e-03 -2.313406139999999993e-26 0.000000000000000000e+00 0.000000000000000000e+00
1.861500000000000090e-03 -2.053881949999999973e-26 0.000000000000000000e+00 0.000000000000000000e+00
1.861999999999999940e-03 -1.796477880000000028e-26 0.000000000000000000e+00 0.000000000000000000e+00
1.862500000000000006e-03 -1.542431339999999933e-26 0.000000000000000000e+00 0.000000000000000000e+00
1.863000000000000073e-03 -1.292901100000000025e-26 0.000000000000000000e+00 0.000000000000000000e+00
1.863499999999999922e-03 -1.048965050000000043e-26 0.000000000000000000e+00 0.000000000000000000e+00
1.863999999999999988e-03 -8.116186330000000555e-27 0.000000000000000000e+00 0.000000000000000000e+00
1.864500000000000055e-03 -5.817737339999999669e-27 0.000000000000000000e+00 0.000000000000000000e+00
1.864999999999999904e-03 -3.602580250000000002e-27 0.000000000000000000e+00 0.000000000000000000e+00
1.865499999999999971e-03 -1.478148320000000042e-27 0.000000000000000000e+00 0.000000000000000000e+00
1.866000000000000037e-03 5.489657519999999629e-28 0.000000000000000000e+00 0.000000000000000000e+00
1.866500000000000103e-03 2.473002670000000040e-27 0.000000000000000000e+00 0.000000000000000000e+00
1.866999999999999953e-03 4.289025339999999757e-27 0.000000000000000000e+00 0.000000000000000000e+00
1.867500000000000019e-03 5.992903999999999751e-27 0.000000000000000000e+00 0.000000000000000000e+00
1.868000000000000086e-03 7.581297819999999981e-27 0.000000000000000000e+00 0.000000000000000000e+00
1.868499999999999935e-03 9.051633329999999666e-27 0.000000000000000000e+00 0.000000000000000000e+00
1.869000000000000002e-03 1.040207989999999962e-26 0.000000000000000000e+00 0.000000000000000000e+00
1.869500000000000068e-03 1.163152260000000010e-26 0.000000000000000000e+00 0.000000000000000000e+00
1.869999999999999917e-03 1.273953250000000064e-26 0.000000000000000000e+00 0.000000000000000000e+00
1.870499999999999984e-03 1.372633520000000033e-26 0.000000000000000000e+00 0.000000000000000000e+00
1.871000000000000050e-03 1.459277709999999897e-26 0.000000000000000000e+00 0.000000000000000000e+00
1.871499999999999900e-03 1.534029039999999981e-26 0.000000000000000000e+00 0.000000000000000000e+00
1.871999999999999966e-03 1.597085670000000140e-26 0.000000000000000000e+00 0.000000000000000000e+00
1.872500000000000032e-03 1.648696940000000087e-26 0.000000000000000000e+00 0.000000000000000000e+00
1.873000000000000099e-03 1.689159550000000070e-26 0.000000000000000000e+00 0.000000000000000000e+00
1.873499999999999948e-03 1.718813660000000117e-26 0.000000000000000000e+00 0.000000000000000000e+00
1.874000000000000015e-03 1.738038979999999958e-26 0.000000000000000000e+00 0.000000000000000000e+00
1.874500000000000081e-03 1.747250830000000123e-26 0.000000000000000000e+00 0.000000000000000000e+00
1.874999999999999931e-03 1.746896210000000075e-26 0.000000000000000000e+00 0.000000000000000000e+00
1.875499999999999997e-03 1.737449909999999923e-26 0.000000000000000000e+00 0.000000000000000000e+00
1.876000000000000063e-03 1.719410650000000100e-26 0.000000000000000000e+00 0.000000000000000000e+00
1.876499999999999913e-03 1.693297299999999886e-26 0.000000000000000000e+00 0.000000000000000000e+00
1.876999999999999979e-03 1.659645209999999940e-26 0.000000000000000000e+00 0.000000000000000000e+00
1.877500000000000046e-03 1.619002530000000038e-26 0.000000000000000000e+00 0.000000000000000000e+00
1.877999999999999895e-03 1.571926790000000074e-26 0.000000000000000000e+00 0.000000000000000000e+00
1.878499999999999961e-03 1.518981509999999869e-26 0.000000000000000000e+00 0.000000000000000000e+00
1.879000000000000028e-03 1.460732939999999891e-26 0.000000000000000000e+00 0.000000000000000000e+00
1.879500000000000094e-03 1.397746989999999941e-26 0.000000000000000000e+00 0.000000000000000000e+00
1.879999999999999944e-03 1.330586320000000141e-26 0.000000000000000000e+00 0.000000000000000000e+00
1.880500000000000010e-03 1.259807509999999928e-26 0.000000000000000000e+00 0.000000000000000000e+00
1.881000000000000076e-03 1.185958510000000071e-26 0.000000000000000000e+00 0.000000000000000000e+00
1.881499999999999926e-03 1.109576200000000071e-26 0.000000000000000000e+00 0.000000000000000000e+00
1.881999999999999992e-03 1.031184099999999984e-26 0.000000000000000000e+00 0.000000000000000000e+00
1.882500000000000059e-03 9.512903509999999474e-27 0.000000000000000000e+00 0.000000000000000000e+00
1.882999999999999908e-03 8.703858010000000159e-27 0.000000000000000000e+00 0.000000000000000000e+00
1.883499999999999975e-03 7.889422959999999620e-27 0.000000000000000000e+00 0.000000000000000000e+00
1.884000000000000041e-03 7.074111680000000359e-27 0.000000000000000000e+00 0.000000000000000000e+00
1.884500000000000107e-03 6.262218950000000162e-27 0.000000000000000000e+00 0.000000000000000000e+00
1.884999999999999957e-03 5.457809380000000126e-27 0.000000000000000000e+00 0.000000000000000000e+00
1.885500000000000023e-03 4.664707649999999707e-27 0.000000000000000000e+00 0.000000000000000000e+00
1.886000000000000090e-03 3.886490349999999775e-27 0.000000000000000000e+00 0.000000000000000000e+00
1.886499999999999939e-03 3.126479680000000040e-27 0.000000000000000000e+00 0.000000000000000000e+00
1.887000000000000005e-03 2.387738630000000174e-27 0.000000000000000000e+00 0.000000000000000000e+00
1.887500000000000072e-03 1.673067870000000144e-27 0.000000000000000000e+00 0.000000000000000000e+00
1.887999999999999921e-03 9.850041099999999213e-28 0.000000000000000000e+00 0.000000000000000000e+00
1.888499999999999988e-03 3.258198809999999997e-28 0.000000000000000000e+00 0.000000000000000000e+00
1.889000000000000054e-03 -3.024752059999999941e-28 0.000000000000000000e+00 0.000000000000000000e+00
1.889499999999999904e-03 -8.981319680000000327e-28 0.000000000000000000e+00 0.000000000000000000e+00
1.889999999999999970e-03 -1.459657889999999979e-27 0.000000000000000000e+00 0.000000000000000000e+00
1.890500000000000036e-03 -1.985812209999999933e-27 0.000000000000000000e+00 0.000000000000000000e+00
1.891000000000000103e-03 -2.475599950000000057e-27 0.000000000000000000e+00 0.000000000000000000e+00
1.891499999999999952e-03 -2.928264990000000036e-27 0.000000000000000000e+00 0.000000000000000000e+00
1.892000000000000019e-03 -3.343282109999999702e-27 0.000000000000000000e+00 0.000000000000000000e+00
1.892500000000000085e-03 -3.720348419999999725e-27 0.000000000000000000e+00 0.000000000000000000e+00
1.892999999999999934e-03 -4.059373860000000269e-27 0.000000000000000000e+00 0.000000000000000000e+00
1.893500000000000001e-03 -4.360471230000000158e-27 0.000000000000000000e+00 0.000000000000000000e+00
1.894000000000000067e-03 -4.623945479999999932e-27 0.000000000000000000e+00 0.000000000000000000e+00
1.894499999999999917e-03 -4.850282719999999874e-27 0.000000000000000000e+00 0.000000000000000000e+00
1.894999999999999983e-03 -5.040138649999999780e-27 0.000000000000000000e+00 0.000000000000000000e+00
1.895500000000000049e-03 -5.194326779999999981e-27 0.000000000000000000e+00 0.000000000000000000e+00
1.895999999999999899e-03 -5.313806419999999650e-27 0.000000000000000000e+00 0.000000000000000000e+00
1.896499999999999965e-03 -5.399670419999999944e-27 0.000000000000000000e+00 0.000000000000000000e+00
1.897000000000000032e-03 -5.453132899999999789e-27 0.000000000000000000e+00 0.000000000000000000e+00
1.897500000000000098e-03 -5.475516909999999724e-27 0.000000000000000000e+00 0.000000000000000000e+00
1.897999999999999948e-03 -5.468242170000000022e-27 0.000000000000000000e+00 0.000000000000000000e+00
1.898500000000000014e-03 -5.432812850000000246e-27 0.000000000000000000e+00 0.000000000000000000e+00
1.899000000000000080e-03 -5.370805580000000064e-27 0.000000000000000000e+00 0.000000000000000000e+00
1.899499999999999930e-03 -5.283857620000000095e-27 0.000000000000000000e+00 0.000000000000000000e+00
1.899999999999999996e-03 -5.173655370000000245e-27 0.000000000000000000e+00 0.000000000000000000e+00
1.900500000000000063e-03 -5.041923099999999871e-27 0.000000000000000000e+00 0.000000000000000000e+00
1.900999999999999912e-03 -4.890412109999999927e-27 0.000000000000000000e+00 0.000000000000000000e+00
1.901499999999999978e-03 -4.720890260000000309e-27 0.000000000000000000e+00 0.000000000000000000e+00
1.902000000000000045e-03 -4.535131919999999726e-27 0.000000000000000000e+00 0.000000000000000000e+00
1.902499999999999894e-03 -4.334908429999999737e-27 0.000000000000000000e+00 0.000000000000000000e+00
1.902999999999999961e-03 -4.121978960000000202e-27 0.000000000000000000e+00 0.000000000000000000e+00
1.903500000000000027e-03 -3.898081979999999976e-27 0.000000000000000000e+00 0.000000000000000000e+00
1.904000000000000093e-03 -3.664927209999999786e-27 0.000000000000000000e+00 0.000000000000000000e+00
1.904499999999999943e-03 -3.424188109999999765e-27 0.000000000000000000e+00 0.000000000000000000e+00
1.905000000000000009e-03 -3.177494980000000071e-27 0.000000000000000000e+00 0.000000000000000000e+00
1.905500000000000076e-03 -2.926428529999999926e-27 0.000000000000000000e+00 0.000000000000000000e+00
1.905999999999999925e-03 -2.672514180000000112e-27 0.000000000000000000e+00 0.000000000000000000e+00
1.906499999999999992e-03 -2.417216740000000105e-27 0.000000000000000000e+00 0.000000000000000000e+00
1.907000000000000058e-03 -2.161935849999999933e-27 0.000000000000000000e+00 0.000000000000000000e+00
1.907499999999999907e-03 -1.908001859999999900e-27 0.000000000000000000e+00 0.000000000000000000e+00
1.907999999999999974e-03 -1.656672309999999998e-27 0.000000000000000000e+00 0.000000000000000000e+00
1.908500000000000040e-03 -1.409129020000000071e-27 0.000000000000000000e+00 0.000000000000000000e+00
1.909000000000000107e-03 -1.166475620000000013e-27 0.000000000000000000e+00 0.000000000000000000e+00
1.909499999999999956e-03 -9.297356890000000586e-28 0.000000000000000000e+00 0.000000000000000000e+00
1.910000000000000022e-03 -6.998513669999999553e-28 0.000000000000000000e+00 0.000000000000000000e+00
1.910500000000000089e-03 -4.776824660000000162e-28 0.000000000000000000e+00 0.000000000000000000e+00
1.910999999999999938e-03 -2.640060610000000088e-28 0.000000000000000000e+00 0.000000000000000000e+00
1.911500000000000005e-03 -5.951652830000000221e-29 0.000000000000000000e+00 0.000000000000000000e+00
1.912000000000000071e-03 1.351739920000000061e-28 0.000000000000000000e+00 0.000000000000000000e+00
1.912499999999999921e-03 3.195347180000000144e-28 0.000000000000000000e+00 0.000000000000000000e+00
1.912999999999999987e-03 4.931149730000000058e-28 0.000000000000000000e+00 0.000000000000000000e+00
1.913500000000000053e-03 6.555425749999999592e-28 0.000000000000000000e+00 0.000000000000000000e+00
1.913999999999999903e-03 8.065218979999999557e-28 0.000000000000000000e+00 0.000000000000000000e+00
1.914499999999999969e-03 9.458316259999999957e-28 0.000000000000000000e+00 0.000000000000000000e+00
1.915000000000000036e-03 1.073322239999999949e-27 0.000000000000000000e+00 0.000000000000000000e+00
1.915500000000000102e-03 1.188913240000000072e-27 0.000000000000000000e+00 0.000000000000000000e+00
1.915999999999999951e-03 1.292590149999999913e-27 0.000000000000000000e+00 0.000000000000000000e+00
1.916500000000000018e-03 1.384401349999999969e-27 0.000000000000000000e+00 0.000000000000000000e+00
1.917000000000000084e-03 1.464454699999999993e-27 0.000000000000000000e+00 0.000000000000000000e+00
1.917499999999999934e-03 1.532914020000000017e-27 0.000000000000000000e+00 0.000000000000000000e+00
1.918000000000000000e-03 1.589995519999999938e-27 0.000000000000000000e+00 0.000000000000000000e+00
1.918500000000000066e-03 1.635964019999999985e-27 0.000000000000000000e+00 0.000000000000000000e+00
1.918999999999999916e-03 1.671129219999999937e-27 0.000000000000000000e+00 0.000000000000000000e+00
1.919499999999999982e-03 1.695841830000000123e-27 0.000000000000000000e+00 0.000000000000000000e+00
1.920000000000000049e-03 1.710489729999999911e-27 0.000000000000000000e+00 0.000000000000000000e+00
1.920499999999999898e-03 1.715494100000000149e-27 0.000000000000000000e+00 0.000000000000000000e+00
1.920999999999999965e-03 1.711305609999999859e-27 0.000000000000000000e+00 0.000000000000000000e+00
1.921500000000000031e-03 1.698400559999999932e-27 0.000000000000000000e+00 0.000000000000000000e+00
1.922000000000000097e-03 1.677277160000000011e-27 0.000000000000000000e+00 0.000000000000000000e+00
1.922499999999999947e-03 1.648451859999999866e-27 0.000000000000000000e+00 0.000000000000000000e+00
1.923000000000000013e-03 1.612455730000000051e-27 0.000000000000000000e+00 0.000000000000000000e+00
1.923500000000000080e-03 1.569830960000000058e-27 0.000000000000000000e+00 0.000000000000000000e+00
1.923999999999999929e-03 1.521127530000000071e-27 0.000000000000000000e+00 0.000000000000000000e+00
1.924499999999999995e-03 1.466899920000000036e-27 0.000000000000000000e+00 0.000000000000000000e+00
1.925000000000000062e-03 1.407703989999999985e-27 0.000000000000000000e+00 0.000000000000000000e+00
1.925499999999999911e-03 1.344094040000000030e-27 0.000000000000000000e+00 0.000000000000000000e+00
1.925999999999999978e-03 1.276619989999999994e-27 0.000000000000000000e+00 0.000000000000000000e+00
1.926500000000000044e-03 1.205824699999999951e-27 0.000000000000000000e+00 0.000000000000000000e+00
1.926999999999999894e-03 1.132241530000000067e-27 0.000000000000000000e+00 0.000000000000000000e+00
1.927499999999999960e-03 1.056392010000000088e-27 0.000000000000000000e+00 0.000000000000000000e+00
1.928000000000000026e-03 9.787837010000000412e-28 0.000000000000000000e+00 0.000000000000000000e+00
1.928500000000000093e-03 8.999082360000000510e-28 0.000000000000000000e+00 0.000000000000000000e+00
1.928999999999999942e-03 8.202395579999999742e-28 0.000000000000000000e+00 0.000000000000000000e+00
1.929500000000000009e-03 7.402323159999999567e-28 0.000000000000000000e+00 0.000000000000000000e+00
1.930000000000000075e-03 6.603204449999999812e-28 0.000000000000000000e+00 0.000000000000000000e+00
1.930499999999999924e-03 5.809159330000000372e-28 0.000000000000000000e+00 0.000000000000000000e+00
1.930999999999999991e-03 5.024077530000000325e-28 0.000000000000000000e+00 0.000000000000000000e+00
1.931500000000000057e-03 4.251609749999999864e-28 0.000000000000000000e+00 0.000000000000000000e+00
1.931999999999999907e-03 3.495160430000000083e-28 0.000000000000000000e+00 0.000000000000000000e+00
1.932499999999999973e-03 2.757882180000000101e-28 0.000000000000000000e+00 0.000000000000000000e+00
1.933000000000000039e-03 2.042671800000000210e-28 0.000000000000000000e+00 0.000000000000000000e+00
1.933500000000000106e-03 1.352167770000000001e-28 0.000000000000000000e+00 0.000000000000000000e+00
1.933999999999999955e-03 6.887493440000000470e-29 0.000000000000000000e+00 0.000000000000000000e+00
1.934500000000000022e-03 5.453688199999999669e-30 0.000000000000000000e+00 0.000000000000000000e+00
1.935000000000000088e-03 -5.486063609999999906e-29 0.000000000000000000e+00 0.000000000000000000e+00
1.935499999999999938e-03 -1.119071260000000018e-28 0.000000000000000000e+00 0.000000000000000000e+00
1.936000000000000004e-03 -1.655498630000000017e-28 0.000000000000000000e+00 0.000000000000000000e+00
1.936500000000000070e-03 -2.156773989999999811e-28 0.000000000000000000e+00 0.000000000000000000e+00
1.936999999999999920e-03 -2.622021239999999970e-28 0.000000000000000000e+00 0.000000000000000000e+00
1.937499999999999986e-03 -3.050595460000000106e-28 0.000000000000000000e+00 0.000000000000000000e+00
1.938000000000000052e-03 -3.442074870000000052e-28 0.000000000000000000e+00 0.000000000000000000e+00
1.938499999999999902e-03 -3.796251929999999943e-28 0.000000000000000000e+00 0.000000000000000000e+00
1.938999999999999968e-03 -4.113123909999999869e-28 0.000000000000000000e+00 0.000000000000000000e+00
1.939500000000000035e-03 -4.392882739999999652e-28 0.000000000000000000e+00 0.000000000000000000e+00
1.940000000000000101e-03 -4.635904359999999937e-28 0.000000000000000000e+00 0.000000000000000000e+00
1.940499999999999951e-03 -4.842737709999999763e-28 0.000000000000000000e+00 0.000000000000000000e+00
1.941000000000000017e-03 -5.014093320000000390e-28 0.000000000000000000e+00 0.000000000000000000e+00
1.941500000000000083e-03 -5.150831549999999672e-28 0.000000000000000000e+00 0.000000000000000000e+00
1.941999999999999933e-03 -5.253950760000000075e-28 0.000000000000000000e+00 0.000000000000000000e+00
1.942499999999999999e-03 -5.324575259999999806e-28 0.000000000000000000e+00 0.000000000000000000e+00
1.943000000000000066e-03 -5.363943219999999553e-28 0.000000000000000000e+00 0.000000000000000000e+00
1.943499999999999915e-03 -5.373394600000000075e-28 0.000000000000000000e+00 0.000000000000000000e+00
1.943999999999999981e-03 -5.354359079999999790e-28 0.000000000000000000e+00 0.000000000000000000e+00
1.944500000000000048e-03 -5.308344249999999919e-28 0.000000000000000000e+00 0.000000000000000000e+00
1.944999999999999897e-03 -5.236923819999999582e-28 0.000000000000000000e+00 0.000000000000000000e+00
1.945499999999999964e-03 -5.141726199999999708e-28 0.000000000000000000e+00 0.000000000000000000e+00
1.946000000000000030e-03 -5.024423270000000326e-28 0.000000000000000000e+00 0.000000000000000000e+00
1.946500000000000096e-03 -4.886719529999999847e-28 0.000000000000000000e+00 0.000000000000000000e+00
1.946999999999999946e-03 -4.730341599999999752e-28 0.000000000000000000e+00 0.000000000000000000e+00
1.947500000000000012e-03 -4.557028099999999625e-28 0.000000000000000000e+00 0.000000000000000000e+00
1.948000000000000079e-03 -4.368520019999999920e-28 0.000000000000000000e+00 0.000000000000000000e+00
1.948499999999999928e-03 -4.166551519999999569e-28 0.000000000000000000e+00 0.000000000000000000e+00
1.948999999999999995e-03 -3.952841219999999974e-28 0.000000000000000000e+00 0.000000000000000000e+00
1.949500000000000061e-03 -3.729083980000000166e-28 0.000000000000000000e+00 0.000000000000000000e+00
1.949999999999999910e-03 -3.496943280000000069e-28 0.000000000000000000e+00 0.000000000000000000e+00
1.950499999999999977e-03 -3.258044079999999936e-28 0.000000000000000000e+00 0.000000000000000000e+00
1.951000000000000043e-03 -3.013966240000000190e-28 0.000000000000000000e+00 0.000000000000000000e+00
1.951499999999999893e-03 -2.766238530000000040e-28 0.000000000000000000e+00 0.000000000000000000e+00
1.951999999999999959e-03 -2.516333159999999987e-28 0.000000000000000000e+00 0.000000000000000000e+00
1.952500000000000025e-03 -2.265660919999999808e-28 0.000000000000000000e+00 0.000000000000000000e+00
1.953000000000000092e-03 -2.015566860000000013e-28 0.000000000000000000e+00 0.000000000000000000e+00
1.953499999999999941e-03 -1.767326519999999986e-28 0.000000000000000000e+00 0.000000000000000000e+00
1.954000000000000008e-03 -1.522142700000000056e-28 0.000000000000000000e+00 0.000000000000000000e+00
1.954500000000000074e-03 -1.281142819999999893e-28 0.000000000000000000e+00 0.000000000000000000e+00
1.955000000000000140e-03 -1.045376730000000062e-28 0.000000000000000000e+00 0.000000000000000000e+00
1.955500000000000207e-03 -8.158150889999999781e-29 0.000000000000000000e+00 0.000000000000000000e+00
1.955999999999999839e-03 -5.933482239999999932e-29 0.000000000000000000e+00 0.000000000000000000e+00
1.956499999999999906e-03 -3.787854470000000188e-29 0.000000000000000000e+00 0.000000000000000000e+00
1.956999999999999972e-03 -1.728548410000000035e-29 0.000000000000000000e+00 0.000000000000000000e+00
1.957500000000000039e-03 2.379651419999999949e-30 0.000000000000000000e+00 0.000000000000000000e+00
1.958000000000000105e-03 2.106019159999999891e-29 0.000000000000000000e+00 0.000000000000000000e+00
1.958500000000000171e-03 3.870740209999999847e-29 0.000000000000000000e+00 0.000000000000000000e+00
1.958999999999999804e-03 5.528034599999999826e-29 0.000000000000000000e+00 0.000000000000000000e+00
1.959499999999999870e-03 7.074571209999999741e-29 0.000000000000000000e+00 0.000000000000000000e+00
1.959999999999999937e-03 8.507761140000000194e-29 0.000000000000000000e+00 0.000000000000000000e+00
1.960500000000000003e-03 9.825734530000000042e-29 0.000000000000000000e+00 0.000000000000000000e+00
1.961000000000000069e-03 1.102731480000000095e-28 0.000000000000000000e+00 0.000000000000000000e+00
1.961500000000000136e-03 1.211199030000000082e-28 0.000000000000000000e+00 0.000000000000000000e+00
1.962000000000000202e-03 1.307988449999999909e-28 0.000000000000000000e+00 0.000000000000000000e+00
1.962499999999999835e-03 1.393172370000000056e-28 0.000000000000000000e+00 0.000000000000000000e+00
1.962999999999999901e-03 1.466880329999999956e-28 0.000000000000000000e+00 0.000000000000000000e+00
1.963499999999999968e-03 1.529295309999999961e-28 0.000000000000000000e+00 0.000000000000000000e+00
1.964000000000000034e-03 1.580650150000000034e-28 0.000000000000000000e+00 0.000000000000000000e+00
1.964500000000000100e-03 1.621223829999999900e-28 0.000000000000000000e+00 0.000000000000000000e+00
1.965000000000000167e-03 1.651337780000000068e-28 0.000000000000000000e+00 0.000000000000000000e+00
1.965499999999999799e-03 1.671352059999999957e-28 0.000000000000000000e+00 0.000000000000000000e+00
1.965999999999999866e-03 1.681661609999999895e-28 0.000000000000000000e+00 0.000000000000000000e+00
1.966499999999999932e-03 1.682692429999999925e-28 0.000000000000000000e+00 0.000000000000000000e+00
1.966999999999999998e-03 1.674897870000000097e-28 0.000000000000000000e+00 0.000000000000000000e+00
1.967500000000000065e-03 1.658754870000000091e-28 0.000000000000000000e+00 0.000000000000000000e+00
1.968000000000000131e-03 1.634760340000000045e-28 0.000000000000000000e+00 0.000000000000000000e+00
1.968500000000000198e-03 1.603427540000000059e-28 0.000000000000000000e+00 0.000000000000000000e+00
1.968999999999999830e-03 1.565282650000000005e-28 0.000000000000000000e+00 0.000000000000000000e+00
1.969499999999999897e-03 1.520861349999999932e-28 0.000000000000000000e+00 0.000000000000000000e+00
1.969999999999999963e-03 1.470705550000000031e-28 0.000000000000000000e+00 0.000000000000000000e+00
1.970500000000000029e-03 1.415360289999999985e-28 0.000000000000000000e+00 0.000000000000000000e+00
1.971000000000000096e-03 1.355370729999999972e-28 0.000000000000000000e+00 0.000000000000000000e+00
1.971500000000000162e-03 1.291279270000000084e-28 0.000000000000000000e+00 0.000000000000000000e+00
1.971999999999999795e-03 1.223622919999999964e-28 0.000000000000000000e+00 0.000000000000000000e+00
1.972499999999999861e-03 1.152930699999999986e-28 0.000000000000000000e+00 0.000000000000000000e+00
1.972999999999999927e-03 1.079721319999999934e-28 0.000000000000000000e+00 0.000000000000000000e+00
1.973499999999999994e-03 1.004500969999999954e-28 0.000000000000000000e+00 0.000000000000000000e+00
1.974000000000000060e-03 9.277613199999999782e-29 0.000000000000000000e+00 0.000000000000000000e+00
1.974500000000000127e-03 8.499776249999999979e-29 0.000000000000000000e+00 0.000000000000000000e+00
1.975000000000000193e-03 7.716071080000000013e-29 0.000000000000000000e+00 0.000000000000000000e+00
1.975499999999999826e-03 6.930874430000000246e-29 0.000000000000000000e+00 0.000000000000000000e+00
1.975999999999999892e-03 6.148354460000000348e-29 0.000000000000000000e+00 0.000000000000000000e+00
1.976499999999999958e-03 5.372459310000000241e-29 0.000000000000000000e+00 0.000000000000000000e+00
1.977000000000000025e-03 4.606907369999999847e-29 0.000000000000000000e+00 0.000000000000000000e+00
1.977500000000000091e-03 3.855179290000000145e-29 0.000000000000000000e+00 0.000000000000000000e+00
1.978000000000000157e-03 3.120511559999999797e-29 0.000000000000000000e+00 0.000000000000000000e+00
1.978499999999999790e-03 2.405891689999999936e-29 0.000000000000000000e+00 0.000000000000000000e+00
1.978999999999999856e-03 1.714054980000000133e-29 0.000000000000000000e+00 0.000000000000000000e+00
1.979499999999999923e-03 1.047482680000000064e-29 0.000000000000000000e+00 0.000000000000000000e+00
1.979999999999999989e-03 4.084016510000000189e-30 0.000000000000000000e+00 0.000000000000000000e+00
1.980500000000000056e-03 -2.012147080000000019e-30 0.000000000000000000e+00 0.000000000000000000e+00
1.981000000000000122e-03 -7.796441870000000550e-30 0.000000000000000000e+00 0.000000000000000000e+00
1.981500000000000188e-03 -1.325412339999999987e-29 0.000000000000000000e+00 0.000000000000000000e+00
1.981999999999999821e-03 -1.837287949999999872e-29 0.000000000000000000e+00 0.000000000000000000e+00
1.982499999999999887e-03 -2.314277359999999937e-29 0.000000000000000000e+00 0.000000000000000000e+00
1.982999999999999954e-03 -2.755617979999999789e-29 0.000000000000000000e+00 0.000000000000000000e+00
1.983500000000000020e-03 -3.160770810000000067e-29 0.000000000000000000e+00 0.000000000000000000e+00
1.984000000000000086e-03 -3.529412199999999848e-29 0.000000000000000000e+00 0.000000000000000000e+00
1.984500000000000153e-03 -3.861424860000000172e-29 0.000000000000000000e+00 0.000000000000000000e+00
1.984999999999999785e-03 -4.156888350000000137e-29 0.000000000000000000e+00 0.000000000000000000e+00
1.985499999999999852e-03 -4.416068830000000150e-29 0.000000000000000000e+00 0.000000000000000000e+00
1.985999999999999918e-03 -4.639408550000000204e-29 0.000000000000000000e+00 0.000000000000000000e+00
1.986499999999999985e-03 -4.827514740000000132e-29 0.000000000000000000e+00 0.000000000000000000e+00
1.987000000000000051e-03 -4.981148369999999894e-29 0.000000000000000000e+00 0.000000000000000000e+00
1.987500000000000117e-03 -5.101212549999999716e-29 0.000000000000000000e+00 0.000000000000000000e+00
1.988000000000000184e-03 -5.188740759999999489e-29 0.000000000000000000e+00 0.000000000000000000e+00
1.988499999999999816e-03 -5.244885069999999944e-29 0.000000000000000000e+00 0.000000000000000000e+00
1.988999999999999883e-03 -5.270904259999999675e-29 0.000000000000000000e+00 0.000000000000000000e+00
1.989499999999999949e-03 -5.268151919999999620e-29 0.000000000000000000e+00 0.000000000000000000e+00
1.990000000000000015e-03 -5.238064810000000189e-29 0.000000000000000000e+00 0.000000000000000000e+00
1.990500000000000082e-03 -5.182151150000000133e-29 0.000000000000000000e+00 0.000000000000000000e+00
1.991000000000000148e-03 -5.101979299999999790e-29 0.000000000000000000e+00 0.000000000000000000e+00
1.991500000000000214e-03 -4.999166580000000277e-29 0.000000000000000000e+00 0.000000000000000000e+00
1.991999999999999847e-03 -4.875368390000000022e-29 0.000000000000000000e+00 0.000000000000000000e+00
1.992499999999999914e-03 -4.732267749999999875e-29 0.000000000000000000e+00 0.000000000000000000e+00
1.992999999999999980e-03 -4.571565110000000223e-29 0.000000000000000000e+00 0.000000000000000000e+00
1.993500000000000046e-03 -4.394968639999999987e-29 0.000000000000000000e+00 0.000000000000000000e+00
1.994000000000000113e-03 -4.204184970000000027e-29 0.000000000000000000e+00 0.000000000000000000e+00
1.994500000000000179e-03 -4.000910299999999888e-29 0.000000000000000000e+00 0.000000000000000000e+00
1.994999999999999812e-03 -3.786822130000000238e-29 0.000000000000000000e+00 0.000000000000000000e+00
1.995499999999999878e-03 -3.563571419999999793e-29 0.000000000000000000e+00 0.000000000000000000e+00
1.995999999999999944e-03 -3.332775269999999949e-29 0.000000000000000000e+00 0.000000000000000000e+00
1.996500000000000011e-03 -3.096010210000000056e-29 0.000000000000000000e+00 0.000000000000000000e+00
1.997000000000000077e-03 -2.854805929999999990e-29 0.000000000000000000e+00 0.000000000000000000e+00
1.997500000000000143e-03 -2.610639659999999731e-29 0.000000000000000000e+00 0.000000000000000000e+00
1.998000000000000210e-03 -2.364931039999999919e-29 0.000000000000000000e+00 0.000000000000000000e+00
1.998499999999999843e-03 -2.119037560000000123e-29 0.000000000000000000e+00 0.000000000000000000e+00
1.998999999999999909e-03 -1.874250589999999997e-29 0.000000000000000000e+00 0.000000000000000000e+00
1.999499999999999975e-03 -1.631791860000000065e-29 0.000000000000000000e+00 0.000000000000000000e+00
2.000000000000000042e-03 -1.392810579999999894e-29 0.000000000000000000e+00 0.000000000000000000e+00
2.000500000000000108e-03 -1.158381000000000061e-29 0.000000000000000000e+00 0.000000000000000000e+00
2.001000000000000174e-03 -9.295005360000000001e-30 0.000000000000000000e+00 0.000000000000000000e+00
2.001499999999999807e-03 -7.070883600000000459e-30 0.000000000000000000e+00 0.000000000000000000e+00
2.001999999999999873e-03 -4.919844660000000231e-30 0.000000000000000000e+00 0.000000000000000000e+00
2.002499999999999940e-03 -2.849492189999999897e-30 0.000000000000000000e+00 0.000000000000000000e+00
2.003000000000000006e-03 -8.666331440000000846e-31 0.000000000000000000e+00 0.000000000000000000e+00
2.003500000000000072e-03 1.022718240000000086e-30 0.000000000000000000e+00 0.000000000000000000e+00
2.004000000000000139e-03 2.813332659999999853e-30 0.000000000000000000e+00 0.000000000000000000e+00
2.004500000000000205e-03 4.500754189999999739e-30 0.000000000000000000e+00 0.000000000000000000e+00
2.004999999999999838e-03 6.081285320000000069e-30 0.000000000000000000e+00 0.000000000000000000e+00
2.005499999999999904e-03 7.551968680000000371e-30 0.000000000000000000e+00 0.000000000000000000e+00
2.005999999999999971e-03 8.910565919999999512e-30 0.000000000000000000e+00 0.000000000000000000e+00
2.006500000000000037e-03 1.015553380000000068e-29 0.000000000000000000e+00 0.000000000000000000e+00
2.007000000000000103e-03 1.128599800000000014e-29 0.000000000000000000e+00 0.000000000000000000e+00
2.007500000000000170e-03 1.230172439999999951e-29 0.000000000000000000e+00 0.000000000000000000e+00
2.007999999999999802e-03 1.320308870000000047e-29 0.000000000000000000e+00 0.000000000000000000e+00
2.008499999999999869e-03 1.399104460000000043e-29 0.000000000000000000e+00 0.000000000000000000e+00
2.008999999999999935e-03 1.466708969999999909e-29 0.000000000000000000e+00 0.000000000000000000e+00
2.009500000000000001e-03 1.523323140000000068e-29 0.000000000000000000e+00 0.000000000000000000e+00
2.010000000000000068e-03 1.569195079999999907e-29 0.000000000000000000e+00 0.000000000000000000e+00
2.010500000000000134e-03 1.604616659999999925e-29 0.000000000000000000e+00 0.000000000000000000e+00
2.011000000000000201e-03 1.629919809999999919e-29 0.000000000000000000e+00 0.000000000000000000e+00
2.011499999999999833e-03 1.645472799999999872e-29 0.000000000000000000e+00 0.000000000000000000e+00
2.011999999999999900e-03 1.651676559999999924e-29 0.000000000000000000e+00 0.000000000000000000e+00
2.012499999999999966e-03 1.648960930000000125e-29 0.000000000000000000e+00 0.000000000000000000e+00
2.013000000000000032e-03 1.637781029999999957e-29 0.000000000000000000e+00 0.000000000000000000e+00
2.013500000000000099e-03 1.618613600000000095e-29 0.000000000000000000e+00 0.000000000000000000e+00
2.014000000000000165e-03 1.591953460000000003e-29 0.000000000000000000e+00 0.000000000000000000e+00
2.014499999999999798e-03 1.558310069999999978e-29 0.000000000000000000e+00 0.000000000000000000e+00
2.014999999999999864e-03 1.518204069999999997e-29 0.000000000000000000e+00 0.000000000000000000e+00
2.015499999999999931e-03 1.472164100000000005e-29 0.000000000000000000e+00 0.000000000000000000e+00
2.015999999999999997e-03 1.420723589999999904e-29 0.000000000000000000e+00 0.000000000000000000e+00
2.016500000000000063e-03 1.364417770000000107e-29 0.000000000000000000e+00 0.000000000000000000e+00
2.017000000000000130e-03 1.303780769999999890e-29 0.000000000000000000e+00 0.000000000000000000e+00
2.017500000000000196e-03 1.239342900000000024e-29 0.000000000000000000e+00 0.000000000000000000e+00
2.017999999999999829e-03 1.171628080000000014e-29 0.000000000000000000e+00 0.000000000000000000e+00
2.018499999999999895e-03 1.101151409999999973e-29 0.000000000000000000e+00 0.000000000000000000e+00
2.018999999999999961e-03 1.028416929999999962e-29 0.000000000000000000e+00 0.000000000000000000e+00
2.019500000000000028e-03 9.539155380000000030e-30 0.000000000000000000e+00 0.000000000000000000e+00
2.020000000000000094e-03 8.781230689999999963e-30 0.000000000000000000e+00 0.000000000000000000e+00
2.020500000000000160e-03 8.014985730000000327e-30 0.000000000000000000e+00 0.000000000000000000e+00
2.020999999999999793e-03 7.244827419999999899e-30 0.000000000000000000e+00 0.000000000000000000e+00
2.021499999999999860e-03 6.474965220000000058e-30 0.000000000000000000e+00 0.000000000000000000e+00
2.021999999999999926e-03 5.709398960000000049e-30 0.000000000000000000e+00 0.000000000000000000e+00
2.022499999999999992e-03 4.951908309999999915e-30 0.000000000000000000e+00 0.000000000000000000e+00
2.023000000000000059e-03 4.206043979999999672e-30 0.000000000000000000e+00 0.000000000000000000e+00
2.023500000000000125e-03 3.475120520000000344e-30 0.000000000000000000e+00 0.000000000000000000e+00
2.024000000000000191e-03 2.762210710000000165e-30 0.000000000000000000e+00 0.000000000000000000e+00
2.024499999999999824e-03 2.070141480000000005e-30 0.000000000000000000e+00 0.000000000000000000e+00
2.024999999999999890e-03 1.401491340000000042e-30 0.000000000000000000e+00 0.000000000000000000e+00
2.025499999999999957e-03 7.585892109999999571e-31 0.000000000000000000e+00 0.000000000000000000e+00
2.026000000000000023e-03 1.435145990000000037e-31 0.000000000000000000e+00 0.000000000000000000e+00
2.026500000000000089e-03 -4.419008890000000091e-31 0.000000000000000000e+00 0.000000000000000000e+00
2.027000000000000156e-03 -9.960708550000000194e-31 0.000000000000000000e+00 0.000000000000000000e+00
2.027499999999999789e-03 -1.517650259999999918e-30 0.000000000000000000e+00 0.000000000000000000e+00
2.027999999999999855e-03 -2.005530499999999949e-30 0.000000000000000000e+00 0.000000000000000000e+00
2.028499999999999921e-03 -2.458833509999999837e-30 0.000000000000000000e+00 0.000000000000000000e+00
2.028999999999999988e-03 -2.876904929999999984e-30 0.000000000000000000e+00 0.000000000000000000e+00
2.029500000000000054e-03 -3.259306460000000055e-30 0.000000000000000000e+00 0.000000000000000000e+00
2.030000000000000120e-03 -3.605807490000000346e-30 0.000000000000000000e+00 0.000000000000000000e+00
2.030500000000000187e-03 -3.916375989999999714e-30 0.000000000000000000e+00 0.000000000000000000e+00
2.030999999999999819e-03 -4.191168900000000071e-30 0.000000000000000000e+00 0.000000000000000000e+00
2.031499999999999886e-03 -4.430521949999999896e-30 0.000000000000000000e+00 0.000000000000000000e+00
2.031999999999999952e-03 -4.634939069999999667e-30 0.000000000000000000e+00 0.000000000000000000e+00
2.032500000000000018e-03 -4.805081459999999961e-30 0.000000000000000000e+00 0.000000000000000000e+00
2.033000000000000085e-03 -4.941756340000000001e-30 0.000000000000000000e+00 0.000000000000000000e+00
2.033500000000000151e-03 -5.045905569999999765e-30 0.000000000000000000e+00 0.000000000000000000e+00
2.033999999999999784e-03 -5.118594010000000043e-30 0.000000000000000000e+00 0.000000000000000000e+00
2.034499999999999850e-03 -5.160997980000000224e-30 0.000000000000000000e+00 0.000000000000000000e+00
2.034999999999999917e-03 -5.174393529999999999e-30 0.000000000000000000e+00 0.000000000000000000e+00
2.035499999999999983e-03 -5.160144889999999893e-30 0.000000000000000000e+00 0.000000000000000000e+00
2.036000000000000049e-03 -5.119693020000000199e-30 0.000000000000000000e+00 0.000000000000000000e+00
2.036500000000000116e-03 -5.054544259999999731e-30 0.000000000000000000e+00 0.000000000000000000e+00
2.037000000000000182e-03 -4.966259280000000301e-30 0.000000000000000000e+00 0.000000000000000000e+00
2.037499999999999815e-03 -4.856442220000000272e-30 0.000000000000000000e+00 0.000000000000000000e+00
2.037999999999999881e-03 -4.726730209999999848e-30 0.000000000000000000e+00 0.000000000000000000e+00
2.038499999999999947e-03 -4.578783180000000148e-30 0.000000000000000000e+00 0.000000000000000000e+00
2.039000000000000014e-03 -4.414274100000000267e-30 0.000000000000000000e+00 0.000000000000000000e+00
2.039500000000000080e-03 -4.234879560000000287e-30 0.000000000000000000e+00 0.000000000000000000e+00
2.040000000000000147e-03 -4.042270930000000235e-30 0.000000000000000000e+00 0.000000000000000000e+00
2.040500000000000213e-03 -3.838105829999999933e-30 0.000000000000000000e+00 0.000000000000000000e+00
2.040999999999999846e-03 -3.624020199999999811e-30 0.000000000000000000e+00 0.000000000000000000e+00
2.041499999999999912e-03 -3.401620829999999862e-30 0.000000000000000000e+00 0.000000000000000000e+00
2.041999999999999978e-03 -3.172478429999999961e-30 0.000000000000000000e+00 0.000000000000000000e+00
2.042500000000000045e-03 -2.938121230000000088e-30 0.000000000000000000e+00 0.000000000000000000e+00
2.043000000000000111e-03 -2.700029090000000003e-30 0.000000000000000000e+00 0.000000000000000000e+00
2.043500000000000177e-03 -2.459628190000000137e-30 0.000000000000000000e+00 0.000000000000000000e+00
2.043999999999999810e-03 -2.218286239999999881e-30 0.000000000000000000e+00 0.000000000000000000e+00
2.044499999999999876e-03 -1.977308240000000091e-30 0.000000000000000000e+00 0.000000000000000000e+00
2.044999999999999943e-03 -1.737932789999999996e-30 0.000000000000000000e+00 0.000000000000000000e+00
2.045500000000000009e-03 -1.501328880000000058e-30 0.000000000000000000e+00 0.000000000000000000e+00
2.046000000000000076e-03 -1.268593269999999969e-30 0.000000000000000000e+00 0.000000000000000000e+00
2.046500000000000142e-03 -1.040748339999999927e-30 0.000000000000000000e+00 0.000000000000000000e+00
2.047000000000000208e-03 -8.187403910000000413e-31 0.000000000000000000e+00 0.000000000000000000e+00
2.047499999999999841e-03 -6.034385319999999732e-31 0.000000000000000000e+00 0.000000000000000000e+00
2.047999999999999907e-03 -3.956339260000000201e-31 0.000000000000000000e+00 0.000000000000000000e+00
2.048499999999999974e-03 -1.960395319999999992e-31 0.000000000000000000e+00 0.000000000000000000e+00
2.049000000000000040e-03 -5.290247589999999866e-33 0.000000000000000000e+00 0.000000000000000000e+00
2.049500000000000106e-03 1.760565380000000053e-31 0.000000000000000000e+00 0.000000000000000000e+00
2.050000000000000173e-03 3.475200210000000177e-31 0.000000000000000000e+00 0.000000000000000000e+00
2.050499999999999805e-03 5.086947060000000132e-31 0.000000000000000000e+00 0.000000000000000000e+00
2.050999999999999872e-03 6.592487910000000385e-31 0.000000000000000000e+00 0.000000000000000000e+00
2.051499999999999938e-03 7.989222629999999567e-31 0.000000000000000000e+00 0.000000000000000000e+00
2.052000000000000005e-03 9.275246969999999658e-31 0.000000000000000000e+00 0.000000000000000000e+00
2.052500000000000071e-03 1.044932810000000061e-30 0.000000000000000000e+00 0.000000000000000000e+00
2.053000000000000137e-03 1.151087800000000066e-30 0.000000000000000000e+00 0.000000000000000000e+00
2.053500000000000204e-03 1.245992440000000067e-30 0.000000000000000000e+00 0.000000000000000000e+00
2.053999999999999836e-03 1.329708019999999926e-30 0.000000000000000000e+00 0.000000000000000000e+00
2.054499999999999903e-03 1.402351169999999961e-30 0.000000000000000000e+00 0.000000000000000000e+00
2.054999999999999969e-03 1.464090479999999964e-30 0.000000000000000000e+00 0.000000000000000000e+00
2.055500000000000035e-03 1.515143060000000011e-30 0.000000000000000000e+00 0.000000000000000000e+00
2.056000000000000102e-03 1.555771009999999939e-30 0.000000000000000000e+00 0.000000000000000000e+00
2.056500000000000168e-03 1.586277849999999844e-30 0.000000000000000000e+00 0.000000000000000000e+00
2.056999999999999801e-03 1.607004849999999893e-30 0.000000000000000000e+00 0.000000000000000000e+00
2.057499999999999867e-03 1.618327420000000089e-30 0.000000000000000000e+00 0.000000000000000000e+00
2.057999999999999934e-03 1.620651450000000137e-30 0.000000000000000000e+00 0.000000000000000000e+00
2.058500000000000000e-03 1.614409669999999931e-30 0.000000000000000000e+00 0.000000000000000000e+00
2.059000000000000066e-03 1.600058110000000033e-30 0.000000000000000000e+00 0.000000000000000000e+00
2.059500000000000133e-03 1.578072519999999840e-30 0.000000000000000000e+00 0.000000000000000000e+00
2.060000000000000199e-03 1.548944959999999951e-30 0.000000000000000000e+00 0.000000000000000000e+00
2.060499999999999832e-03 1.513180379999999929e-30 0.000000000000000000e+00 0.000000000000000000e+00
2.060999999999999898e-03 1.471293400000000060e-30 0.000000000000000000e+00 0.000000000000000000e+00
2.061499999999999964e-03 1.423805110000000066e-30 0.000000000000000000e+00 0.000000000000000000e+00
2.062000000000000031e-03 1.371240049999999956e-30 0.000000000000000000e+00 0.000000000000000000e+00
2.062500000000000097e-03 1.314123300000000050e-30 0.000000000000000000e+00 0.000000000000000000e+00
2.063000000000000164e-03 1.252977720000000005e-30 0.000000000000000000e+00 0.000000000000000000e+00
2.063499999999999796e-03 1.188321329999999969e-30 0.000000000000000000e+00 0.000000000000000000e+00
2.063999999999999863e-03 1.120664849999999913e-30 0.000000000000000000e+00 0.000000000000000000e+00
2.064499999999999929e-03 1.050509380000000044e-30 0.000000000000000000e+00 0.000000000000000000e+00
2.064999999999999995e-03 9.783442969999999317e-31 0.000000000000000000e+00 0.000000000000000000e+00
2.065500000000000062e-03 9.046452539999999832e-31 0.000000000000000000e+00 0.000000000000000000e+00
2.066000000000000128e-03 8.298723910000000445e-31 0.000000000000000000e+00 0.000000000000000000e+00
2.066500000000000194e-03 7.544686970000000311e-31 0.000000000000000000e+00 0.000000000000000000e+00
2.066999999999999827e-03 6.788585539999999846e-31 0.000000000000000000e+00 0.000000000000000000e+00
2.067499999999999893e-03 6.034464369999999973e-31 0.000000000000000000e+00 0.000000000000000000e+00
2.067999999999999960e-03 5.286157940000000063e-31 0.000000000000000000e+00 0.000000000000000000e+00
2.068500000000000026e-03 4.547280839999999740e-31 0.000000000000000000e+00 0.000000000000000000e+00
2.069000000000000093e-03 3.821219799999999930e-31 0.000000000000000000e+00 0.000000000000000000e+00
2.069500000000000159e-03 3.111127279999999962e-31 0.000000000000000000e+00 0.000000000000000000e+00
2.069999999999999792e-03 2.419916639999999865e-31 0.000000000000000000e+00 0.000000000000000000e+00
2.070499999999999858e-03 1.750258740000000065e-31 0.000000000000000000e+00 0.000000000000000000e+00
2.070999999999999924e-03 1.104580009999999891e-31 0.000000000000000000e+00 0.000000000000000000e+00
2.071499999999999991e-03 4.850618910000000258e-32 0.000000000000000000e+00 0.000000000000000000e+00
2.072000000000000057e-03 -1.063584299999999967e-32 0.000000000000000000e+00 0.000000000000000000e+00
2.072500000000000123e-03 -6.679860590000000005e-32 0.000000000000000000e+00 0.000000000000000000e+00
2.073000000000000190e-03 -1.198365239999999921e-31 0.000000000000000000e+00 0.000000000000000000e+00
2.073499999999999822e-03 -1.696275149999999954e-31 0.000000000000000000e+00 0.000000000000000000e+00
2.073999999999999889e-03 -2.160724600000000030e-31 0.000000000000000000e+00 0.000000000000000000e+00
2.074499999999999955e-03 -2.590945900000000151e-31 0.000000000000000000e+00 0.000000000000000000e+00
2.075000000000000022e-03 -2.986387809999999910e-31 0.000000000000000000e+00 0.000000000000000000e+00
2.075500000000000088e-03 -3.346707659999999869e-31 0.000000000000000000e+00 0.000000000000000000e+00
2.076000000000000154e-03 -3.671762910000000156e-31 0.000000000000000000e+00 0.000000000000000000e+00
2.076499999999999787e-03 -3.961601920000000413e-31 0.000000000000000000e+00 0.000000000000000000e+00
2.076999999999999853e-03 -4.216454320000000329e-31 0.000000000000000000e+00 0.000000000000000000e+00
2.077499999999999920e-03 -4.436720810000000059e-31 0.000000000000000000e+00 0.000000000000000000e+00
2.077999999999999986e-03 -4.622962619999999698e-31 0.000000000000000000e+00 0.000000000000000000e+00
2.078500000000000052e-03 -4.775890690000000208e-31 0.000000000000000000e+00 0.000000000000000000e+00
2.079000000000000119e-03 -4.896354490000000411e-31 0.000000000000000000e+00 0.000000000000000000e+00
2.079500000000000185e-03 -4.985330809999999779e-31 0.000000000000000000e+00 0.000000000000000000e+00
2.079999999999999818e-03 -5.043912330000000274e-31 0.000000000000000000e+00 0.000000000000000000e+00
2.080499999999999884e-03 -5.073296199999999838e-31 0.000000000000000000e+00 0.000000000000000000e+00
2.080999999999999951e-03 -5.074772639999999811e-31 0.000000000000000000e+00 0.000000000000000000e+00
2.081500000000000017e-03 -5.049713630000000215e-31 0.000000000000000000e+00 0.000000000000000000e+00
2.082000000000000083e-03 -4.999561660000000053e-31 0.000000000000000000e+00 0.000000000000000000e+00
2.082500000000000150e-03 -4.925818769999999634e-31 0.000000000000000000e+00 0.000000000000000000e+00
2.083000000000000216e-03 -4.830035769999999602e-31 0.000000000000000000e+00 0.000000000000000000e+00
2.083499999999999849e-03 -4.713801710000000375e-31 0.000000000000000000e+00 0.000000000000000000e+00
2.083999999999999915e-03 -4.578733730000000190e-31 0.000000000000000000e+00 0.000000000000000000e+00
2.084499999999999981e-03 -4.426467260000000196e-31 0.000000000000000000e+00 0.000000000000000000e+00
2.085000000000000048e-03 -4.258646519999999698e-31 0.000000000000000000e+00 0.000000000000000000e+00
2.085500000000000114e-03 -4.076915570000000336e-31 0.000000000000000000e+00 0.000000000000000000e+00
2.086000000000000180e-03 -3.882909730000000157e-31 0.000000000000000000e+00 0.000000000000000000e+00
2.086499999999999813e-03 -3.678247489999999919e-31 0.000000000000000000e+00 0.000000000000000000e+00
2.086999999999999880e-03 -3.464522879999999828e-31 0.000000000000000000e+00 0.000000000000000000e+00
2.087499999999999946e-03 -3.243298389999999965e-31 0.000000000000000000e+00 0.000000000000000000e+00
2.088000000000000012e-03 -3.016098359999999871e-31 0.000000000000000000e+00 0.000000000000000000e+00
2.088500000000000079e-03 -2.784402949999999965e-31 0.000000000000000000e+00 0.000000000000000000e+00
2.089000000000000145e-03 -2.549642569999999961e-31 0.000000000000000000e+00 0.000000000000000000e+00
2.089500000000000211e-03 -2.313192909999999922e-31 0.000000000000000000e+00 0.000000000000000000e+00
2.089999999999999844e-03 -2.076370449999999992e-31 0.000000000000000000e+00 0.000000000000000000e+00
2.090499999999999910e-03 -1.840428540000000031e-31 0.000000000000000000e+00 0.000000000000000000e+00
2.090999999999999977e-03 -1.606553959999999895e-31 0.000000000000000000e+00 0.000000000000000000e+00
2.091500000000000043e-03 -1.375864060000000019e-31 0.000000000000000000e+00 0.000000000000000000e+00
2.092000000000000109e-03 -1.149404329999999988e-31 0.000000000000000000e+00 0.000000000000000000e+00
2.092500000000000176e-03 -9.281465179999999745e-32 0.000000000000000000e+00 0.000000000000000000e+00
2.092999999999999809e-03 -7.129872109999999755e-32 0.000000000000000000e+00 0.000000000000000000e+00
2.093499999999999875e-03 -5.047468670000000204e-32 0.000000000000000000e+00 0.000000000000000000e+00
2.093999999999999941e-03 -3.041693050000000030e-32 0.000000000000000000e+00 0.000000000000000000e+00
2.094500000000000008e-03 -1.119216139999999954e-32 0.000000000000000000e+00 0.000000000000000000e+00
2.095000000000000074e-03 7.140553230000000403e-33 0.000000000000000000e+00 0.000000000000000000e+00
2.095500000000000140e-03 2.452971770000000132e-32 0.000000000000000000e+00 0.000000000000000000e+00
2.096000000000000207e-03 4.093130250000000004e-32 0.000000000000000000e+00 0.000000000000000000e+00
2.096499999999999839e-03 5.630860410000000471e-32 0.000000000000000000e+00 0.000000000000000000e+00
2.096999999999999906e-03 7.063207519999999576e-32 0.000000000000000000e+00 0.000000000000000000e+00
2.097499999999999972e-03 8.387912389999999509e-32 0.000000000000000000e+00 0.000000000000000000e+00
2.098000000000000038e-03 9.603388870000000006e-32 0.000000000000000000e+00 0.000000000000000000e+00
2.098500000000000105e-03 1.070869870000000031e-31 0.000000000000000000e+00 0.000000000000000000e+00
2.099000000000000171e-03 1.170352470000000084e-31 0.000000000000000000e+00 0.000000000000000000e+00
2.099499999999999804e-03 1.258814120000000092e-31 0.000000000000000000e+00 0.000000000000000000e+00
2.099999999999999870e-03 1.336338380000000048e-31 0.000000000000000000e+00 0.000000000000000000e+00
2.100499999999999937e-03 1.403061720000000070e-31 0.000000000000000000e+00 0.000000000000000000e+00
2.101000000000000003e-03 1.459170159999999956e-31 0.000000000000000000e+00 0.000000000000000000e+00
2.101500000000000069e-03 1.504895910000000056e-31 0.000000000000000000e+00 0.000000000000000000e+00
2.102000000000000136e-03 1.540513800000000060e-31 0.000000000000000000e+00 0.000000000000000000e+00
2.102500000000000202e-03 1.566337829999999980e-31 0.000000000000000000e+00 0.000000000000000000e+00
2.102999999999999835e-03 1.582717499999999959e-31 0.000000000000000000e+00 0.000000000000000000e+00
2.103499999999999901e-03 1.590034309999999902e-31 0.000000000000000000e+00 0.000000000000000000e+00
2.103999999999999967e-03 1.588698130000000015e-31 0.000000000000000000e+00 0.000000000000000000e+00
2.104500000000000034e-03 1.579143729999999892e-31 0.000000000000000000e+00 0.000000000000000000e+00
2.105000000000000100e-03 1.561827199999999960e-31 0.000000000000000000e+00 0.000000000000000000e+00
2.105500000000000167e-03 1.537222589999999951e-31 0.000000000000000000e+00 0.000000000000000000e+00
2.105999999999999799e-03 1.505818480000000021e-31 0.000000000000000000e+00 0.000000000000000000e+00
2.106499999999999866e-03 1.468114789999999905e-31 0.000000000000000000e+00 0.000000000000000000e+00
2.106999999999999932e-03 1.424619559999999939e-31 0.000000000000000000e+00 0.000000000000000000e+00
2.107499999999999998e-03 1.375845899999999916e-31 0.000000000000000000e+00 0.000000000000000000e+00
2.108000000000000065e-03 1.322309100000000000e-31 0.000000000000000000e+00 0.000000000000000000e+00
2.108500000000000131e-03 1.264523810000000062e-31 0.000000000000000000e+00 0.000000000000000000e+00
2.109000000000000197e-03 1.203001379999999968e-31 0.000000000000000000e+00 0.000000000000000000e+00
2.109499999999999830e-03 1.138247359999999936e-31 0.000000000000000000e+00 0.000000000000000000e+00
2.109999999999999896e-03 1.070759189999999993e-31 0.000000000000000000e+00 0.000000000000000000e+00
2.110499999999999963e-03 1.001023950000000071e-31 0.000000000000000000e+00 0.000000000000000000e+00
2.111000000000000029e-03 9.295163630000000082e-32 0.000000000000000000e+00 0.000000000000000000e+00
2.111500000000000096e-03 8.566969240000000409e-32 0.000000000000000000e+00 0.000000000000000000e+00
2.112000000000000162e-03 7.830102059999999561e-32 0.000000000000000000e+00 0.000000000000000000e+00
2.112499999999999795e-03 7.088833259999999567e-32 0.000000000000000000e+00 0.000000000000000000e+00
2.112999999999999861e-03 6.347245789999999737e-32 0.000000000000000000e+00 0.000000000000000000e+00
2.113499999999999927e-03 5.609222439999999484e-32 0.000000000000000000e+00 0.000000000000000000e+00
2.113999999999999994e-03 4.878435429999999843e-32 0.000000000000000000e+00 0.000000000000000000e+00
2.114500000000000060e-03 4.158337710000000169e-32 0.000000000000000000e+00 0.000000000000000000e+00
2.115000000000000126e-03 3.452155799999999844e-32 0.000000000000000000e+00 0.000000000000000000e+00
2.115500000000000193e-03 2.762884140000000271e-32 0.000000000000000000e+00 0.000000000000000000e+00
2.115999999999999825e-03 2.093280960000000070e-32 0.000000000000000000e+00 0.000000000000000000e+00
2.116499999999999892e-03 1.445865539999999927e-32 0.000000000000000000e+00 0.000000000000000000e+00
2.116999999999999958e-03 8.229169619999999876e-33 0.000000000000000000e+00 0.000000000000000000e+00
2.117500000000000025e-03 2.264740180000000141e-33 0.000000000000000000e+00 0.000000000000000000e+00
2.118000000000000091e-03 -3.416634889999999736e-33 0.000000000000000000e+00 0.000000000000000000e+00
2.118500000000000157e-03 -8.799323359999999933e-33 0.000000000000000000e+00 0.000000000000000000e+00
2.118999999999999790e-03 -1.387002329999999912e-32 0.000000000000000000e+00 0.000000000000000000e+00
2.119499999999999856e-03 -1.861771729999999926e-32 0.000000000000000000e+00 0.000000000000000000e+00
2.119999999999999923e-03 -2.303361699999999994e-32 0.000000000000000000e+00 0.000000000000000000e+00
2.120499999999999989e-03 -2.711109840000000111e-32 0.000000000000000000e+00 0.000000000000000000e+00
2.121000000000000055e-03 -3.084562990000000051e-32 0.000000000000000000e+00 0.000000000000000000e+00
2.121500000000000122e-03 -3.423469210000000053e-32 0.000000000000000000e+00 0.000000000000000000e+00
2.122000000000000188e-03 -3.727769180000000164e-32 0.000000000000000000e+00 0.000000000000000000e+00
2.122499999999999821e-03 -3.997586950000000043e-32 0.000000000000000000e+00 0.000000000000000000e+00
2.122999999999999887e-03 -4.233220259999999892e-32 0.000000000000000000e+00 0.000000000000000000e+00
2.123499999999999954e-03 -4.435130350000000188e-32 0.000000000000000000e+00 0.000000000000000000e+00
2.124000000000000020e-03 -4.603931560000000200e-32 0.000000000000000000e+00 0.000000000000000000e+00
2.124500000000000086e-03 -4.740380470000000054e-32 0.000000000000000000e+00 0.000000000000000000e+00
2.125000000000000153e-03 -4.845364970000000206e-32 0.000000000000000000e+00 0.000000000000000000e+00
2.125499999999999785e-03 -4.919893120000000253e-32 0.000000000000000000e+00 0.000000000000000000e+00
2.125999999999999852e-03 -4.965081970000000408e-32 0.000000000000000000e+00 0.000000000000000000e+00
2.126499999999999918e-03 -4.982146320000000139e-32 0.000000000000000000e+00 0.000000000000000000e+00
2.126999999999999984e-03 -4.972387599999999749e-32 0.000000000000000000e+00 0.000000000000000000e+00
2.127500000000000051e-03 -4.937182740000000030e-32 0.000000000000000000e+00 0.000000000000000000e+00
2.128000000000000117e-03 -4.877973289999999913e-32 0.000000000000000000e+00 0.000000000000000000e+00
2.128500000000000184e-03 -4.796254730000000208e-32 0.000000000000000000e+00 0.000000000000000000e+00
2.128999999999999816e-03 -4.693565960000000005e-32 0.000000000000000000e+00 0.000000000000000000e+00
2.129499999999999883e-03 -4.571479160000000058e-32 0.000000000000000000e+00 0.000000000000000000e+00
2.129999999999999949e-03 -4.431589930000000103e-32 0.000000000000000000e+00 0.000000000000000000e+00
2.130500000000000015e-03 -4.275507830000000186e-32 0.000000000000000000e+00 0.000000000000000000e+00
2.131000000000000082e-03 -4.104847270000000184e-32 0.000000000000000000e+00 0.000000000000000000e+00
2.131500000000000148e-03 -3.921218889999999929e-32 0.000000000000000000e+00 0.000000000000000000e+00
2.132000000000000214e-03 -3.726221309999999743e-32 0.000000000000000000e+00 0.000000000000000000e+00
2.132499999999999847e-03 -3.521433410000000026e-32 0.000000000000000000e+00 0.000000000000000000e+00
2.132999999999999913e-03 -3.308407059999999746e-32 0.000000000000000000e+00 0.000000000000000000e+00
2.133499999999999980e-03 -3.088660370000000260e-32 0.000000000000000000e+00 0.000000000000000000e+00
2.134000000000000046e-03 -2.863671449999999939e-32 0.000000000000000000e+00 0.000000000000000000e+00
2.134500000000000113e-03 -2.634872670000000106e-32 0.000000000000000000e+00 0.000000000000000000e+00
2.135000000000000179e-03 -2.403645449999999902e-32 0.000000000000000000e+00 0.000000000000000000e+00
2.135499999999999812e-03 -2.171315590000000072e-32 0.000000000000000000e+00 0.000000000000000000e+00
2.135999999999999878e-03 -1.939149069999999948e-32 0.000000000000000000e+00 0.000000000000000000e+00
2.136499999999999944e-03 -1.708348469999999943e-32 0.000000000000000000e+00 0.000000000000000000e+00
2.137000000000000011e-03 -1.480049770000000083e-32 0.000000000000000000e+00 0.000000000000000000e+00
2.137500000000000077e-03 -1.255319739999999901e-32 0.000000000000000000e+00 0.000000000000000000e+00
2.138000000000000143e-03 -1.035153830000000046e-32 0.000000000000000000e+00 0.000000000000000000e+00
2.138500000000000210e-03 -8.204744470000000494e-33 0.000000000000000000e+00 0.000000000000000000e+00
2.138999999999999842e-03 -6.121298090000000184e-33 0.000000000000000000e+00 0.000000000000000000e+00
2.139499999999999909e-03 -4.108931589999999806e-33 0.000000000000000000e+00 0.000000000000000000e+00
2.139999999999999975e-03 -2.174624499999999936e-33 0.000000000000000000e+00 0.000000000000000000e+00
2.140500000000000042e-03 -3.246042759999999988e-34 0.000000000000000000e+00 0.000000000000000000e+00
2.141000000000000108e-03 1.435649040000000043e-33 0.000000000000000000e+00 0.000000000000000000e+00
2.141500000000000174e-03 3.101394380000000335e-33 0.000000000000000000e+00 0.000000000000000000e+00
2.141999999999999807e-03 4.668617900000000283e-33 0.000000000000000000e+00 0.000000000000000000e+00
2.142499999999999873e-03 6.134017919999999678e-33 0.000000000000000000e+00 0.000000000000000000e+00
2.142999999999999940e-03 7.494986940000000116e-33 0.000000000000000000e+00 0.000000000000000000e+00
2.143500000000000006e-03 8.749590940000000031e-33 0.000000000000000000e+00 0.000000000000000000e+00
2.144000000000000072e-03 9.896546140000000563e-33 0.000000000000000000e+00 0.000000000000000000e+00
2.144500000000000139e-03 1.093519359999999954e-32 0.000000000000000000e+00 0.000000000000000000e+00
2.145000000000000205e-03 1.186547159999999974e-32 0.000000000000000000e+00 0.000000000000000000e+00
2.145499999999999838e-03 1.268788680000000112e-32 0.000000000000000000e+00 0.000000000000000000e+00
2.145999999999999904e-03 1.340348300000000093e-32 0.000000000000000000e+00 0.000000000000000000e+00
2.146499999999999971e-03 1.401380949999999866e-32 0.000000000000000000e+00 0.000000000000000000e+00
2.147000000000000037e-03 1.452088820000000022e-32 0.000000000000000000e+00 0.000000000000000000e+00
2.147500000000000103e-03 1.492717900000000131e-32 0.000000000000000000e+00 0.000000000000000000e+00
2.148000000000000170e-03 1.523554599999999957e-32 0.000000000000000000e+00 0.000000000000000000e+00
2.148499999999999802e-03 1.544922220000000129e-32 0.000000000000000000e+00 0.000000000000000000e+00
2.148999999999999869e-03 1.557177479999999909e-32 0.000000000000000000e+00 0.000000000000000000e+00
2.149499999999999935e-03 1.560706949999999977e-32 0.000000000000000000e+00 0.000000000000000000e+00
2.150000000000000001e-03 1.555923599999999959e-32 0.000000000000000000e+00 0.000000000000000000e+00
2.150500000000000068e-03 1.543263350000000071e-32 0.000000000000000000e+00 0.000000000000000000e+00
2.151000000000000134e-03 1.523181609999999993e-32 0.000000000000000000e+00 0.000000000000000000e+00
2.151500000000000200e-03 1.496149999999999999e-32 0.000000000000000000e+00 0.000000000000000000e+00
2.151999999999999833e-03 1.462653069999999891e-32 0.000000000000000000e+00 0.000000000000000000e+00
2.152499999999999900e-03 1.423185099999999998e-32 0.000000000000000000e+00 0.000000000000000000e+00
2.152999999999999966e-03 1.378247090000000059e-32 0.000000000000000000e+00 0.000000000000000000e+00
2.153500000000000032e-03 1.328343800000000110e-32 0.000000000000000000e+00 0.000000000000000000e+00
2.154000000000000099e-03 1.273980909999999952e-32 0.000000000000000000e+00 0.000000000000000000e+00
2.154500000000000165e-03 1.215662370000000058e-32 0.000000000000000000e+00 0.000000000000000000e+00
2.154999999999999798e-03 1.153887840000000045e-32 0.000000000000000000e+00 0.000000000000000000e+00
2.155499999999999864e-03 1.089150300000000060e-32 0.000000000000000000e+00 0.000000000000000000e+00
2.155999999999999930e-03 1.021933809999999966e-32 0.000000000000000000e+00 0.000000000000000000e+00
2.156499999999999997e-03 9.527114140000000649e-33 0.000000000000000000e+00 0.000000000000000000e+00
2.157000000000000063e-03 8.819432430000000111e-33 0.000000000000000000e+00 0.000000000000000000e+00
2.157500000000000129e-03 8.100747389999999739e-33 0.000000000000000000e+00 0.000000000000000000e+00
2.158000000000000196e-03 7.375350560000000176e-33 0.000000000000000000e+00 0.000000000000000000e+00
2.158499999999999829e-03 6.647356359999999358e-33 0.000000000000000000e+00 0.000000000000000000e+00
2.158999999999999895e-03 5.920689319999999854e-33 0.000000000000000000e+00 0.000000000000000000e+00
2.159499999999999961e-03 5.199073060000000228e-33 0.000000000000000000e+00 0.000000000000000000e+00
2.160000000000000028e-03 4.486020749999999927e-33 0.000000000000000000e+00 0.000000000000000000e+00
2.160500000000000094e-03 3.784827230000000078e-33 0.000000000000000000e+00 0.000000000000000000e+00
2.161000000000000160e-03 3.098562639999999932e-33 0.000000000000000000e+00 0.000000000000000000e+00
2.161499999999999793e-03 2.430067449999999959e-33 0.000000000000000000e+00 0.000000000000000000e+00
2.161999999999999859e-03 1.781949079999999924e-33 0.000000000000000000e+00 0.000000000000000000e+00
2.162499999999999926e-03 1.156579789999999926e-33 0.000000000000000000e+00 0.000000000000000000e+00
2.162999999999999992e-03 5.560959179999999808e-34 0.000000000000000000e+00 0.000000000000000000e+00
2.163500000000000058e-03 -1.760156480000000104e-35 0.000000000000000000e+00 0.000000000000000000e+00
2.164000000000000125e-03 -5.628453439999999693e-34 0.000000000000000000e+00 0.000000000000000000e+00
2.164500000000000191e-03 -1.078198909999999941e-33 0.000000000000000000e+00 0.000000000000000000e+00
2.164999999999999824e-03 -1.562452619999999951e-33 0.000000000000000000e+00 0.000000000000000000e+00
2.165499999999999890e-03 -2.014618819999999941e-33 0.000000000000000000e+00 0.000000000000000000e+00
2.165999999999999957e-03 -2.433925990000000108e-33 0.000000000000000000e+00 0.000000000000000000e+00
2.166500000000000023e-03 -2.819812109999999914e-33 0.000000000000000000e+00 0.000000000000000000e+00
2.167000000000000089e-03 -3.171917199999999960e-33 0.000000000000000000e+00 0.000000000000000000e+00
2.167500000000000156e-03 -3.490075240000000026e-33 0.000000000000000000e+00 0.000000000000000000e+00
2.167999999999999788e-03 -3.774305440000000024e-33 0.000000000000000000e+00 0.000000000000000000e+00
2.168499999999999855e-03 -4.024802970000000042e-33 0.000000000000000000e+00 0.000000000000000000e+00
2.168999999999999921e-03 -4.241929249999999988e-33 0.000000000000000000e+00 0.000000000000000000e+00
2.169499999999999987e-03 -4.426201839999999873e-33 0.000000000000000000e+00 0.000000000000000000e+00
2.170000000000000054e-03 -4.578284039999999980e-33 0.000000000000000000e+00 0.000000000000000000e+00
2.170500000000000120e-03 -4.698974230000000140e-33 0.000000000000000000e+00 0.000000000000000000e+00
2.171000000000000187e-03 -4.789194980000000099e-33 0.000000000000000000e+00 0.000000000000000000e+00
2.171499999999999819e-03 -4.849982159999999884e-33 0.000000000000000000e+00 0.000000000000000000e+00
2.171999999999999886e-03 -4.882473899999999889e-33 0.000000000000000000e+00 0.000000000000000000e+00
2.172499999999999952e-03 -4.887899619999999871e-33 0.000000000000000000e+00 0.000000000000000000e+00
2.173000000000000018e-03 -4.867569089999999900e-33 0.000000000000000000e+00 0.000000000000000000e+00
2.173500000000000085e-03 -4.822861640000000225e-33 0.000000000000000000e+00 0.000000000000000000e+00
2.174000000000000151e-03 -4.755215510000000302e-33 0.000000000000000000e+00 0.000000000000000000e+00
2.174499999999999784e-03 -4.666117480000000239e-33 0.000000000000000000e+00 0.000000000000000000e+00
2.174999999999999850e-03 -4.557092649999999790e-33 0.000000000000000000e+00 0.000000000000000000e+00
2.175499999999999916e-03 -4.429694679999999961e-33 0.000000000000000000e+00 0.000000000000000000e+00
2.175999999999999983e-03 -4.285496180000000101e-33 0.000000000000000000e+00 0.000000000000000000e+00
2.176500000000000049e-03 -4.126079659999999849e-33 0.000000000000000000e+00 0.000000000000000000e+00
2.177000000000000116e-03 -3.953028719999999741e-33 0.000000000000000000e+00 0.000000000000000000e+00
2.177500000000000182e-03 -3.767919790000000079e-33 0.000000000000000000e+00 0.000000000000000000e+00
2.177999999999999815e-03 -3.572314230000000196e-33 0.000000000000000000e+00 0.000000000000000000e+00
2.178499999999999881e-03 -3.367750959999999904e-33 0.000000000000000000e+00 0.000000000000000000e+00
2.178999999999999947e-03 -3.155739509999999806e-33 0.000000000000000000e+00 0.000000000000000000e+00
2.179500000000000014e-03 -2.937753640000000046e-33 0.000000000000000000e+00 0.000000000000000000e+00
2.180000000000000080e-03 -2.715225400000000131e-33 0.000000000000000000e+00 0.000000000000000000e+00
2.180500000000000146e-03 -2.489539719999999933e-33 0.000000000000000000e+00 0.000000000000000000e+00
2.181000000000000213e-03 -2.262029539999999893e-33 0.000000000000000000e+00 0.000000000000000000e+00
2.181499999999999845e-03 -2.033971409999999832e-33 0.000000000000000000e+00 0.000000000000000000e+00
2.181999999999999912e-03 -1.806581630000000039e-33 0.000000000000000000e+00 0.000000000000000000e+00
2.182499999999999978e-03 -1.581012889999999857e-33 0.000000000000000000e+00 0.000000000000000000e+00
2.183000000000000045e-03 -1.358351400000000005e-33 0.000000000000000000e+00 0.000000000000000000e+00
2.183500000000000111e-03 -1.139614490000000075e-33 0.000000000000000000e+00 0.000000000000000000e+00
2.184000000000000177e-03 -9.257487630000000012e-34 0.000000000000000000e+00 0.000000000000000000e+00
2.184499999999999810e-03 -7.176285980000000354e-34 0.000000000000000000e+00 0.000000000000000000e+00
2.184999999999999876e-03 -5.160551979999999679e-34 0.000000000000000000e+00 0.000000000000000000e+00
2.185499999999999943e-03 -3.217560190000000112e-34 0.000000000000000000e+00 0.000000000000000000e+00
2.186000000000000009e-03 -1.353846199999999917e-34 0.000000000000000000e+00 0.000000000000000000e+00
2.186500000000000075e-03 4.247908920000000108e-35 0.000000000000000000e+00 0.000000000000000000e+00
2.187000000000000142e-03 2.113282309999999827e-34 0.000000000000000000e+00 0.000000000000000000e+00
2.187500000000000208e-03 3.707279929999999892e-34 0.000000000000000000e+00 0.000000000000000000e+00
2.187999999999999841e-03 5.203143319999999898e-34 0.000000000000000000e+00 0.000000000000000000e+00
2.188499999999999907e-03 6.597923760000000105e-34 0.000000000000000000e+00 0.000000000000000000e+00
2.188999999999999974e-03 7.889345380000000363e-34 0.000000000000000000e+00 0.000000000000000000e+00
2.189500000000000040e-03 9.075783809999999783e-34 0.000000000000000000e+00 0.000000000000000000e+00
2.190000000000000106e-03 1.015624240000000065e-33 0.000000000000000000e+00 0.000000000000000000e+00
2.190500000000000173e-03 1.113032640000000049e-33 0.000000000000000000e+00 0.000000000000000000e+00
2.190999999999999805e-03 1.199821540000000049e-33 0.000000000000000000e+00 0.000000000000000000e+00
2.191499999999999872e-03 1.276063360000000062e-33 0.000000000000000000e+00 0.000000000000000000e+00
2.191999999999999938e-03 1.341881960000000050e-33 0.000000000000000000e+00 0.000000000000000000e+00
2.192500000000000004e-03 1.397449420000000081e-33 0.000000000000000000e+00 0.000000000000000000e+00
2.193000000000000071e-03 1.442982759999999948e-33 0.000000000000000000e+00 0.000000000000000000e+00
2.193500000000000137e-03 1.478740619999999982e-33 0.000000000000000000e+00 0.000000000000000000e+00
2.194000000000000204e-03 1.505019810000000057e-33 0.000000000000000000e+00 0.000000000000000000e+00
2.194499999999999836e-03 1.522151879999999960e-33 0.000000000000000000e+00 0.000000000000000000e+00
2.194999999999999903e-03 1.530499709999999938e-33 0.000000000000000000e+00 0.000000000000000000e+00
2.195499999999999969e-03 1.530454040000000042e-33 0.000000000000000000e+00 0.000000000000000000e+00
2.196000000000000035e-03 1.522430050000000071e-33 0.000000000000000000e+00 0.000000000000000000e+00
2.196500000000000102e-03 1.506864009999999953e-33 0.000000000000000000e+00 0.000000000000000000e+00
2.197000000000000168e-03 1.484209949999999963e-33 0.000000000000000000e+00 0.000000000000000000e+00
2.197499999999999801e-03 1.454936400000000000e-33 0.000000000000000000e+00 0.000000000000000000e+00
2.197999999999999867e-03 1.419523270000000080e-33 0.000000000000000000e+00 0.000000000000000000e+00
2.198499999999999933e-03 1.378458740000000069e-33 0.000000000000000000e+00 0.000000000000000000e+00
2.199000000000000000e-03 1.332236320000000016e-33 0.000000000000000000e+00 0.000000000000000000e+00
2.199500000000000066e-03 1.281352039999999925e-33 0.000000000000000000e+00 0.000000000000000000e+00
2.200000000000000133e-03 1.226301709999999942e-33 0.000000000000000000e+00 0.000000000000000000e+00
2.200500000000000199e-03 1.167578329999999975e-33 0.000000000000000000e+00 0.000000000000000000e+00
2.200999999999999832e-03 1.105669709999999929e-33 0.000000000000000000e+00 0.000000000000000000e+00
2.201499999999999898e-03 1.041056140000000038e-33 0.000000000000000000e+00 0.000000000000000000e+00
2.201999999999999964e-03 9.742082780000000355e-34 0.000000000000000000e+00 0.000000000000000000e+00
2.202500000000000031e-03 9.055851539999999192e-34 0.000000000000000000e+00 0.000000000000000000e+00
2.203000000000000097e-03 8.356323700000000823e-34 0.000000000000000000e+00 0.000000000000000000e+00
2.203500000000000163e-03 7.647804290000000180e-34 0.000000000000000000e+00 0.000000000000000000e+00
2.203999999999999796e-03 6.934432429999999598e-34 0.000000000000000000e+00 0.000000000000000000e+00
2.204499999999999862e-03 6.220167889999999907e-34 0.000000000000000000e+00 0.000000000000000000e+00
2.204999999999999929e-03 5.508779340000000349e-34 0.000000000000000000e+00 0.000000000000000000e+00
2.205499999999999995e-03 4.803834149999999973e-34 0.000000000000000000e+00 0.000000000000000000e+00
2.206000000000000062e-03 4.108689719999999789e-34 0.000000000000000000e+00 0.000000000000000000e+00
2.206500000000000128e-03 3.426486369999999895e-34 0.000000000000000000e+00 0.000000000000000000e+00
2.207000000000000194e-03 2.760141690000000106e-34 0.000000000000000000e+00 0.000000000000000000e+00
2.207499999999999827e-03 2.112346349999999814e-34 0.000000000000000000e+00 0.000000000000000000e+00
2.207999999999999893e-03 1.485561240000000091e-34 0.000000000000000000e+00 0.000000000000000000e+00
2.208499999999999960e-03 8.820160729999999532e-35 0.000000000000000000e+00 0.000000000000000000e+00
2.209000000000000026e-03 3.037091219999999923e-35 0.000000000000000000e+00 0.000000000000000000e+00
2.209500000000000092e-03 -2.475917270000000092e-35 0.000000000000000000e+00 0.000000000000000000e+00
2.210000000000000159e-03 -7.703468090000000452e-35 0.000000000000000000e+00 0.000000000000000000e+00
2.210499999999999791e-03 -1.263241430000000044e-34 0.000000000000000000e+00 0.000000000000000000e+00
2.210999999999999858e-03 -1.725181600000000034e-34 0.000000000000000000e+00 0.000000000000000000e+00
2.211499999999999924e-03 -2.155288820000000205e-34 0.000000000000000000e+00 0.000000000000000000e+00
2.211999999999999991e-03 -2.552894019999999866e-34 0.000000000000000000e+00 0.000000000000000000e+00
2.212500000000000057e-03 -2.917530679999999948e-34 0.000000000000000000e+00 0.000000000000000000e+00
2.213000000000000123e-03 -3.248927279999999998e-34 0.000000000000000000e+00 0.000000000000000000e+00
2.213500000000000190e-03 -3.546999020000000040e-34 0.000000000000000000e+00 0.000000000000000000e+00
2.213999999999999822e-03 -3.811839100000000166e-34 0.000000000000000000e+00 0.000000000000000000e+00
2.214499999999999889e-03 -4.043709379999999799e-34 0.000000000000000000e+00 0.000000000000000000e+00
2.214999999999999955e-03 -4.243030690000000330e-34 0.000000000000000000e+00 0.000000000000000000e+00
2.215500000000000021e-03 -4.410372799999999945e-34 0.000000000000000000e+00 0.000000000000000000e+00
2.216000000000000088e-03 -4.546444059999999776e-34 0.000000000000000000e+00 0.000000000000000000e+00
2.216500000000000154e-03 -4.652080860000000033e-34 0.000000000000000000e+00 0.000000000000000000e+00
2.216999999999999787e-03 -4.728236950000000305e-34 0.000000000000000000e+00 0.000000000000000000e+00
2.217499999999999853e-03 -4.775972649999999940e-34 0.000000000000000000e+00 0.000000000000000000e+00
2.217999999999999920e-03 -4.796444070000000048e-34 0.000000000000000000e+00 0.000000000000000000e+00
2.218499999999999986e-03 -4.790892309999999681e-34 0.000000000000000000e+00 0.000000000000000000e+00
2.219000000000000052e-03 -4.760632849999999827e-34 0.000000000000000000e+00 0.000000000000000000e+00
2.219500000000000119e-03 -4.707044929999999786e-34 0.000000000000000000e+00 0.000000000000000000e+00
2.220000000000000185e-03 -4.631561299999999829e-34 0.000000000000000000e+00 0.000000000000000000e+00
2.220499999999999818e-03 -4.535658020000000024e-34 0.000000000000000000e+00 0.000000000000000000e+00
2.220999999999999884e-03 -4.420844669999999868e-34 0.000000000000000000e+00 0.000000000000000000e+00
2.221499999999999950e-03 -4.288654800000000179e-34 0.000000000000000000e+00 0.000000000000000000e+00
2.222000000000000017e-03 -4.140636750000000148e-34 0.000000000000000000e+00 0.000000000000000000e+00
2.222500000000000083e-03 -3.978344880000000349e-34 0.000000000000000000e+00 0.000000000000000000e+00
2.223000000000000149e-03 -3.803331110000000131e-34 0.000000000000000000e+00 0.000000000000000000e+00
2.223500000000000216e-03 -3.617136989999999955e-34 0.000000000000000000e+00 0.000000000000000000e+00
2.223999999999999849e-03 -3.421286140000000173e-34 0.000000000000000000e+00 0.000000000000000000e+00
2.224499999999999915e-03 -3.217277249999999791e-34 0.000000000000000000e+00 0.000000000000000000e+00
2.224999999999999981e-03 -3.006577420000000064e-34 0.000000000000000000e+00 0.000000000000000000e+00
2.225500000000000048e-03 -2.790616130000000201e-34 0.000000000000000000e+00 0.000000000000000000e+00
2.226000000000000114e-03 -2.570779629999999800e-34 0.000000000000000000e+00 0.000000000000000000e+00
2.226500000000000180e-03 -2.348405830000000050e-34 0.000000000000000000e+00 0.000000000000000000e+00
2.226999999999999813e-03 -2.124779750000000209e-34 0.000000000000000000e+00 0.000000000000000000e+00
2.227499999999999879e-03 -1.901129389999999953e-34 0.000000000000000000e+00 0.000000000000000000e+00
2.227999999999999946e-03 -1.678622189999999950e-34 0.000000000000000000e+00 0.000000000000000000e+00
2.228500000000000012e-03 -1.458361889999999907e-34 0.000000000000000000e+00 0.000000000000000000e+00
2.229000000000000078e-03 -1.241385959999999953e-34 0.000000000000000000e+00 0.000000000000000000e+00
2.229500000000000145e-03 -1.028663469999999994e-34 0.000000000000000000e+00 0.000000000000000000e+00
2.230000000000000211e-03 -8.210933680000000119e-35 0.000000000000000000e+00 0.000000000000000000e+00
2.230499999999999844e-03 -6.195033229999999643e-35 0.000000000000000000e+00 0.000000000000000000e+00
2.230999999999999910e-03 -4.246488889999999853e-35 0.000000000000000000e+00 0.000000000000000000e+00
2.231499999999999977e-03 -2.372131490000000116e-35 0.000000000000000000e+00 0.000000000000000000e+00
2.232000000000000043e-03 -5.780673070000000033e-36 0.000000000000000000e+00 0.000000000000000000e+00
2.232500000000000109e-03 1.130317949999999940e-35 0.000000000000000000e+00 0.000000000000000000e+00
2.233000000000000176e-03 2.748351590000000160e-35 0.000000000000000000e+00 0.000000000000000000e+00
2.233499999999999808e-03 4.272063089999999954e-35 0.000000000000000000e+00 0.000000000000000000e+00
2.233999999999999875e-03 5.698170029999999648e-35 0.000000000000000000e+00 0.000000000000000000e+00
2.234499999999999941e-03 7.024061240000000390e-35 0.000000000000000000e+00 0.000000000000000000e+00
2.235000000000000007e-03 8.247777220000000511e-35 0.000000000000000000e+00 0.000000000000000000e+00
2.235500000000000074e-03 9.367988130000000440e-35 0.000000000000000000e+00 0.000000000000000000e+00
2.236000000000000140e-03 1.038396960000000057e-34 0.000000000000000000e+00 0.000000000000000000e+00
2.236500000000000207e-03 1.129557660000000063e-34 0.000000000000000000e+00 0.000000000000000000e+00
2.236999999999999839e-03 1.210321540000000062e-34 0.000000000000000000e+00 0.000000000000000000e+00
2.237499999999999906e-03 1.280781460000000022e-34 0.000000000000000000e+00 0.000000000000000000e+00
2.237999999999999972e-03 1.341079400000000077e-34 0.000000000000000000e+00 0.000000000000000000e+00
2.238500000000000038e-03 1.391403309999999950e-34 0.000000000000000000e+00 0.000000000000000000e+00
2.239000000000000105e-03 1.431983849999999942e-34 0.000000000000000000e+00 0.000000000000000000e+00
2.239500000000000171e-03 1.463091120000000086e-34 0.000000000000000000e+00 0.000000000000000000e+00
2.239999999999999804e-03 1.485031220000000091e-34 0.000000000000000000e+00 0.000000000000000000e+00
2.240499999999999870e-03 1.498142959999999942e-34 0.000000000000000000e+00 0.000000000000000000e+00
2.240999999999999936e-03 1.502794400000000015e-34 0.000000000000000000e+00 0.000000000000000000e+00
2.241500000000000003e-03 1.499379550000000056e-34 0.000000000000000000e+00 0.000000000000000000e+00
2.242000000000000069e-03 1.488314979999999979e-34 0.000000000000000000e+00 0.000000000000000000e+00
2.242500000000000136e-03 1.470036580000000057e-34 0.000000000000000000e+00 0.000000000000000000e+00
2.243000000000000202e-03 1.444996279999999934e-34 0.000000000000000000e+00 0.000000000000000000e+00
2.243499999999999835e-03 1.413658940000000069e-34 0.000000000000000000e+00 0.000000000000000000e+00
2.243999999999999901e-03 1.376499289999999966e-34 0.000000000000000000e+00 0.000000000000000000e+00
2.244499999999999967e-03 1.333998929999999967e-34 0.000000000000000000e+00 0.000000000000000000e+00
2.245000000000000034e-03 1.286643499999999896e-34 0.000000000000000000e+00 0.000000000000000000e+00
2.245500000000000100e-03 1.234919969999999906e-34 0.000000000000000000e+00 0.000000000000000000e+00
2.246000000000000166e-03 1.179314000000000081e-34 0.000000000000000000e+00 0.000000000000000000e+00
2.246499999999999799e-03 1.120307459999999981e-34 0.000000000000000000e+00 0.000000000000000000e+00
2.246999999999999865e-03 1.058376180000000093e-34 0.000000000000000000e+00 0.000000000000000000e+00
2.247499999999999932e-03 9.939876880000000461e-35 0.000000000000000000e+00 0.000000000000000000e+00
2.247999999999999998e-03 9.275992079999999789e-35 0.000000000000000000e+00 0.000000000000000000e+00
2.248500000000000065e-03 8.596558010000000383e-35 0.000000000000000000e+00 0.000000000000000000e+00
2.249000000000000131e-03 7.905886300000000506e-35 0.000000000000000000e+00 0.000000000000000000e+00
2.249500000000000197e-03 7.208134019999999651e-35 0.000000000000000000e+00 0.000000000000000000e+00
2.249999999999999830e-03 6.507289649999999531e-35 0.000000000000000000e+00 0.000000000000000000e+00
2.250499999999999896e-03 5.807160619999999514e-35 0.000000000000000000e+00 0.000000000000000000e+00
2.250999999999999963e-03 5.111362400000000362e-35 0.000000000000000000e+00 0.000000000000000000e+00
2.251500000000000029e-03 4.423309130000000220e-35 0.000000000000000000e+00 0.000000000000000000e+00
2.252000000000000095e-03 3.746205789999999956e-35 0.000000000000000000e+00 0.000000000000000000e+00
2.252500000000000162e-03 3.083041809999999977e-35 0.000000000000000000e+00 0.000000000000000000e+00
2.252999999999999794e-03 2.436586149999999838e-35 0.000000000000000000e+00 0.000000000000000000e+00
2.253499999999999861e-03 1.809383740000000103e-35 0.000000000000000000e+00 0.000000000000000000e+00
2.253999999999999927e-03 1.203753329999999906e-35 0.000000000000000000e+00 0.000000000000000000e+00
2.254499999999999994e-03 6.217865169999999965e-36 0.000000000000000000e+00 0.000000000000000000e+00
2.255000000000000060e-03 6.534812260000000361e-37 0.000000000000000000e+00 0.000000000000000000e+00
2.255500000000000126e-03 -4.639223499999999903e-36 0.000000000000000000e+00 0.000000000000000000e+00
2.256000000000000193e-03 -9.646081139999999732e-36 0.000000000000000000e+00 0.000000000000000000e+00
2.256499999999999825e-03 -1.435511480000000078e-35 0.000000000000000000e+00 0.000000000000000000e+00
2.256999999999999892e-03 -1.875649280000000080e-35 0.000000000000000000e+00 0.000000000000000000e+00
2.257499999999999958e-03 -2.284247350000000074e-35 0.000000000000000000e+00 0.000000000000000000e+00
2.258000000000000024e-03 -2.660734299999999935e-35 0.000000000000000000e+00 0.000000000000000000e+00
2.258500000000000091e-03 -3.004734400000000068e-35 0.000000000000000000e+00 0.000000000000000000e+00
2.259000000000000157e-03 -3.316059919999999910e-35 0.000000000000000000e+00 0.000000000000000000e+00
2.259499999999999790e-03 -3.594702779999999957e-35 0.000000000000000000e+00 0.000000000000000000e+00
2.259999999999999856e-03 -3.840825719999999775e-35 0.000000000000000000e+00 0.000000000000000000e+00
2.260499999999999923e-03 -4.054753040000000107e-35 0.000000000000000000e+00 0.000000000000000000e+00
2.260999999999999989e-03 -4.236960850000000147e-35 0.000000000000000000e+00 0.000000000000000000e+00
2.261500000000000055e-03 -4.388067149999999769e-35 0.000000000000000000e+00 0.000000000000000000e+00
2.262000000000000122e-03 -4.508821559999999897e-35 0.000000000000000000e+00 0.000000000000000000e+00
2.262500000000000188e-03 -4.600094919999999916e-35 0.000000000000000000e+00 0.000000000000000000e+00
2.262999999999999821e-03 -4.662868740000000083e-35 0.000000000000000000e+00 0.000000000000000000e+00
2.263499999999999887e-03 -4.698224610000000113e-35 0.000000000000000000e+00 0.000000000000000000e+00
2.263999999999999953e-03 -4.707333629999999939e-35 0.000000000000000000e+00 0.000000000000000000e+00
2.264500000000000020e-03 -4.691445880000000039e-35 0.000000000000000000e+00 0.000000000000000000e+00
2.265000000000000086e-03 -4.651879959999999774e-35 0.000000000000000000e+00 0.000000000000000000e+00
2.265500000000000153e-03 -4.590012770000000010e-35 0.000000000000000000e+00 0.000000000000000000e+00
2.265999999999999785e-03 -4.507269440000000203e-35 0.000000000000000000e+00 0.000000000000000000e+00
2.266499999999999852e-03 -4.405113470000000228e-35 0.000000000000000000e+00 0.000000000000000000e+00
2.266999999999999918e-03 -4.285037269999999904e-35 0.000000000000000000e+00 0.000000000000000000e+00
2.267499999999999984e-03 -4.148552900000000044e-35 0.000000000000000000e+00 0.000000000000000000e+00
2.268000000000000051e-03 -3.997183230000000163e-35 0.000000000000000000e+00 0.000000000000000000e+00
2.268500000000000117e-03 -3.832453470000000242e-35 0.000000000000000000e+00 0.000000000000000000e+00
2.269000000000000183e-03 -3.655883080000000131e-35 0.000000000000000000e+00 0.000000000000000000e+00
2.269499999999999816e-03 -3.468978160000000036e-35 0.000000000000000000e+00 0.000000000000000000e+00
2.269999999999999882e-03 -3.273224239999999772e-35 0.000000000000000000e+00 0.000000000000000000e+00
2.270499999999999949e-03 -3.070079550000000166e-35 0.000000000000000000e+00 0.000000000000000000e+00
2.271000000000000015e-03 -2.860968760000000171e-35 0.000000000000000000e+00 0.000000000000000000e+00
2.271500000000000082e-03 -2.647277239999999966e-35 0.000000000000000000e+00 0.000000000000000000e+00
2.272000000000000148e-03 -2.430345730000000168e-35 0.000000000000000000e+00 0.000000000000000000e+00
2.272500000000000214e-03 -2.211465620000000016e-35 0.000000000000000000e+00 0.000000000000000000e+00
2.272999999999999847e-03 -1.991874570000000057e-35 0.000000000000000000e+00 0.000000000000000000e+00
2.273499999999999913e-03 -1.772752799999999934e-35 0.000000000000000000e+00 0.000000000000000000e+00
2.273999999999999980e-03 -1.555219729999999899e-35 0.000000000000000000e+00 0.000000000000000000e+00
2.274500000000000046e-03 -1.340331140000000026e-35 0.000000000000000000e+00 0.000000000000000000e+00
2.275000000000000112e-03 -1.129076840000000036e-35 0.000000000000000000e+00 0.000000000000000000e+00
2.275500000000000179e-03 -9.223787400000000257e-36 0.000000000000000000e+00 0.000000000000000000e+00
2.275999999999999811e-03 -7.210894340000000044e-36 0.000000000000000000e+00 0.000000000000000000e+00
2.276499999999999878e-03 -5.259911489999999805e-36 0.000000000000000000e+00 0.000000000000000000e+00
2.276999999999999944e-03 -3.377951630000000282e-36 0.000000000000000000e+00 0.000000000000000000e+00
2.277500000000000011e-03 -1.571415959999999966e-36 0.000000000000000000e+00 0.000000000000000000e+00
2.278000000000000077e-03 1.540040489999999934e-37 0.000000000000000000e+00 0.000000000000000000e+00
2.278500000000000143e-03 1.793321310000000122e-36 0.000000000000000000e+00 0.000000000000000000e+00
2.279000000000000210e-03 3.342244229999999874e-36 0.000000000000000000e+00 0.000000000000000000e+00
2.279499999999999842e-03 4.797164769999999803e-36 0.000000000000000000e+00 0.000000000000000000e+00
2.279999999999999909e-03 6.155143440000000137e-36 0.000000000000000000e+00 0.000000000000000000e+00
2.280499999999999975e-03 7.413891539999999446e-36 0.000000000000000000e+00 0.000000000000000000e+00
2.281000000000000041e-03 8.571751000000000183e-36 0.000000000000000000e+00 0.000000000000000000e+00
2.281500000000000108e-03 9.627671769999999688e-36 0.000000000000000000e+00 0.000000000000000000e+00
2.282000000000000174e-03 1.058118729999999947e-35 0.000000000000000000e+00 0.000000000000000000e+00
2.282499999999999807e-03 1.143238809999999986e-35 0.000000000000000000e+00 0.000000000000000000e+00
2.282999999999999873e-03 1.218189360000000022e-35 0.000000000000000000e+00 0.000000000000000000e+00
2.283499999999999940e-03 1.283082320000000048e-35 0.000000000000000000e+00 0.000000000000000000e+00
2.284000000000000006e-03 1.338076510000000014e-35 0.000000000000000000e+00 0.000000000000000000e+00
2.284500000000000072e-03 1.383374520000000032e-35 0.000000000000000000e+00 0.000000000000000000e+00
2.285000000000000139e-03 1.419219520000000003e-35 0.000000000000000000e+00 0.000000000000000000e+00
2.285500000000000205e-03 1.445891900000000058e-35 0.000000000000000000e+00 0.000000000000000000e+00
2.285999999999999838e-03 1.463706049999999989e-35 0.000000000000000000e+00 0.000000000000000000e+00
2.286499999999999904e-03 1.473007009999999978e-35 0.000000000000000000e+00 0.000000000000000000e+00
2.286999999999999970e-03 1.474167150000000067e-35 0.000000000000000000e+00 0.000000000000000000e+00
2.287500000000000037e-03 1.467582859999999911e-35 0.000000000000000000e+00 0.000000000000000000e+00
2.288000000000000103e-03 1.453671359999999876e-35 0.000000000000000000e+00 0.000000000000000000e+00
2.288500000000000170e-03 1.432867400000000016e-35 0.000000000000000000e+00 0.000000000000000000e+00
2.288999999999999802e-03 1.405620229999999924e-35 0.000000000000000000e+00 0.000000000000000000e+00
2.289499999999999869e-03 1.372390449999999915e-35 0.000000000000000000e+00 0.000000000000000000e+00
2.289999999999999935e-03 1.333647110000000111e-35 0.000000000000000000e+00 0.000000000000000000e+00
2.290500000000000001e-03 1.289864800000000020e-35 0.000000000000000000e+00 0.000000000000000000e+00
2.291000000000000068e-03 1.241520939999999918e-35 0.000000000000000000e+00 0.000000000000000000e+00
2.291500000000000134e-03 1.189093139999999973e-35 0.000000000000000000e+00 0.000000000000000000e+00
2.292000000000000200e-03 1.133056670000000026e-35 0.000000000000000000e+00 0.000000000000000000e+00
2.292499999999999833e-03 1.073882129999999945e-35 0.000000000000000000e+00 0.000000000000000000e+00
2.292999999999999899e-03 1.012033250000000023e-35 0.000000000000000000e+00 0.000000000000000000e+00
2.293499999999999966e-03 9.479647219999999814e-36 0.000000000000000000e+00 0.000000000000000000e+00
2.294000000000000032e-03 8.821203840000000181e-36 0.000000000000000000e+00 0.000000000000000000e+00
2.294500000000000099e-03 8.149313679999999427e-36 0.000000000000000000e+00 0.000000000000000000e+00
2.295000000000000165e-03 7.468145090000000552e-36 0.000000000000000000e+00 0.000000000000000000e+00
2.295499999999999798e-03 6.781708729999999401e-36 0.000000000000000000e+00 0.000000000000000000e+00
2.295999999999999864e-03 6.093844459999999745e-36 0.000000000000000000e+00 0.000000000000000000e+00
2.296499999999999930e-03 5.408209749999999991e-36 0.000000000000000000e+00 0.000000000000000000e+00
2.296999999999999997e-03 4.728269619999999771e-36 0.000000000000000000e+00 0.000000000000000000e+00
2.297500000000000063e-03 4.057288100000000208e-36 0.000000000000000000e+00 0.000000000000000000e+00
2.298000000000000129e-03 3.398321169999999897e-36 0.000000000000000000e+00 0.000000000000000000e+00
2.298500000000000196e-03 2.754211029999999961e-36 0.000000000000000000e+00 0.000000000000000000e+00
2.298999999999999828e-03 2.127581930000000068e-36 0.000000000000000000e+00 0.000000000000000000e+00
2.299499999999999895e-03 1.520837240000000111e-36 0.000000000000000000e+00 0.000000000000000000e+00
2.299999999999999961e-03 9.361577900000000104e-37 0.000000000000000000e+00 0.000000000000000000e+00
2.300500000000000028e-03 3.755015720000000082e-37 0.000000000000000000e+00 0.000000000000000000e+00
2.301000000000000094e-03 -1.593955060000000100e-37 0.000000000000000000e+00 0.000000000000000000e+00
2.301500000000000160e-03 -6.670176720000000401e-37 0.000000000000000000e+00 0.000000000000000000e+00
2.301999999999999793e-03 -1.146066319999999973e-36 0.000000000000000000e+00 0.000000000000000000e+00
2.302499999999999859e-03 -1.595456020000000005e-36 0.000000000000000000e+00 0.000000000000000000e+00
2.302999999999999926e-03 -2.014309689999999954e-36 0.000000000000000000e+00 0.000000000000000000e+00
2.303499999999999992e-03 -2.401952820000000036e-36 0.000000000000000000e+00 0.000000000000000000e+00
2.304000000000000058e-03 -2.757906999999999948e-36 0.000000000000000000e+00 0.000000000000000000e+00
2.304500000000000125e-03 -3.081882700000000206e-36 0.000000000000000000e+00 0.000000000000000000e+00
2.305000000000000191e-03 -3.373771480000000084e-36 0.000000000000000000e+00 0.000000000000000000e+00
2.305499999999999824e-03 -3.633637560000000267e-36 0.000000000000000000e+00 0.000000000000000000e+00
2.305999999999999890e-03 -3.861708959999999784e-36 0.000000000000000000e+00 0.000000000000000000e+00
2.306499999999999957e-03 -4.058368260000000040e-36 0.000000000000000000e+00 0.000000000000000000e+00
2.307000000000000023e-03 -4.224142869999999854e-36 0.000000000000000000e+00 0.000000000000000000e+00
2.307500000000000089e-03 -4.359695230000000106e-36 0.000000000000000000e+00 0.000000000000000000e+00
2.308000000000000156e-03 -4.465812589999999803e-36 0.000000000000000000e+00 0.000000000000000000e+00
2.308499999999999788e-03 -4.543396769999999868e-36 0.000000000000000000e+00 0.000000000000000000e+00
2.308999999999999855e-03 -4.593453820000000008e-36 0.000000000000000000e+00 0.000000000000000000e+00
2.309499999999999921e-03 -4.617083569999999887e-36 0.000000000000000000e+00 0.000000000000000000e+00
2.309999999999999987e-03 -4.615469290000000009e-36 0.000000000000000000e+00 0.000000000000000000e+00
2.310500000000000054e-03 -4.589867379999999727e-36 0.000000000000000000e+00 0.000000000000000000e+00
2.311000000000000120e-03 -4.541597229999999916e-36 0.000000000000000000e+00 0.000000000000000000e+00
2.311500000000000186e-03 -4.472031200000000163e-36 0.000000000000000000e+00 0.000000000000000000e+00
2.311999999999999819e-03 -4.382584839999999713e-36 0.000000000000000000e+00 0.000000000000000000e+00
2.312499999999999886e-03 -4.274707400000000267e-36 0.000000000000000000e+00 0.000000000000000000e+00
2.312999999999999952e-03 -4.149872579999999834e-36 0.000000000000000000e+00 0.000000000000000000e+00
2.313500000000000018e-03 -4.009569670000000021e-36 0.000000000000000000e+00 0.000000000000000000e+00
2.314000000000000085e-03 -3.855294960000000173e-36 0.000000000000000000e+00 0.000000000000000000e+00
2.314500000000000151e-03 -3.688543649999999983e-36 0.000000000000000000e+00 0.000000000000000000e+00
2.314999999999999784e-03 -3.510802079999999757e-36 0.000000000000000000e+00 0.000000000000000000e+00
2.315499999999999850e-03 -3.323540400000000191e-36 0.000000000000000000e+00 0.000000000000000000e+00
2.315999999999999916e-03 -3.128205750000000103e-36 0.000000000000000000e+00 0.000000000000000000e+00
2.316499999999999983e-03 -2.926215800000000108e-36 0.000000000000000000e+00 0.000000000000000000e+00
2.317000000000000049e-03 -2.718952839999999857e-36 0.000000000000000000e+00 0.000000000000000000e+00
2.317500000000000115e-03 -2.507758339999999944e-36 0.000000000000000000e+00 0.000000000000000000e+00
2.318000000000000182e-03 -2.293927940000000164e-36 0.000000000000000000e+00 0.000000000000000000e+00
2.318499999999999815e-03 -2.078706959999999887e-36 0.000000000000000000e+00 0.000000000000000000e+00
2.318999999999999881e-03 -1.863286440000000026e-36 0.000000000000000000e+00 0.000000000000000000e+00
2.319499999999999947e-03 -1.648799539999999927e-36 0.000000000000000000e+00 0.000000000000000000e+00
2.320000000000000014e-03 -1.436318549999999960e-36 0.000000000000000000e+00 0.000000000000000000e+00
2.320500000000000080e-03 -1.226852299999999983e-36 0.000000000000000000e+00 0.000000000000000000e+00
2.321000000000000146e-03 -1.021344010000000016e-36 0.000000000000000000e+00 0.000000000000000000e+00
2.321500000000000213e-03 -8.206696319999999669e-37 0.000000000000000000e+00 0.000000000000000000e+00
2.321999999999999845e-03 -6.256366140000000069e-37 0.000000000000000000e+00 0.000000000000000000e+00
2.322499999999999912e-03 -4.369830649999999770e-37 0.000000000000000000e+00 0.000000000000000000e+00
2.322999999999999978e-03 -2.553773400000000043e-37 0.000000000000000000e+00 0.000000000000000000e+00
2.323500000000000044e-03 -8.141799969999999686e-38 0.000000000000000000e+00 0.000000000000000000e+00
2.324000000000000111e-03 8.436585629999999674e-38 0.000000000000000000e+00 0.000000000000000000e+00
2.324500000000000177e-03 2.415139179999999930e-37 0.000000000000000000e+00 0.000000000000000000e+00
2.324999999999999810e-03 3.896336640000000049e-37 0.000000000000000000e+00 0.000000000000000000e+00
2.325499999999999876e-03 5.283990529999999734e-37 0.000000000000000000e+00 0.000000000000000000e+00
2.325999999999999943e-03 6.575489460000000038e-37 0.000000000000000000e+00 0.000000000000000000e+00
2.326500000000000009e-03 7.768852490000000748e-37 0.000000000000000000e+00 0.000000000000000000e+00
2.327000000000000075e-03 8.862708360000000245e-37 0.000000000000000000e+00 0.000000000000000000e+00
2.327500000000000142e-03 9.856272499999999280e-37 0.000000000000000000e+00 0.000000000000000000e+00
2.328000000000000208e-03 1.074932210000000068e-36 0.000000000000000000e+00 0.000000000000000000e+00
2.328499999999999841e-03 1.154216939999999945e-36 0.000000000000000000e+00 0.000000000000000000e+00
2.328999999999999907e-03 1.223563390000000014e-36 0.000000000000000000e+00 0.000000000000000000e+00
2.329499999999999973e-03 1.283101269999999928e-36 0.000000000000000000e+00 0.000000000000000000e+00
2.330000000000000040e-03 1.333005019999999998e-36 0.000000000000000000e+00 0.000000000000000000e+00
2.330500000000000106e-03 1.373490700000000059e-36 0.000000000000000000e+00 0.000000000000000000e+00
2.331000000000000173e-03 1.404812809999999922e-36 0.000000000000000000e+00 0.000000000000000000e+00
2.331499999999999805e-03 1.427261019999999922e-36 0.000000000000000000e+00 0.000000000000000000e+00
2.331999999999999872e-03 1.441156990000000033e-36 0.000000000000000000e+00 0.000000000000000000e+00
2.332499999999999938e-03 1.446851049999999966e-36 0.000000000000000000e+00 0.000000000000000000e+00
2.333000000000000004e-03 1.444718989999999986e-36 0.000000000000000000e+00 0.000000000000000000e+00
2.333500000000000071e-03 1.435158830000000083e-36 0.000000000000000000e+00 0.000000000000000000e+00
2.334000000000000137e-03 1.418587629999999927e-36 0.000000000000000000e+00 0.000000000000000000e+00
2.334500000000000203e-03 1.395438430000000028e-36 0.000000000000000000e+00 0.000000000000000000e+00
2.334999999999999836e-03 1.366157119999999955e-36 0.000000000000000000e+00 0.000000000000000000e+00
2.335499999999999902e-03 1.331199539999999988e-36 0.000000000000000000e+00 0.000000000000000000e+00
2.335999999999999969e-03 1.291028610000000062e-36 0.000000000000000000e+00 0.000000000000000000e+00
2.336500000000000035e-03 1.246111529999999967e-36 0.000000000000000000e+00 0.000000000000000000e+00
2.337000000000000102e-03 1.196917150000000041e-36 0.000000000000000000e+00 0.000000000000000000e+00
2.337500000000000168e-03 1.143913450000000063e-36 0.000000000000000000e+00 0.000000000000000000e+00
2.337999999999999801e-03 1.087565150000000014e-36 0.000000000000000000e+00 0.000000000000000000e+00
2.338499999999999867e-03 1.028331420000000063e-36 0.000000000000000000e+00 0.000000000000000000e+00
2.338999999999999933e-03 9.666637829999999873e-37 0.000000000000000000e+00 0.000000000000000000e+00
2.339500000000000000e-03 9.030041330000000588e-37 0.000000000000000000e+00 0.000000000000000000e+00
2.340000000000000066e-03 8.377829009999999976e-37 0.000000000000000000e+00 0.000000000000000000e+00
2.340500000000000132e-03 7.714173860000000002e-37 0.000000000000000000e+00 0.000000000000000000e+00
2.341000000000000199e-03 7.043102199999999867e-37 0.000000000000000000e+00 0.000000000000000000e+00
2.341499999999999831e-03 6.368480009999999840e-37 0.000000000000000000e+00 0.000000000000000000e+00
2.341999999999999898e-03 5.694000629999999592e-37 0.000000000000000000e+00 0.000000000000000000e+00
2.342499999999999964e-03 5.023174089999999610e-37 0.000000000000000000e+00 0.000000000000000000e+00
2.343000000000000031e-03 4.359317829999999753e-37 0.000000000000000000e+00 0.000000000000000000e+00
2.343500000000000097e-03 3.705548959999999818e-37 0.000000000000000000e+00 0.000000000000000000e+00
2.344000000000000163e-03 3.064777869999999888e-37 0.000000000000000000e+00 0.000000000000000000e+00
2.344499999999999796e-03 2.439703289999999937e-37 0.000000000000000000e+00 0.000000000000000000e+00
2.344999999999999862e-03 1.832808700000000057e-37 0.000000000000000000e+00 0.000000000000000000e+00
2.345499999999999929e-03 1.246359989999999955e-37 0.000000000000000000e+00 0.000000000000000000e+00
2.345999999999999995e-03 6.824044279999999536e-38 0.000000000000000000e+00 0.000000000000000000e+00
2.346500000000000061e-03 1.427707619999999921e-38 0.000000000000000000e+00 0.000000000000000000e+00
2.347000000000000128e-03 -3.709294799999999844e-38 0.000000000000000000e+00 0.000000000000000000e+00
2.347500000000000194e-03 -8.572996720000000037e-38 0.000000000000000000e+00 0.000000000000000000e+00
2.347999999999999827e-03 -1.315154750000000075e-37 0.000000000000000000e+00 0.000000000000000000e+00
2.348499999999999893e-03 -1.743516920000000081e-37 0.000000000000000000e+00 0.000000000000000000e+00
2.348999999999999960e-03 -2.141610539999999905e-37 0.000000000000000000e+00 0.000000000000000000e+00
2.349500000000000026e-03 -2.508856109999999926e-37 0.000000000000000000e+00 0.000000000000000000e+00
2.350000000000000092e-03 -2.844863679999999945e-37 0.000000000000000000e+00 0.000000000000000000e+00
2.350500000000000159e-03 -3.149425439999999844e-37 0.000000000000000000e+00 0.000000000000000000e+00
2.350999999999999791e-03 -3.422507840000000179e-37 0.000000000000000000e+00 0.000000000000000000e+00
2.351499999999999858e-03 -3.664243130000000013e-37 0.000000000000000000e+00 0.000000000000000000e+00
2.351999999999999924e-03 -3.874920500000000204e-37 0.000000000000000000e+00 0.000000000000000000e+00
2.352499999999999990e-03 -4.054976769999999657e-37 0.000000000000000000e+00 0.000000000000000000e+00
2.353000000000000057e-03 -4.204986849999999933e-37 0.000000000000000000e+00 0.000000000000000000e+00
2.353500000000000123e-03 -4.325653919999999886e-37 0.000000000000000000e+00 0.000000000000000000e+00
2.354000000000000190e-03 -4.417799380000000325e-37 0.000000000000000000e+00 0.000000000000000000e+00
2.354499999999999822e-03 -4.482352759999999612e-37 0.000000000000000000e+00 0.000000000000000000e+00
2.354999999999999889e-03 -4.520341519999999740e-37 0.000000000000000000e+00 0.000000000000000000e+00
2.355499999999999955e-03 -4.532880849999999880e-37 0.000000000000000000e+00 0.000000000000000000e+00
2.356000000000000021e-03 -4.521163510000000241e-37 0.000000000000000000e+00 0.000000000000000000e+00
2.356500000000000088e-03 -4.486449760000000326e-37 0.000000000000000000e+00 0.000000000000000000e+00
2.357000000000000154e-03 -4.430057509999999609e-37 0.000000000000000000e+00 0.000000000000000000e+00
2.357499999999999787e-03 -4.353352530000000331e-37 0.000000000000000000e+00 0.000000000000000000e+00
2.357999999999999853e-03 -4.257739009999999889e-37 0.000000000000000000e+00 0.000000000000000000e+00
2.358499999999999919e-03 -4.144650300000000394e-37 0.000000000000000000e+00 0.000000000000000000e+00
2.358999999999999986e-03 -4.015540030000000123e-37 0.000000000000000000e+00 0.000000000000000000e+00
2.359500000000000052e-03 -3.871873499999999866e-37 0.000000000000000000e+00 0.000000000000000000e+00
2.360000000000000119e-03 -3.715119489999999808e-37 0.000000000000000000e+00 0.000000000000000000e+00
2.360500000000000185e-03 -3.546742389999999975e-37 0.000000000000000000e+00 0.000000000000000000e+00
2.360999999999999818e-03 -3.368194830000000146e-37 0.000000000000000000e+00 0.000000000000000000e+00
2.361499999999999884e-03 -3.180910640000000077e-37 0.000000000000000000e+00 0.000000000000000000e+00
2.361999999999999950e-03 -2.986298330000000149e-37 0.000000000000000000e+00 0.000000000000000000e+00
2.362500000000000017e-03 -2.785734979999999999e-37 0.000000000000000000e+00 0.000000000000000000e+00
2.363000000000000083e-03 -2.580560650000000081e-37 0.000000000000000000e+00 0.000000000000000000e+00
2.363500000000000149e-03 -2.372073160000000078e-37 0.000000000000000000e+00 0.000000000000000000e+00
2.364000000000000216e-03 -2.161523480000000066e-37 0.000000000000000000e+00 0.000000000000000000e+00
2.364499999999999848e-03 -1.950111459999999983e-37 0.000000000000000000e+00 0.000000000000000000e+00
2.364999999999999915e-03 -1.738982150000000034e-37 0.000000000000000000e+00 0.000000000000000000e+00
2.365499999999999981e-03 -1.529222509999999965e-37 0.000000000000000000e+00 0.000000000000000000e+00
2.366000000000000048e-03 -1.321858610000000024e-37 0.000000000000000000e+00 0.000000000000000000e+00
2.366500000000000114e-03 -1.117853329999999906e-37 0.000000000000000000e+00 0.000000000000000000e+00
2.367000000000000180e-03 -9.181044100000000395e-38 0.000000000000000000e+00 0.000000000000000000e+00
2.367499999999999813e-03 -7.234430220000000441e-38 0.000000000000000000e+00 0.000000000000000000e+00
2.367999999999999879e-03 -5.346327180000000040e-38 0.000000000000000000e+00 0.000000000000000000e+00
2.368499999999999946e-03 -3.523687920000000189e-38 0.000000000000000000e+00 0.000000000000000000e+00
2.369000000000000012e-03 -1.772780269999999945e-38 0.000000000000000000e+00 0.000000000000000000e+00
2.369500000000000078e-03 -9.918817630000000735e-40 0.000000000000000000e+00 0.000000000000000000e+00
2.370000000000000145e-03 1.492183659999999996e-38 0.000000000000000000e+00 0.000000000000000000e+00
2.370500000000000211e-03 2.997101729999999742e-38 0.000000000000000000e+00 0.000000000000000000e+00
2.370999999999999844e-03 4.411992639999999954e-38 0.000000000000000000e+00 0.000000000000000000e+00
2.371499999999999910e-03 5.733929100000000442e-38 0.000000000000000000e+00 0.000000000000000000e+00
2.371999999999999977e-03 6.960613249999999961e-38 0.000000000000000000e+00 0.000000000000000000e+00
2.372500000000000043e-03 8.090357529999999840e-38 0.000000000000000000e+00 0.000000000000000000e+00
2.373000000000000109e-03 9.122063289999999760e-38 0.000000000000000000e+00 0.000000000000000000e+00
2.373500000000000176e-03 1.005519739999999935e-37 0.000000000000000000e+00 0.000000000000000000e+00
2.373999999999999808e-03 1.088976719999999994e-37 0.000000000000000000e+00 0.000000000000000000e+00
2.374499999999999875e-03 1.162629340000000084e-37 0.000000000000000000e+00 0.000000000000000000e+00
2.374999999999999941e-03 1.226578250000000000e-37 0.000000000000000000e+00 0.000000000000000000e+00
2.375500000000000007e-03 1.280969700000000084e-37 0.000000000000000000e+00 0.000000000000000000e+00
2.376000000000000074e-03 1.325992569999999900e-37 0.000000000000000000e+00 0.000000000000000000e+00
2.376500000000000140e-03 1.361875230000000060e-37 0.000000000000000000e+00 0.000000000000000000e+00
2.377000000000000206e-03 1.388882439999999954e-37 0.000000000000000000e+00 0.000000000000000000e+00
2.377499999999999839e-03 1.407312139999999907e-37 0.000000000000000000e+00 0.000000000000000000e+00
2.377999999999999906e-03 1.417492289999999934e-37 0.000000000000000000e+00 0.000000000000000000e+00
2.378499999999999972e-03 1.419777630000000006e-37 0.000000000000000000e+00 0.000000000000000000e+00
2.379000000000000038e-03 1.414546539999999994e-37 0.000000000000000000e+00 0.000000000000000000e+00
2.379500000000000105e-03 1.402197889999999967e-37 0.000000000000000000e+00 0.000000000000000000e+00
2.380000000000000171e-03 1.383147929999999933e-37 0.000000000000000000e+00 0.000000000000000000e+00
2.380499999999999804e-03 1.357827309999999909e-37 0.000000000000000000e+00 0.000000000000000000e+00
2.380999999999999870e-03 1.326678059999999902e-37 0.000000000000000000e+00 0.000000000000000000e+00
2.381499999999999936e-03 1.290150749999999948e-37 0.000000000000000000e+00 0.000000000000000000e+00
2.382000000000000003e-03 1.248701739999999971e-37 0.000000000000000000e+00 0.000000000000000000e+00
2.382500000000000069e-03 1.202790469999999930e-37 0.000000000000000000e+00 0.000000000000000000e+00
2.383000000000000135e-03 1.152876960000000030e-37 0.000000000000000000e+00 0.000000000000000000e+00
2.383500000000000202e-03 1.099419319999999961e-37 0.000000000000000000e+00 0.000000000000000000e+00
2.383999999999999835e-03 1.042871550000000042e-37 0.000000000000000000e+00 0.000000000000000000e+00
2.384499999999999901e-03 9.836812550000000660e-38 0.000000000000000000e+00 0.000000000000000000e+00
2.384999999999999967e-03 9.222877389999999886e-38 0.000000000000000000e+00 0.000000000000000000e+00
2.385500000000000034e-03 8.591200560000000493e-38 0.000000000000000000e+00 0.000000000000000000e+00
2.386000000000000100e-03 7.945953049999999729e-38 0.000000000000000000e+00 0.000000000000000000e+00
2.386500000000000166e-03 7.291170410000000377e-38 0.000000000000000000e+00 0.000000000000000000e+00
2.386999999999999799e-03 6.630738389999999547e-38 0.000000000000000000e+00 0.000000000000000000e+00
2.387499999999999865e-03 5.968380120000000360e-38 0.000000000000000000e+00 0.000000000000000000e+00
2.387999999999999932e-03 5.307644690000000391e-38 0.000000000000000000e+00 0.000000000000000000e+00
2.388499999999999998e-03 4.651897299999999972e-38 0.000000000000000000e+00 0.000000000000000000e+00
2.389000000000000064e-03 4.004310759999999953e-38 0.000000000000000000e+00 0.000000000000000000e+00
2.389500000000000131e-03 3.367858459999999793e-38 0.000000000000000000e+00 0.000000000000000000e+00
2.390000000000000197e-03 2.745308749999999961e-38 0.000000000000000000e+00 0.000000000000000000e+00
2.390499999999999830e-03 2.139220619999999934e-38 0.000000000000000000e+00 0.000000000000000000e+00
2.390999999999999896e-03 1.551940719999999884e-38 0.000000000000000000e+00 0.000000000000000000e+00
2.391499999999999963e-03 9.856015920000000540e-39 0.000000000000000000e+00 0.000000000000000000e+00
2.392000000000000029e-03 4.421211770000000123e-39 0.000000000000000000e+00 0.000000000000000000e+00
2.392500000000000095e-03 -7.679660819999999648e-40 0.000000000000000000e+00 0.000000000000000000e+00
2.393000000000000162e-03 -5.696601639999999680e-39 0.000000000000000000e+00 0.000000000000000000e+00
2.393499999999999794e-03 -1.035187490000000056e-38 0.000000000000000000e+00 0.000000000000000000e+00
2.393999999999999861e-03 -1.472302520000000034e-38 0.000000000000000000e+00 0.000000000000000000e+00
2.394499999999999927e-03 -1.880130519999999955e-38 0.000000000000000000e+00 0.000000000000000000e+00
2.394999999999999993e-03 -2.257992729999999904e-38 0.000000000000000000e+00 0.000000000000000000e+00
2.395500000000000060e-03 -2.605400209999999991e-38 0.000000000000000000e+00 0.000000000000000000e+00
2.396000000000000126e-03 -2.922046990000000175e-38 0.000000000000000000e+00 0.000000000000000000e+00
2.396500000000000193e-03 -3.207802629999999767e-38 0.000000000000000000e+00 0.000000000000000000e+00
2.396999999999999825e-03 -3.462704220000000128e-38 0.000000000000000000e+00 0.000000000000000000e+00
2.397499999999999892e-03 -3.686947899999999799e-38 0.000000000000000000e+00 0.000000000000000000e+00
2.397999999999999958e-03 -3.880879999999999770e-38 0.000000000000000000e+00 0.000000000000000000e+00
2.398500000000000024e-03 -4.044987759999999848e-38 0.000000000000000000e+00 0.000000000000000000e+00
2.399000000000000091e-03 -4.179889870000000086e-38 0.000000000000000000e+00 0.000000000000000000e+00
2.399500000000000157e-03 -4.286326729999999766e-38 0.000000000000000000e+00 0.000000000000000000e+00
2.399999999999999790e-03 -4.365150550000000113e-38 0.000000000000000000e+00 0.000000000000000000e+00
2.400499999999999856e-03 -4.417315409999999741e-38 0.000000000000000000e+00 0.000000000000000000e+00
2.400999999999999922e-03 -4.443867249999999909e-38 0.000000000000000000e+00 0.000000000000000000e+00
2.401499999999999989e-03 -4.445933840000000145e-38 0.000000000000000000e+00 0.000000000000000000e+00
2.402000000000000055e-03 -4.424714870000000060e-38 0.000000000000000000e+00 0.000000000000000000e+00
2.402500000000000122e-03 -4.381472179999999776e-38 0.000000000000000000e+00 0.000000000000000000e+00
2.403000000000000188e-03 -4.317520029999999811e-38 0.000000000000000000e+00 0.000000000000000000e+00
2.403499999999999821e-03 -4.234215719999999859e-38 0.000000000000000000e+00 0.000000000000000000e+00
2.403999999999999887e-03 -4.132950360000000216e-38 0.000000000000000000e+00 0.000000000000000000e+00
2.404499999999999953e-03 -4.015139929999999785e-38 0.000000000000000000e+00 0.000000000000000000e+00
2.405000000000000020e-03 -3.882216710000000003e-38 0.000000000000000000e+00 0.000000000000000000e+00
2.405500000000000086e-03 -3.735620939999999901e-38 0.000000000000000000e+00 0.000000000000000000e+00
2.406000000000000152e-03 -3.576793000000000256e-38 0.000000000000000000e+00 0.000000000000000000e+00
2.406499999999999785e-03 -3.407165810000000056e-38 0.000000000000000000e+00 0.000000000000000000e+00
2.406999999999999851e-03 -3.228157770000000231e-38 0.000000000000000000e+00 0.000000000000000000e+00
2.407499999999999918e-03 -3.041166089999999978e-38 0.000000000000000000e+00 0.000000000000000000e+00
2.407999999999999984e-03 -2.847560539999999905e-38 0.000000000000000000e+00 0.000000000000000000e+00
2.408500000000000051e-03 -2.648677629999999837e-38 0.000000000000000000e+00 0.000000000000000000e+00
2.409000000000000117e-03 -2.445815340000000096e-38 0.000000000000000000e+00 0.000000000000000000e+00
2.409500000000000183e-03 -2.240228229999999958e-38 0.000000000000000000e+00 0.000000000000000000e+00
2.409999999999999816e-03 -2.033123039999999877e-38 0.000000000000000000e+00 0.000000000000000000e+00
2.410499999999999882e-03 -1.825654779999999913e-38 0.000000000000000000e+00 0.000000000000000000e+00
2.410999999999999949e-03 -1.618923240000000003e-38 0.000000000000000000e+00 0.000000000000000000e+00
2.411500000000000015e-03 -1.413969999999999955e-38 0.000000000000000000e+00 0.000000000000000000e+00
2.412000000000000081e-03 -1.211775890000000103e-38 0.000000000000000000e+00 0.000000000000000000e+00
2.412500000000000148e-03 -1.013258830000000045e-38 0.000000000000000000e+00 0.000000000000000000e+00
2.413000000000000214e-03 -8.192722260000000441e-39 0.000000000000000000e+00 0.000000000000000000e+00
2.413499999999999847e-03 -6.306036420000000342e-39 0.000000000000000000e+00 0.000000000000000000e+00
2.413999999999999913e-03 -4.479739879999999967e-39 0.000000000000000000e+00 0.000000000000000000e+00
2.414499999999999980e-03 -2.720370419999999845e-39 0.000000000000000000e+00 0.000000000000000000e+00
2.415000000000000046e-03 -1.033793599999999928e-39 0.000000000000000000e+00 0.000000000000000000e+00
2.415500000000000112e-03 5.747945299999999971e-40 0.000000000000000000e+00 0.000000000000000000e+00
2.416000000000000179e-03 2.100861520000000076e-39 0.000000000000000000e+00 0.000000000000000000e+00
2.416499999999999811e-03 3.540529259999999844e-39 0.000000000000000000e+00 0.000000000000000000e+00
2.416999999999999878e-03 4.890561909999999694e-39 0.000000000000000000e+00 0.000000000000000000e+00
2.417499999999999944e-03 6.148351020000000362e-39 0.000000000000000000e+00 0.000000000000000000e+00
2.418000000000000010e-03 7.311898060000000350e-39 0.000000000000000000e+00 0.000000000000000000e+00
2.418500000000000077e-03 8.379794760000000445e-39 0.000000000000000000e+00 0.000000000000000000e+00
2.419000000000000143e-03 9.351201230000000550e-39 0.000000000000000000e+00 0.000000000000000000e+00
2.419500000000000210e-03 1.022582230000000026e-38 0.000000000000000000e+00 0.000000000000000000e+00
2.419999999999999842e-03 1.100388189999999952e-38 0.000000000000000000e+00 0.000000000000000000e+00
2.420499999999999909e-03 1.168609659999999945e-38 0.000000000000000000e+00 0.000000000000000000e+00
2.420999999999999975e-03 1.227364740000000096e-38 0.000000000000000000e+00 0.000000000000000000e+00
2.421500000000000041e-03 1.276815029999999929e-38 0.000000000000000000e+00 0.000000000000000000e+00
2.422000000000000108e-03 1.317162670000000078e-38 0.000000000000000000e+00 0.000000000000000000e+00
2.422500000000000174e-03 1.348647280000000096e-38 0.000000000000000000e+00 0.000000000000000000e+00
2.422999999999999807e-03 1.371542839999999958e-38 0.000000000000000000e+00 0.000000000000000000e+00
2.423499999999999873e-03 1.386154589999999990e-38 0.000000000000000000e+00 0.000000000000000000e+00
2.423999999999999939e-03 1.392815850000000048e-38 0.000000000000000000e+00 0.000000000000000000e+00
2.424500000000000006e-03 1.391884939999999960e-38 0.000000000000000000e+00 0.000000000000000000e+00
2.425000000000000072e-03 1.383742050000000115e-38 0.000000000000000000e+00 0.000000000000000000e+00
2.425500000000000139e-03 1.368786180000000063e-38 0.000000000000000000e+00 0.000000000000000000e+00
2.426000000000000205e-03 1.347432130000000086e-38 0.000000000000000000e+00 0.000000000000000000e+00
2.426499999999999838e-03 1.320107550000000118e-38 0.000000000000000000e+00 0.000000000000000000e+00
2.426999999999999904e-03 1.287250109999999916e-38 0.000000000000000000e+00 0.000000000000000000e+00
2.427499999999999970e-03 1.249304659999999879e-38 0.000000000000000000e+00 0.000000000000000000e+00
2.428000000000000037e-03 1.206720600000000050e-38 0.000000000000000000e+00 0.000000000000000000e+00
2.428500000000000103e-03 1.159949310000000011e-38 0.000000000000000000e+00 0.000000000000000000e+00
2.429000000000000169e-03 1.109441690000000001e-38 0.000000000000000000e+00 0.000000000000000000e+00
2.429499999999999802e-03 1.055645820000000030e-38 0.000000000000000000e+00 0.000000000000000000e+00
2.429999999999999868e-03 9.990047769999999440e-39 0.000000000000000000e+00 0.000000000000000000e+00
2.430499999999999935e-03 9.399545780000000545e-39 0.000000000000000000e+00 0.000000000000000000e+00
2.431000000000000001e-03 8.789222410000000549e-39 0.000000000000000000e+00 0.000000000000000000e+00
2.431500000000000068e-03 8.163240120000000347e-39 0.000000000000000000e+00 0.000000000000000000e+00
2.432000000000000134e-03 7.525637240000000628e-39 0.000000000000000000e+00 0.000000000000000000e+00
2.432500000000000200e-03 6.880313029999999612e-39 0.000000000000000000e+00 0.000000000000000000e+00
2.432999999999999833e-03 6.231014270000000240e-39 0.000000000000000000e+00 0.000000000000000000e+00
2.433499999999999899e-03 5.581323230000000131e-39 0.000000000000000000e+00 0.000000000000000000e+00
2.433999999999999966e-03 4.934647120000000156e-39 0.000000000000000000e+00 0.000000000000000000e+00
2.434500000000000032e-03 4.294208989999999791e-39 0.000000000000000000e+00 0.000000000000000000e+00
2.435000000000000098e-03 3.663040039999999897e-39 0.000000000000000000e+00 0.000000000000000000e+00
2.435500000000000165e-03 3.043973250000000312e-39 0.000000000000000000e+00 0.000000000000000000e+00
2.435999999999999797e-03 2.439638469999999955e-39 0.000000000000000000e+00 0.000000000000000000e+00
2.436499999999999864e-03 1.852458700000000099e-39 0.000000000000000000e+00 0.000000000000000000e+00
2.436999999999999930e-03 1.284647700000000078e-39 0.000000000000000000e+00 0.000000000000000000e+00
2.437499999999999997e-03 7.382087980000000370e-40 0.000000000000000000e+00 0.000000000000000000e+00
2.438000000000000063e-03 2.149348330000000018e-40 0.000000000000000000e+00 0.000000000000000000e+00
2.438500000000000129e-03 -2.835907849999999993e-40 0.000000000000000000e+00 0.000000000000000000e+00
2.439000000000000196e-03 -7.559919709999999252e-40 0.000000000000000000e+00 0.000000000000000000e+00
2.439499999999999828e-03 -1.201096900000000050e-39 0.000000000000000000e+00 0.000000000000000000e+00
2.439999999999999895e-03 -1.617934010000000044e-39 0.000000000000000000e+00 0.000000000000000000e+00
2.440499999999999961e-03 -2.005727179999999988e-39 0.000000000000000000e+00 0.000000000000000000e+00
2.441000000000000027e-03 -2.363890099999999935e-39 0.000000000000000000e+00 0.000000000000000000e+00
2.441500000000000094e-03 -2.692019960000000007e-39 0.000000000000000000e+00 0.000000000000000000e+00
2.442000000000000160e-03 -2.989890470000000231e-39 0.000000000000000000e+00 0.000000000000000000e+00
2.442499999999999793e-03 -3.257444309999999912e-39 0.000000000000000000e+00 0.000000000000000000e+00
2.442999999999999859e-03 -3.494785089999999953e-39 0.000000000000000000e+00 0.000000000000000000e+00
2.443499999999999926e-03 -3.702168830000000038e-39 0.000000000000000000e+00 0.000000000000000000e+00
2.443999999999999992e-03 -3.879995119999999775e-39 0.000000000000000000e+00 0.000000000000000000e+00
2.444500000000000058e-03 -4.028797910000000246e-39 0.000000000000000000e+00 0.000000000000000000e+00
2.445000000000000125e-03 -4.149236110000000184e-39 0.000000000000000000e+00 0.000000000000000000e+00
2.445500000000000191e-03 -4.242083949999999851e-39 0.000000000000000000e+00 0.000000000000000000e+00
2.445999999999999824e-03 -4.308221259999999877e-39 0.000000000000000000e+00 0.000000000000000000e+00
2.446499999999999890e-03 -4.348623650000000152e-39 0.000000000000000000e+00 0.000000000000000000e+00
2.446999999999999956e-03 -4.364352719999999873e-39 0.000000000000000000e+00 0.000000000000000000e+00
2.447500000000000023e-03 -4.356546209999999854e-39 0.000000000000000000e+00 0.000000000000000000e+00
2.448000000000000089e-03 -4.326408359999999872e-39 0.000000000000000000e+00 0.000000000000000000e+00
2.448500000000000155e-03 -4.275200319999999919e-39 0.000000000000000000e+00 0.000000000000000000e+00
2.448999999999999788e-03 -4.204230769999999751e-39 0.000000000000000000e+00 0.000000000000000000e+00
2.449499999999999855e-03 -4.114846729999999910e-39 0.000000000000000000e+00 0.000000000000000000e+00
2.449999999999999921e-03 -4.008424649999999841e-39 0.000000000000000000e+00 0.000000000000000000e+00
2.450499999999999987e-03 -3.886361769999999898e-39 0.000000000000000000e+00 0.000000000000000000e+00
2.451000000000000054e-03 -3.750067850000000020e-39 0.000000000000000000e+00 0.000000000000000000e+00
2.451500000000000120e-03 -3.600957109999999973e-39 0.000000000000000000e+00 0.000000000000000000e+00
2.452000000000000186e-03 -3.440440729999999676e-39 0.000000000000000000e+00 0.000000000000000000e+00
2.452499999999999819e-03 -3.269919590000000300e-39 0.000000000000000000e+00 0.000000000000000000e+00
2.452999999999999885e-03 -3.090777470000000277e-39 0.000000000000000000e+00 0.000000000000000000e+00
2.453499999999999952e-03 -2.904374709999999934e-39 0.000000000000000000e+00 0.000000000000000000e+00
2.454000000000000018e-03 -2.712042259999999950e-39 0.000000000000000000e+00 0.000000000000000000e+00
2.454500000000000084e-03 -2.515076169999999848e-39 0.000000000000000000e+00 0.000000000000000000e+00
2.455000000000000151e-03 -2.314732609999999950e-39 0.000000000000000000e+00 0.000000000000000000e+00
2.455499999999999784e-03 -2.112223249999999949e-39 0.000000000000000000e+00 0.000000000000000000e+00
2.455999999999999850e-03 -1.908711140000000124e-39 0.000000000000000000e+00 0.000000000000000000e+00
2.456499999999999916e-03 -1.705307060000000141e-39 0.000000000000000000e+00 0.000000000000000000e+00
2.456999999999999983e-03 -1.503066350000000061e-39 0.000000000000000000e+00 0.000000000000000000e+00
2.457500000000000049e-03 -1.302986059999999992e-39 0.000000000000000000e+00 0.000000000000000000e+00
2.458000000000000115e-03 -1.106002709999999952e-39 0.000000000000000000e+00 0.000000000000000000e+00
2.458500000000000182e-03 -9.129903750000000369e-40 0.000000000000000000e+00 0.000000000000000000e+00
2.458999999999999814e-03 -7.247592029999999746e-40 0.000000000000000000e+00 0.000000000000000000e+00
2.459499999999999881e-03 -5.420543620000000407e-40 0.000000000000000000e+00 0.000000000000000000e+00
2.459999999999999947e-03 -3.655553620000000114e-40 0.000000000000000000e+00 0.000000000000000000e+00
2.460500000000000013e-03 -1.958757600000000159e-40 0.000000000000000000e+00 0.000000000000000000e+00
2.461000000000000080e-03 -3.356322400000000174e-41 0.000000000000000000e+00 0.000000000000000000e+00
2.461500000000000146e-03 1.209000729999999943e-40 0.000000000000000000e+00 0.000000000000000000e+00
2.462000000000000213e-03 2.670967230000000023e-40 0.000000000000000000e+00 0.000000000000000000e+00
2.462499999999999845e-03 4.046730599999999713e-40 0.000000000000000000e+00 0.000000000000000000e+00
2.462999999999999912e-03 5.333378540000000225e-40 0.000000000000000000e+00 0.000000000000000000e+00
2.463499999999999978e-03 6.528607400000000386e-40 0.000000000000000000e+00 0.000000000000000000e+00
2.464000000000000044e-03 7.630704149999999866e-40 0.000000000000000000e+00 0.000000000000000000e+00
2.464500000000000111e-03 8.638526059999999434e-40 0.000000000000000000e+00 0.000000000000000000e+00
2.465000000000000177e-03 9.551478500000000774e-40 0.000000000000000000e+00 0.000000000000000000e+00
2.465499999999999810e-03 1.036949089999999991e-39 0.000000000000000000e+00 0.000000000000000000e+00
2.465999999999999876e-03 1.109299139999999924e-39 0.000000000000000000e+00 0.000000000000000000e+00
2.466499999999999942e-03 1.172287960000000011e-39 0.000000000000000000e+00 0.000000000000000000e+00
2.467000000000000009e-03 1.226049880000000078e-39 0.000000000000000000e+00 0.000000000000000000e+00
2.467500000000000075e-03 1.270760710000000039e-39 0.000000000000000000e+00 0.000000000000000000e+00
2.468000000000000142e-03 1.306634780000000034e-39 0.000000000000000000e+00 0.000000000000000000e+00
2.468500000000000208e-03 1.333921870000000075e-39 0.000000000000000000e+00 0.000000000000000000e+00
2.468999999999999841e-03 1.352904220000000006e-39 0.000000000000000000e+00 0.000000000000000000e+00
2.469499999999999907e-03 1.363893390000000039e-39 0.000000000000000000e+00 0.000000000000000000e+00
2.469999999999999973e-03 1.367227259999999999e-39 0.000000000000000000e+00 0.000000000000000000e+00
2.470500000000000040e-03 1.363266879999999966e-39 0.000000000000000000e+00 0.000000000000000000e+00
2.471000000000000106e-03 1.352393519999999980e-39 0.000000000000000000e+00 0.000000000000000000e+00
2.471500000000000172e-03 1.335005630000000032e-39 0.000000000000000000e+00 0.000000000000000000e+00
2.471999999999999805e-03 1.311515940000000072e-39 0.000000000000000000e+00 0.000000000000000000e+00
2.472499999999999871e-03 1.282348590000000028e-39 0.000000000000000000e+00 0.000000000000000000e+00
2.472999999999999938e-03 1.247936370000000001e-39 0.000000000000000000e+00 0.000000000000000000e+00
2.473500000000000004e-03 1.208718009999999930e-39 0.000000000000000000e+00 0.000000000000000000e+00
2.474000000000000071e-03 1.165135609999999939e-39 0.000000000000000000e+00 0.000000000000000000e+00
2.474500000000000137e-03 1.117632180000000031e-39 0.000000000000000000e+00 0.000000000000000000e+00
2.475000000000000203e-03 1.066649280000000047e-39 0.000000000000000000e+00 0.000000000000000000e+00
2.475499999999999836e-03 1.012624760000000067e-39 0.000000000000000000e+00 0.000000000000000000e+00
2.475999999999999902e-03 9.559907110000000683e-40 0.000000000000000000e+00 0.000000000000000000e+00
2.476499999999999969e-03 8.971714559999999949e-40 0.000000000000000000e+00 0.000000000000000000e+00
2.477000000000000035e-03 8.365817400000000602e-40 0.000000000000000000e+00 0.000000000000000000e+00
2.477500000000000101e-03 7.746250339999999698e-40 0.000000000000000000e+00 0.000000000000000000e+00
2.478000000000000168e-03 7.116919939999999653e-40 0.000000000000000000e+00 0.000000000000000000e+00
2.478499999999999800e-03 6.481590500000000327e-40 0.000000000000000000e+00 0.000000000000000000e+00
2.478999999999999867e-03 5.843871549999999827e-40 0.000000000000000000e+00 0.000000000000000000e+00
2.479499999999999933e-03 5.207206609999999780e-40 0.000000000000000000e+00 0.000000000000000000e+00
2.480000000000000000e-03 4.574863459999999707e-40 0.000000000000000000e+00 0.000000000000000000e+00
2.480500000000000066e-03 3.949925809999999739e-40 0.000000000000000000e+00 0.000000000000000000e+00
2.481000000000000132e-03 3.335286300000000084e-40 0.000000000000000000e+00 0.000000000000000000e+00
2.481500000000000199e-03 2.733640879999999996e-40 0.000000000000000000e+00 0.000000000000000000e+00
2.481999999999999831e-03 2.147484419999999832e-40 0.000000000000000000e+00 0.000000000000000000e+00
2.482499999999999898e-03 1.579107739999999903e-40 0.000000000000000000e+00 0.000000000000000000e+00
2.482999999999999964e-03 1.030595649999999933e-40 0.000000000000000000e+00 0.000000000000000000e+00
2.483500000000000030e-03 5.038263380000000154e-41 0.000000000000000000e+00 0.000000000000000000e+00
2.484000000000000097e-03 4.717427920000000226e-44 0.000000000000000000e+00 0.000000000000000000e+00
2.484500000000000163e-03 -4.780009390000000425e-41 0.000000000000000000e+00 0.000000000000000000e+00
2.484999999999999796e-03 -9.303267929999999920e-41 0.000000000000000000e+00 0.000000000000000000e+00
2.485499999999999862e-03 -1.355439779999999900e-40 0.000000000000000000e+00 0.000000000000000000e+00
2.485999999999999929e-03 -1.752468470000000099e-40 0.000000000000000000e+00 0.000000000000000000e+00
2.486499999999999995e-03 -2.120730959999999945e-40 0.000000000000000000e+00 0.000000000000000000e+00
2.487000000000000061e-03 -2.459729059999999992e-40 0.000000000000000000e+00 0.000000000000000000e+00
2.487500000000000128e-03 -2.769141790000000001e-40 0.000000000000000000e+00 0.000000000000000000e+00
2.488000000000000194e-03 -3.048818330000000148e-40 0.000000000000000000e+00 0.000000000000000000e+00
2.488499999999999827e-03 -3.298770390000000162e-40 0.000000000000000000e+00 0.000000000000000000e+00
2.488999999999999893e-03 -3.519164060000000098e-40 0.000000000000000000e+00 0.000000000000000000e+00
2.489499999999999959e-03 -3.710311389999999743e-40 0.000000000000000000e+00 0.000000000000000000e+00
2.490000000000000026e-03 -3.872661489999999813e-40 0.000000000000000000e+00 0.000000000000000000e+00
2.490500000000000092e-03 -4.006791430000000322e-40 0.000000000000000000e+00 0.000000000000000000e+00
2.491000000000000159e-03 -4.113396910000000193e-40 0.000000000000000000e+00 0.000000000000000000e+00
2.491499999999999791e-03 -4.193282769999999915e-40 0.000000000000000000e+00 0.000000000000000000e+00
2.491999999999999858e-03 -4.247353370000000319e-40 0.000000000000000000e+00 0.000000000000000000e+00
2.492499999999999924e-03 -4.276602999999999746e-40 0.000000000000000000e+00 0.000000000000000000e+00
2.492999999999999990e-03 -4.282106219999999598e-40 0.000000000000000000e+00 0.000000000000000000e+00
2.493500000000000057e-03 -4.265008260000000142e-40 0.000000000000000000e+00 0.000000000000000000e+00
2.494000000000000123e-03 -4.226515640000000227e-40 0.000000000000000000e+00 0.000000000000000000e+00
2.494500000000000189e-03 -4.167886749999999707e-40 0.000000000000000000e+00 0.000000000000000000e+00
2.494999999999999822e-03 -4.090422809999999878e-40 0.000000000000000000e+00 0.000000000000000000e+00
2.495499999999999888e-03 -3.995458889999999878e-40 0.000000000000000000e+00 0.000000000000000000e+00
2.495999999999999955e-03 -3.884355330000000357e-40 0.000000000000000000e+00 0.000000000000000000e+00
2.496500000000000021e-03 -3.758489379999999655e-40 0.000000000000000000e+00 0.000000000000000000e+00
2.497000000000000088e-03 -3.619247180000000076e-40 0.000000000000000000e+00 0.000000000000000000e+00
2.497500000000000154e-03 -3.468016100000000081e-40 0.000000000000000000e+00 0.000000000000000000e+00
2.497999999999999787e-03 -3.306177419999999842e-40 0.000000000000000000e+00 0.000000000000000000e+00
2.498499999999999853e-03 -3.135099460000000103e-40 0.000000000000000000e+00 0.000000000000000000e+00
2.498999999999999919e-03 -2.956131069999999995e-40 0.000000000000000000e+00 0.000000000000000000e+00
2.499499999999999986e-03 -2.770595569999999993e-40 0.000000000000000000e+00 0.000000000000000000e+00
