0.000000000000000000e+00 1.188238040000000000e+14 0.000000000000000000e+00 0.000000000000000000e+00
9.999999999999999547e-08 1.187337600000000000e+14 0.000000000000000000e+00 0.000000000000000000e+00
1.999999999999999909e-07 1.186434240000000000e+14 0.000000000000000000e+00 0.000000000000000000e+00
2.999999999999999864e-07 1.185527980000000000e+14 0.000000000000000000e+00 0.000000000000000000e+00
3.999999999999999819e-07 1.184618820000000000e+14 0.000000000000000000e+00 0.000000000000000000e+00
4.999999999999999774e-07 1.183706770000000000e+14 0.000000000000000000e+00 0.000000000000000000e+00
5.999999999999999728e-07 1.182791840000000000e+14 0.000000000000000000e+00 0.000000000000000000e+00
6.999999999999999683e-07 1.181874040000000000e+14 0.000000000000000000e+00 0.000000000000000000e+00
7.999999999999999638e-07 1.180953370000000000e+14 0.000000000000000000e+00 0.000000000000000000e+00
8.999999999999999593e-07 1.180029830000000000e+14 0.000000000000000000e+00 0.000000000000000000e+00
9.999999999999999547e-07 1.179103450000000000e+14 0.000000000000000000e+00 0.000000000000000000e+00
1.100000000000000056e-06 1.178174220000000000e+14 0.000000000000000000e+00 0.000000000000000000e+00
1.199999999999999946e-06 1.177242160000000000e+14 0.000000000000000000e+00 0.000000000000000000e+00
1.300000000000000047e-06 1.176307270000000000e+14 0.000000000000000000e+00 0.000000000000000000e+00
1.399999999999999937e-06 1.175369560000000000e+14 0.000000000000000000e+00 0.000000000000000000e+00
1.500000000000000038e-06 1.174429030000000000e+14 0.000000000000000000e+00 0.000000000000000000e+00
1.599999999999999928e-06 1.173485700000000000e+14 0.000000000000000000e+00 0.000000000000000000e+00
1.700000000000000029e-06 1.172539570000000000e+14 0.000000000000000000e+00 0.000000000000000000e+00
1.799999999999999919e-06 1.171590650000000000e+14 0.000000000000000000e+00 0.000000000000000000e+00
1.900000000000000020e-06 1.170638940000000000e+14 0.000000000000000000e+00 0.000000000000000000e+00
1.999999999999999909e-06 1.169684460000000000e+14 0.000000000000000000e+00 0.000000000000000000e+00
2.099999999999999799e-06 1.168727220000000000e+14 0.000000000000000000e+00 0.000000000000000000e+00
2.200000000000000112e-06 1.167767210000000000e+14 0.000000000000000000e+00 0.000000000000000000e+00
2.300000000000000002e-06 1.166804450000000000e+14 0.000000000000000000e+00 0.000000000000000000e+00
2.399999999999999891e-06 1.165838950000000000e+14 0.000000000000000000e+00 0.000000000000000000e+00
2.500000000000000205e-06 1.164870710000000000e+14 0.000000000000000000e+00 0.000000000000000000e+00
2.600000000000000094e-06 1.163899740000000000e+14 0.000000000000000000e+00 0.000000000000000000e+00
2.699999999999999984e-06 1.162926050000000000e+14 0.000000000000000000e+00 0.000000000000000000e+00
2.799999999999999873e-06 1.161949640000000000e+14 0.000000000000000000e+00 0.000000000000000000e+00
2.900000000000000186e-06 1.160970530000000000e+14 0.000000000000000000e+00 0.000000000000000000e+00
3.000000000000000076e-06 1.159988720000000000e+14 0.000000000000000000e+00 0.000000000000000000e+00
3.099999999999999966e-06 1.159004210000000000e+14 0.000000000000000000e+00 0.000000000000000000e+00
3.199999999999999855e-06 1.158017030000000000e+14 0.000000000000000000e+00 0.000000000000000000e+00
3.300000000000000168e-06 1.157027160000000000e+14 0.000000000000000000e+00 0.000000000000000000e+00
3.400000000000000058e-06 1.156034630000000000e+14 0.000000000000000000e+00 0.000000000000000000e+00
3.499999999999999947e-06 1.155039440000000000e+14 0.000000000000000000e+00 0.000000000000000000e+00
3.599999999999999837e-06 1.154041590000000000e+14 0.000000000000000000e+00 0.000000000000000000e+00
3.700000000000000150e-06 1.153041100000000000e+14 0.000000000000000000e+00 0.000000000000000000e+00
3.800000000000000040e-06 1.152037970000000000e+14 0.000000000000000000e+00 0.000000000000000000e+00
3.899999999999999929e-06 1.151032210000000000e+14 0.000000000000000000e+00 0.000000000000000000e+00
3.999999999999999819e-06 1.150023830000000000e+14 0.000000000000000000e+00 0.000000000000000000e+00
4.099999999999999709e-06 1.149012830000000000e+14 0.000000000000000000e+00 0.000000000000000000e+00
4.199999999999999598e-06 1.147999230000000000e+14 0.000000000000000000e+00 0.000000000000000000e+00
4.300000000000000335e-06 1.146983020000000000e+14 0.000000000000000000e+00 0.000000000000000000e+00
4.400000000000000224e-06 1.145964220000000000e+14 0.000000000000000000e+00 0.000000000000000000e+00
4.500000000000000114e-06 1.144942840000000000e+14 0.000000000000000000e+00 0.000000000000000000e+00
4.600000000000000004e-06 1.143918880000000000e+14 0.000000000000000000e+00 0.000000000000000000e+00
4.699999999999999893e-06 1.142892350000000000e+14 0.000000000000000000e+00 0.000000000000000000e+00
4.799999999999999783e-06 1.141863260000000000e+14 0.000000000000000000e+00 0.000000000000000000e+00
4.899999999999999672e-06 1.140831610000000000e+14 0.000000000000000000e+00 0.000000000000000000e+00
5.000000000000000409e-06 1.139797420000000000e+14 0.000000000000000000e+00 0.000000000000000000e+00
5.100000000000000299e-06 1.138760680000000000e+14 0.000000000000000000e+00 0.000000000000000000e+00
5.200000000000000188e-06 1.137721420000000000e+14 0.000000000000000000e+00 0.000000000000000000e+00
5.300000000000000078e-06 1.136679630000000000e+14 0.000000000000000000e+00 0.000000000000000000e+00
5.399999999999999967e-06 1.135635320000000000e+14 0.000000000000000000e+00 0.000000000000000000e+00
5.499999999999999857e-06 1.134588500000000000e+14 0.000000000000000000e+00 0.000000000000000000e+00
5.599999999999999747e-06 1.133539190000000000e+14 0.000000000000000000e+00 0.000000000000000000e+00
5.699999999999999636e-06 1.132487370000000000e+14 0.000000000000000000e+00 0.000000000000000000e+00
5.800000000000000373e-06 1.131433080000000000e+14 0.000000000000000000e+00 0.000000000000000000e+00
5.900000000000000262e-06 1.130376300000000000e+14 0.000000000000000000e+00 0.000000000000000000e+00
6.000000000000000152e-06 1.129317050000000000e+14 0.000000000000000000e+00 0.000000000000000000e+00
6.100000000000000042e-06 1.128255340000000000e+14 0.000000000000000000e+00 0.000000000000000000e+00
6.199999999999999931e-06 1.127191170000000000e+14 0.000000000000000000e+00 0.000000000000000000e+00
6.299999999999999821e-06 1.126124550000000000e+14 0.000000000000000000e+00 0.000000000000000000e+00
6.399999999999999710e-06 1.125055490000000000e+14 0.000000000000000000e+00 0.000000000000000000e+00
6.499999999999999600e-06 1.123984000000000000e+14 0.000000000000000000e+00 0.000000000000000000e+00
6.600000000000000337e-06 1.122910080000000000e+14 0.000000000000000000e+00 0.000000000000000000e+00
6.700000000000000226e-06 1.121833750000000000e+14 0.000000000000000000e+00 0.000000000000000000e+00
6.800000000000000116e-06 1.120755000000000000e+14 0.000000000000000000e+00 0.000000000000000000e+00
6.900000000000000005e-06 1.119673850000000000e+14 0.000000000000000000e+00 0.000000000000000000e+00
6.999999999999999895e-06 1.118590300000000000e+14 0.000000000000000000e+00 0.000000000000000000e+00
7.099999999999999785e-06 1.117504360000000000e+14 0.000000000000000000e+00 0.000000000000000000e+00
7.199999999999999674e-06 1.116416050000000000e+14 0.000000000000000000e+00 0.000000000000000000e+00
7.300000000000000411e-06 1.115325360000000000e+14 0.000000000000000000e+00 0.000000000000000000e+00
7.400000000000000300e-06 1.114232300000000000e+14 0.000000000000000000e+00 0.000000000000000000e+00
7.500000000000000190e-06 1.113136880000000000e+14 0.000000000000000000e+00 0.000000000000000000e+00
7.600000000000000080e-06 1.112039120000000000e+14 0.000000000000000000e+00 0.000000000000000000e+00
7.700000000000000816e-06 1.110939010000000000e+14 0.000000000000000000e+00 0.000000000000000000e+00
7.799999999999999859e-06 1.109836560000000000e+14 0.000000000000000000e+00 0.000000000000000000e+00
7.900000000000000595e-06 1.108731790000000000e+14 0.000000000000000000e+00 0.000000000000000000e+00
7.999999999999999638e-06 1.107624700000000000e+14 0.000000000000000000e+00 0.000000000000000000e+00
8.100000000000000375e-06 1.106515290000000000e+14 0.000000000000000000e+00 0.000000000000000000e+00
8.199999999999999417e-06 1.105403570000000000e+14 0.000000000000000000e+00 0.000000000000000000e+00
8.300000000000000154e-06 1.104289560000000000e+14 0.000000000000000000e+00 0.000000000000000000e+00
8.399999999999999196e-06 1.103173260000000000e+14 0.000000000000000000e+00 0.000000000000000000e+00
8.499999999999999933e-06 1.102054670000000000e+14 0.000000000000000000e+00 0.000000000000000000e+00
8.600000000000000670e-06 1.100933810000000000e+14 0.000000000000000000e+00 0.000000000000000000e+00
8.699999999999999712e-06 1.099810680000000000e+14 0.000000000000000000e+00 0.000000000000000000e+00
8.800000000000000449e-06 1.098685290000000000e+14 0.000000000000000000e+00 0.000000000000000000e+00
8.899999999999999491e-06 1.097557640000000000e+14 0.000000000000000000e+00 0.000000000000000000e+00
9.000000000000000228e-06 1.096427750000000000e+14 0.000000000000000000e+00 0.000000000000000000e+00
9.099999999999999271e-06 1.095295620000000000e+14 0.000000000000000000e+00 0.000000000000000000e+00
9.200000000000000007e-06 1.094161260000000000e+14 0.000000000000000000e+00 0.000000000000000000e+00
9.300000000000000744e-06 1.093024670000000000e+14 0.000000000000000000e+00 0.000000000000000000e+00
9.399999999999999786e-06 1.091885870000000000e+14 0.000000000000000000e+00 0.000000000000000000e+00
9.500000000000000523e-06 1.090744860000000000e+14 0.000000000000000000e+00 0.000000000000000000e+00
9.599999999999999566e-06 1.089601650000000000e+14 0.000000000000000000e+00 0.000000000000000000e+00
9.700000000000000302e-06 1.088456240000000000e+14 0.000000000000000000e+00 0.000000000000000000e+00
9.799999999999999345e-06 1.087308650000000000e+14 0.000000000000000000e+00 0.000000000000000000e+00
9.900000000000000081e-06 1.086158880000000000e+14 0.000000000000000000e+00 0.000000000000000000e+00
1.000000000000000082e-05 1.085006930000000000e+14 0.000000000000000000e+00 0.000000000000000000e+00
1.009999999999999986e-05 1.083852830000000000e+14 0.000000000000000000e+00 0.000000000000000000e+00
1.020000000000000060e-05 1.082696560000000000e+14 0.000000000000000000e+00 0.000000000000000000e+00
1.029999999999999964e-05 1.081538150000000000e+14 0.000000000000000000e+00 0.000000000000000000e+00
1.040000000000000038e-05 1.080377590000000000e+14 0.000000000000000000e+00 0.000000000000000000e+00
1.049999999999999942e-05 1.079214900000000000e+14 0.000000000000000000e+00 0.000000000000000000e+00
1.060000000000000016e-05 1.078050090000000000e+14 0.000000000000000000e+00 0.000000000000000000e+00
1.069999999999999920e-05 1.076883150000000000e+14 0.000000000000000000e+00 0.000000000000000000e+00
1.079999999999999993e-05 1.075714100000000000e+14 0.000000000000000000e+00 0.000000000000000000e+00
1.090000000000000067e-05 1.074542950000000000e+14 0.000000000000000000e+00 0.000000000000000000e+00
1.099999999999999971e-05 1.073369700000000000e+14 0.000000000000000000e+00 0.000000000000000000e+00
1.110000000000000045e-05 1.072194360000000000e+14 0.000000000000000000e+00 0.000000000000000000e+00
1.119999999999999949e-05 1.071016930000000000e+14 0.000000000000000000e+00 0.000000000000000000e+00
1.130000000000000023e-05 1.069837430000000000e+14 0.000000000000000000e+00 0.000000000000000000e+00
1.139999999999999927e-05 1.068655870000000000e+14 0.000000000000000000e+00 0.000000000000000000e+00
1.150000000000000001e-05 1.067472240000000000e+14 0.000000000000000000e+00 0.000000000000000000e+00
1.160000000000000075e-05 1.066286560000000000e+14 0.000000000000000000e+00 0.000000000000000000e+00
1.169999999999999979e-05 1.065098830000000000e+14 0.000000000000000000e+00 0.000000000000000000e+00
1.180000000000000052e-05 1.063909070000000000e+14 0.000000000000000000e+00 0.000000000000000000e+00
1.189999999999999957e-05 1.062717270000000000e+14 0.000000000000000000e+00 0.000000000000000000e+00
1.200000000000000030e-05 1.061523450000000000e+14 0.000000000000000000e+00 0.000000000000000000e+00
1.209999999999999935e-05 1.060327620000000000e+14 0.000000000000000000e+00 0.000000000000000000e+00
1.220000000000000008e-05 1.059129770000000000e+14 0.000000000000000000e+00 0.000000000000000000e+00
1.230000000000000082e-05 1.057929920000000000e+14 0.000000000000000000e+00 0.000000000000000000e+00
1.239999999999999986e-05 1.056728080000000000e+14 0.000000000000000000e+00 0.000000000000000000e+00
1.250000000000000060e-05 1.055524250000000000e+14 0.000000000000000000e+00 0.000000000000000000e+00
1.259999999999999964e-05 1.054318450000000000e+14 0.000000000000000000e+00 0.000000000000000000e+00
1.270000000000000038e-05 1.053110670000000000e+14 0.000000000000000000e+00 0.000000000000000000e+00
1.279999999999999942e-05 1.051900920000000000e+14 0.000000000000000000e+00 0.000000000000000000e+00
1.290000000000000016e-05 1.050689220000000000e+14 0.000000000000000000e+00 0.000000000000000000e+00
1.299999999999999920e-05 1.049475570000000000e+14 0.000000000000000000e+00 0.000000000000000000e+00
1.309999999999999994e-05 1.048259970000000000e+14 0.000000000000000000e+00 0.000000000000000000e+00
1.320000000000000067e-05 1.047042440000000000e+14 0.000000000000000000e+00 0.000000000000000000e+00
1.329999999999999972e-05 1.045822980000000000e+14 0.000000000000000000e+00 0.000000000000000000e+00
1.340000000000000045e-05 1.044601600000000000e+14 0.000000000000000000e+00 0.000000000000000000e+00
1.349999999999999949e-05 1.043378310000000000e+14 0.000000000000000000e+00 0.000000000000000000e+00
1.360000000000000023e-05 1.042153110000000000e+14 0.000000000000000000e+00 0.000000000000000000e+00
1.369999999999999927e-05 1.040926010000000000e+14 0.000000000000000000e+00 0.000000000000000000e+00
1.380000000000000001e-05 1.039697020000000000e+14 0.000000000000000000e+00 0.000000000000000000e+00
1.390000000000000075e-05 1.038466140000000000e+14 0.000000000000000000e+00 0.000000000000000000e+00
1.399999999999999979e-05 1.037233390000000000e+14 0.000000000000000000e+00 0.000000000000000000e+00
1.410000000000000053e-05 1.035998760000000000e+14 0.000000000000000000e+00 0.000000000000000000e+00
1.419999999999999957e-05 1.034762280000000000e+14 0.000000000000000000e+00 0.000000000000000000e+00
1.430000000000000031e-05 1.033523930000000000e+14 0.000000000000000000e+00 0.000000000000000000e+00
1.439999999999999935e-05 1.032283740000000000e+14 0.000000000000000000e+00 0.000000000000000000e+00
1.450000000000000009e-05 1.031041710000000000e+14 0.000000000000000000e+00 0.000000000000000000e+00
1.460000000000000082e-05 1.029797850000000000e+14 0.000000000000000000e+00 0.000000000000000000e+00
1.469999999999999986e-05 1.028552160000000000e+14 0.000000000000000000e+00 0.000000000000000000e+00
1.480000000000000060e-05 1.027304650000000000e+14 0.000000000000000000e+00 0.000000000000000000e+00
1.489999999999999964e-05 1.026055320000000000e+14 0.000000000000000000e+00 0.000000000000000000e+00
1.500000000000000038e-05 1.024804200000000000e+14 0.000000000000000000e+00 0.000000000000000000e+00
1.509999999999999942e-05 1.023551270000000000e+14 0.000000000000000000e+00 0.000000000000000000e+00
1.520000000000000016e-05 1.022296560000000000e+14 0.000000000000000000e+00 0.000000000000000000e+00
1.529999999999999920e-05 1.021040060000000000e+14 0.000000000000000000e+00 0.000000000000000000e+00
1.540000000000000163e-05 1.019781780000000000e+14 0.000000000000000000e+00 0.000000000000000000e+00
1.550000000000000068e-05 1.018521740000000000e+14 0.000000000000000000e+00 0.000000000000000000e+00
1.559999999999999972e-05 1.017259940000000000e+14 0.000000000000000000e+00 0.000000000000000000e+00
1.569999999999999876e-05 1.015996380000000000e+14 0.000000000000000000e+00 0.000000000000000000e+00
1.580000000000000119e-05 1.014731080000000000e+14 0.000000000000000000e+00 0.000000000000000000e+00
1.590000000000000023e-05 1.013464030000000000e+14 0.000000000000000000e+00 0.000000000000000000e+00
1.599999999999999928e-05 1.012195250000000000e+14 0.000000000000000000e+00 0.000000000000000000e+00
1.609999999999999832e-05 1.010924750000000000e+14 0.000000000000000000e+00 0.000000000000000000e+00
1.620000000000000075e-05 1.009652530000000000e+14 0.000000000000000000e+00 0.000000000000000000e+00
1.629999999999999979e-05 1.008378600000000000e+14 0.000000000000000000e+00 0.000000000000000000e+00
1.639999999999999883e-05 1.007102960000000000e+14 0.000000000000000000e+00 0.000000000000000000e+00
1.650000000000000127e-05 1.005825630000000000e+14 0.000000000000000000e+00 0.000000000000000000e+00
1.660000000000000031e-05 1.004546610000000000e+14 0.000000000000000000e+00 0.000000000000000000e+00
1.669999999999999935e-05 1.003265900000000000e+14 0.000000000000000000e+00 0.000000000000000000e+00
1.679999999999999839e-05 1.001983520000000000e+14 0.000000000000000000e+00 0.000000000000000000e+00
1.690000000000000082e-05 1.000699470000000000e+14 0.000000000000000000e+00 0.000000000000000000e+00
1.699999999999999987e-05 9.994137660000000000e+13 0.000000000000000000e+00 0.000000000000000000e+00
1.709999999999999891e-05 9.981264030000000000e+13 0.000000000000000000e+00 0.000000000000000000e+00
1.720000000000000134e-05 9.968373940000000000e+13 0.000000000000000000e+00 0.000000000000000000e+00
1.730000000000000038e-05 9.955467450000000000e+13 0.000000000000000000e+00 0.000000000000000000e+00
1.739999999999999942e-05 9.942544640000000000e+13 0.000000000000000000e+00 0.000000000000000000e+00
1.749999999999999847e-05 9.929605570000000000e+13 0.000000000000000000e+00 0.000000000000000000e+00
1.760000000000000090e-05 9.916650320000000000e+13 0.000000000000000000e+00 0.000000000000000000e+00
1.769999999999999994e-05 9.903678960000000000e+13 0.000000000000000000e+00 0.000000000000000000e+00
1.779999999999999898e-05 9.890691570000000000e+13 0.000000000000000000e+00 0.000000000000000000e+00
1.790000000000000141e-05 9.877688200000000000e+13 0.000000000000000000e+00 0.000000000000000000e+00
1.800000000000000046e-05 9.864668930000000000e+13 0.000000000000000000e+00 0.000000000000000000e+00
1.809999999999999950e-05 9.851633840000000000e+13 0.000000000000000000e+00 0.000000000000000000e+00
1.819999999999999854e-05 9.838583000000000000e+13 0.000000000000000000e+00 0.000000000000000000e+00
1.830000000000000097e-05 9.825516460000000000e+13 0.000000000000000000e+00 0.000000000000000000e+00
1.840000000000000001e-05 9.812434320000000000e+13 0.000000000000000000e+00 0.000000000000000000e+00
1.849999999999999906e-05 9.799336630000000000e+13 0.000000000000000000e+00 0.000000000000000000e+00
1.860000000000000149e-05 9.786223460000000000e+13 0.000000000000000000e+00 0.000000000000000000e+00
1.870000000000000053e-05 9.773094900000000000e+13 0.000000000000000000e+00 0.000000000000000000e+00
1.879999999999999957e-05 9.759951000000000000e+13 0.000000000000000000e+00 0.000000000000000000e+00
1.889999999999999862e-05 9.746791840000000000e+13 0.000000000000000000e+00 0.000000000000000000e+00
1.900000000000000105e-05 9.733617490000000000e+13 0.000000000000000000e+00 0.000000000000000000e+00
1.910000000000000009e-05 9.720428020000000000e+13 0.000000000000000000e+00 0.000000000000000000e+00
1.919999999999999913e-05 9.707223500000000000e+13 0.000000000000000000e+00 0.000000000000000000e+00
1.930000000000000156e-05 9.694004000000000000e+13 0.000000000000000000e+00 0.000000000000000000e+00
1.940000000000000060e-05 9.680769590000000000e+13 0.000000000000000000e+00 0.000000000000000000e+00
1.949999999999999965e-05 9.667520340000000000e+13 0.000000000000000000e+00 0.000000000000000000e+00
1.959999999999999869e-05 9.654256320000000000e+13 0.000000000000000000e+00 0.000000000000000000e+00
1.970000000000000112e-05 9.640977600000000000e+13 0.000000000000000000e+00 0.000000000000000000e+00
1.980000000000000016e-05 9.627684250000000000e+13 0.000000000000000000e+00 0.000000000000000000e+00
1.989999999999999921e-05 9.614376350000000000e+13 0.000000000000000000e+00 0.000000000000000000e+00
2.000000000000000164e-05 9.601053950000000000e+13 0.000000000000000000e+00 0.000000000000000000e+00
2.010000000000000068e-05 9.587717140000000000e+13 0.000000000000000000e+00 0.000000000000000000e+00
2.019999999999999972e-05 9.574365970000000000e+13 0.000000000000000000e+00 0.000000000000000000e+00
2.029999999999999876e-05 9.561000530000000000e+13 0.000000000000000000e+00 0.000000000000000000e+00
2.040000000000000119e-05 9.547620870000000000e+13 0.000000000000000000e+00 0.000000000000000000e+00
2.050000000000000024e-05 9.534227070000000000e+13 0.000000000000000000e+00 0.000000000000000000e+00
2.059999999999999928e-05 9.520819210000000000e+13 0.000000000000000000e+00 0.000000000000000000e+00
2.069999999999999832e-05 9.507397340000000000e+13 0.000000000000000000e+00 0.000000000000000000e+00
2.080000000000000075e-05 9.493961540000000000e+13 0.000000000000000000e+00 0.000000000000000000e+00
2.089999999999999980e-05 9.480511880000000000e+13 0.000000000000000000e+00 0.000000000000000000e+00
2.099999999999999884e-05 9.467048420000000000e+13 0.000000000000000000e+00 0.000000000000000000e+00
2.110000000000000127e-05 9.453571240000000000e+13 0.000000000000000000e+00 0.000000000000000000e+00
2.120000000000000031e-05 9.440080410000000000e+13 0.000000000000000000e+00 0.000000000000000000e+00
2.129999999999999935e-05 9.426575990000000000e+13 0.000000000000000000e+00 0.000000000000000000e+00
2.139999999999999840e-05 9.413058060000000000e+13 0.000000000000000000e+00 0.000000000000000000e+00
2.150000000000000083e-05 9.399526670000000000e+13 0.000000000000000000e+00 0.000000000000000000e+00
2.159999999999999987e-05 9.385981910000000000e+13 0.000000000000000000e+00 0.000000000000000000e+00
2.169999999999999891e-05 9.372423840000000000e+13 0.000000000000000000e+00 0.000000000000000000e+00
2.180000000000000134e-05 9.358852530000000000e+13 0.000000000000000000e+00 0.000000000000000000e+00
2.190000000000000039e-05 9.345268050000000000e+13 0.000000000000000000e+00 0.000000000000000000e+00
2.199999999999999943e-05 9.331670470000000000e+13 0.000000000000000000e+00 0.000000000000000000e+00
2.209999999999999847e-05 9.318059850000000000e+13 0.000000000000000000e+00 0.000000000000000000e+00
2.220000000000000090e-05 9.304436270000000000e+13 0.000000000000000000e+00 0.000000000000000000e+00
2.229999999999999994e-05 9.290799800000000000e+13 0.000000000000000000e+00 0.000000000000000000e+00
2.239999999999999899e-05 9.277150490000000000e+13 0.000000000000000000e+00 0.000000000000000000e+00
2.250000000000000142e-05 9.263488430000000000e+13 0.000000000000000000e+00 0.000000000000000000e+00
2.260000000000000046e-05 9.249813670000000000e+13 0.000000000000000000e+00 0.000000000000000000e+00
2.269999999999999950e-05 9.236126290000000000e+13 0.000000000000000000e+00 0.000000000000000000e+00
2.279999999999999854e-05 9.222426360000000000e+13 0.000000000000000000e+00 0.000000000000000000e+00
2.290000000000000098e-05 9.208713950000000000e+13 0.000000000000000000e+00 0.000000000000000000e+00
2.300000000000000002e-05 9.194989110000000000e+13 0.000000000000000000e+00 0.000000000000000000e+00
2.309999999999999906e-05 9.181251930000000000e+13 0.000000000000000000e+00 0.000000000000000000e+00
2.320000000000000149e-05 9.167502460000000000e+13 0.000000000000000000e+00 0.000000000000000000e+00
2.330000000000000053e-05 9.153740790000000000e+13 0.000000000000000000e+00 0.000000000000000000e+00
2.339999999999999958e-05 9.139966960000000000e+13 0.000000000000000000e+00 0.000000000000000000e+00
2.349999999999999862e-05 9.126181060000000000e+13 0.000000000000000000e+00 0.000000000000000000e+00
2.360000000000000105e-05 9.112383150000000000e+13 0.000000000000000000e+00 0.000000000000000000e+00
2.370000000000000009e-05 9.098573300000000000e+13 0.000000000000000000e+00 0.000000000000000000e+00
2.379999999999999913e-05 9.084751580000000000e+13 0.000000000000000000e+00 0.000000000000000000e+00
2.390000000000000157e-05 9.070918050000000000e+13 0.000000000000000000e+00 0.000000000000000000e+00
2.400000000000000061e-05 9.057072780000000000e+13 0.000000000000000000e+00 0.000000000000000000e+00
2.409999999999999965e-05 9.043215850000000000e+13 0.000000000000000000e+00 0.000000000000000000e+00
2.419999999999999869e-05 9.029347310000000000e+13 0.000000000000000000e+00 0.000000000000000000e+00
2.430000000000000112e-05 9.015467230000000000e+13 0.000000000000000000e+00 0.000000000000000000e+00
2.440000000000000017e-05 9.001575680000000000e+13 0.000000000000000000e+00 0.000000000000000000e+00
2.449999999999999921e-05 8.987672740000000000e+13 0.000000000000000000e+00 0.000000000000000000e+00
2.460000000000000164e-05 8.973758460000000000e+13 0.000000000000000000e+00 0.000000000000000000e+00
2.470000000000000068e-05 8.959832910000000000e+13 0.000000000000000000e+00 0.000000000000000000e+00
2.479999999999999972e-05 8.945896170000000000e+13 0.000000000000000000e+00 0.000000000000000000e+00
2.489999999999999877e-05 8.931948290000000000e+13 0.000000000000000000e+00 0.000000000000000000e+00
2.500000000000000120e-05 8.917989350000000000e+13 0.000000000000000000e+00 0.000000000000000000e+00
2.510000000000000024e-05 8.904019410000000000e+13 0.000000000000000000e+00 0.000000000000000000e+00
2.519999999999999928e-05 8.890038540000000000e+13 0.000000000000000000e+00 0.000000000000000000e+00
2.529999999999999833e-05 8.876046800000000000e+13 0.000000000000000000e+00 0.000000000000000000e+00
2.540000000000000076e-05 8.862044270000000000e+13 0.000000000000000000e+00 0.000000000000000000e+00
2.549999999999999980e-05 8.848031010000000000e+13 0.000000000000000000e+00 0.000000000000000000e+00
2.559999999999999884e-05 8.834007080000000000e+13 0.000000000000000000e+00 0.000000000000000000e+00
2.570000000000000127e-05 8.819972550000000000e+13 0.000000000000000000e+00 0.000000000000000000e+00
2.580000000000000031e-05 8.805927500000000000e+13 0.000000000000000000e+00 0.000000000000000000e+00
2.589999999999999936e-05 8.791871980000000000e+13 0.000000000000000000e+00 0.000000000000000000e+00
2.599999999999999840e-05 8.777806060000000000e+13 0.000000000000000000e+00 0.000000000000000000e+00
2.610000000000000083e-05 8.763729810000000000e+13 0.000000000000000000e+00 0.000000000000000000e+00
2.619999999999999987e-05 8.749643290000000000e+13 0.000000000000000000e+00 0.000000000000000000e+00
2.629999999999999892e-05 8.735546580000000000e+13 0.000000000000000000e+00 0.000000000000000000e+00
2.640000000000000135e-05 8.721439730000000000e+13 0.000000000000000000e+00 0.000000000000000000e+00
2.650000000000000039e-05 8.707322820000000000e+13 0.000000000000000000e+00 0.000000000000000000e+00
2.659999999999999943e-05 8.693195900000000000e+13 0.000000000000000000e+00 0.000000000000000000e+00
2.669999999999999847e-05 8.679059050000000000e+13 0.000000000000000000e+00 0.000000000000000000e+00
2.680000000000000090e-05 8.664912330000000000e+13 0.000000000000000000e+00 0.000000000000000000e+00
2.689999999999999995e-05 8.650755810000000000e+13 0.000000000000000000e+00 0.000000000000000000e+00
2.699999999999999899e-05 8.636589550000000000e+13 0.000000000000000000e+00 0.000000000000000000e+00
2.710000000000000142e-05 8.622413620000000000e+13 0.000000000000000000e+00 0.000000000000000000e+00
2.720000000000000046e-05 8.608228080000000000e+13 0.000000000000000000e+00 0.000000000000000000e+00
2.729999999999999951e-05 8.594033010000000000e+13 0.000000000000000000e+00 0.000000000000000000e+00
2.739999999999999855e-05 8.579828450000000000e+13 0.000000000000000000e+00 0.000000000000000000e+00
2.750000000000000098e-05 8.565614490000000000e+13 0.000000000000000000e+00 0.000000000000000000e+00
2.760000000000000002e-05 8.551391190000000000e+13 0.000000000000000000e+00 0.000000000000000000e+00
2.769999999999999906e-05 8.537158600000000000e+13 0.000000000000000000e+00 0.000000000000000000e+00
2.780000000000000149e-05 8.522916810000000000e+13 0.000000000000000000e+00 0.000000000000000000e+00
2.790000000000000054e-05 8.508665860000000000e+13 0.000000000000000000e+00 0.000000000000000000e+00
2.799999999999999958e-05 8.494405830000000000e+13 0.000000000000000000e+00 0.000000000000000000e+00
2.809999999999999862e-05 8.480136790000000000e+13 0.000000000000000000e+00 0.000000000000000000e+00
2.820000000000000105e-05 8.465858790000000000e+13 0.000000000000000000e+00 0.000000000000000000e+00
2.830000000000000010e-05 8.451571900000000000e+13 0.000000000000000000e+00 0.000000000000000000e+00
2.839999999999999914e-05 8.437276190000000000e+13 0.000000000000000000e+00 0.000000000000000000e+00
2.850000000000000157e-05 8.422971720000000000e+13 0.000000000000000000e+00 0.000000000000000000e+00
2.860000000000000061e-05 8.408658560000000000e+13 0.000000000000000000e+00 0.000000000000000000e+00
2.869999999999999965e-05 8.394336770000000000e+13 0.000000000000000000e+00 0.000000000000000000e+00
2.879999999999999870e-05 8.380006420000000000e+13 0.000000000000000000e+00 0.000000000000000000e+00
2.890000000000000113e-05 8.365667560000000000e+13 0.000000000000000000e+00 0.000000000000000000e+00
2.900000000000000017e-05 8.351320270000000000e+13 0.000000000000000000e+00 0.000000000000000000e+00
2.909999999999999921e-05 8.336964610000000000e+13 0.000000000000000000e+00 0.000000000000000000e+00
2.920000000000000164e-05 8.322600640000000000e+13 0.000000000000000000e+00 0.000000000000000000e+00
2.930000000000000069e-05 8.308228430000000000e+13 0.000000000000000000e+00 0.000000000000000000e+00
2.939999999999999973e-05 8.293848040000000000e+13 0.000000000000000000e+00 0.000000000000000000e+00
2.949999999999999877e-05 8.279459540000000000e+13 0.000000000000000000e+00 0.000000000000000000e+00
2.960000000000000120e-05 8.265062990000000000e+13 0.000000000000000000e+00 0.000000000000000000e+00
2.970000000000000024e-05 8.250658450000000000e+13 0.000000000000000000e+00 0.000000000000000000e+00
2.979999999999999929e-05 8.236245990000000000e+13 0.000000000000000000e+00 0.000000000000000000e+00
2.989999999999999833e-05 8.221825670000000000e+13 0.000000000000000000e+00 0.000000000000000000e+00
3.000000000000000076e-05 8.207397560000000000e+13 0.000000000000000000e+00 0.000000000000000000e+00
3.009999999999999980e-05 8.192961720000000000e+13 0.000000000000000000e+00 0.000000000000000000e+00
3.019999999999999885e-05 8.178518210000000000e+13 0.000000000000000000e+00 0.000000000000000000e+00
3.030000000000000128e-05 8.164067090000000000e+13 0.000000000000000000e+00 0.000000000000000000e+00
3.040000000000000032e-05 8.149608440000000000e+13 0.000000000000000000e+00 0.000000000000000000e+00
3.049999999999999936e-05 8.135142310000000000e+13 0.000000000000000000e+00 0.000000000000000000e+00
3.059999999999999840e-05 8.120668770000000000e+13 0.000000000000000000e+00 0.000000000000000000e+00
3.070000000000000083e-05 8.106187870000000000e+13 0.000000000000000000e+00 0.000000000000000000e+00
3.080000000000000326e-05 8.091699700000000000e+13 0.000000000000000000e+00 0.000000000000000000e+00
3.089999999999999892e-05 8.077204290000000000e+13 0.000000000000000000e+00 0.000000000000000000e+00
3.100000000000000135e-05 8.062701730000000000e+13 0.000000000000000000e+00 0.000000000000000000e+00
3.109999999999999700e-05 8.048192070000000000e+13 0.000000000000000000e+00 0.000000000000000000e+00
3.119999999999999944e-05 8.033675380000000000e+13 0.000000000000000000e+00 0.000000000000000000e+00
3.130000000000000187e-05 8.019151710000000000e+13 0.000000000000000000e+00 0.000000000000000000e+00
3.139999999999999752e-05 8.004621140000000000e+13 0.000000000000000000e+00 0.000000000000000000e+00
3.149999999999999995e-05 7.990083720000000000e+13 0.000000000000000000e+00 0.000000000000000000e+00
3.160000000000000238e-05 7.975539520000000000e+13 0.000000000000000000e+00 0.000000000000000000e+00
3.169999999999999804e-05 7.960988600000000000e+13 0.000000000000000000e+00 0.000000000000000000e+00
3.180000000000000047e-05 7.946431020000000000e+13 0.000000000000000000e+00 0.000000000000000000e+00
3.190000000000000290e-05 7.931866840000000000e+13 0.000000000000000000e+00 0.000000000000000000e+00
3.199999999999999855e-05 7.917296130000000000e+13 0.000000000000000000e+00 0.000000000000000000e+00
3.210000000000000098e-05 7.902718960000000000e+13 0.000000000000000000e+00 0.000000000000000000e+00
3.219999999999999664e-05 7.888135370000000000e+13 0.000000000000000000e+00 0.000000000000000000e+00
3.229999999999999907e-05 7.873545430000000000e+13 0.000000000000000000e+00 0.000000000000000000e+00
3.240000000000000150e-05 7.858949220000000000e+13 0.000000000000000000e+00 0.000000000000000000e+00
3.249999999999999715e-05 7.844346780000000000e+13 0.000000000000000000e+00 0.000000000000000000e+00
3.259999999999999958e-05 7.829738180000000000e+13 0.000000000000000000e+00 0.000000000000000000e+00
3.270000000000000201e-05 7.815123480000000000e+13 0.000000000000000000e+00 0.000000000000000000e+00
3.279999999999999767e-05 7.800502740000000000e+13 0.000000000000000000e+00 0.000000000000000000e+00
3.290000000000000010e-05 7.785876030000000000e+13 0.000000000000000000e+00 0.000000000000000000e+00
3.300000000000000253e-05 7.771243410000000000e+13 0.000000000000000000e+00 0.000000000000000000e+00
3.309999999999999818e-05 7.756604940000000000e+13 0.000000000000000000e+00 0.000000000000000000e+00
3.320000000000000062e-05 7.741960680000000000e+13 0.000000000000000000e+00 0.000000000000000000e+00
3.330000000000000305e-05 7.727310690000000000e+13 0.000000000000000000e+00 0.000000000000000000e+00
3.339999999999999870e-05 7.712655030000000000e+13 0.000000000000000000e+00 0.000000000000000000e+00
3.350000000000000113e-05 7.697993760000000000e+13 0.000000000000000000e+00 0.000000000000000000e+00
3.359999999999999679e-05 7.683326960000000000e+13 0.000000000000000000e+00 0.000000000000000000e+00
3.369999999999999922e-05 7.668654670000000000e+13 0.000000000000000000e+00 0.000000000000000000e+00
3.380000000000000165e-05 7.653976950000000000e+13 0.000000000000000000e+00 0.000000000000000000e+00
3.389999999999999730e-05 7.639293880000000000e+13 0.000000000000000000e+00 0.000000000000000000e+00
3.399999999999999973e-05 7.624605500000000000e+13 0.000000000000000000e+00 0.000000000000000000e+00
3.410000000000000216e-05 7.609911890000000000e+13 0.000000000000000000e+00 0.000000000000000000e+00
3.419999999999999782e-05 7.595213100000000000e+13 0.000000000000000000e+00 0.000000000000000000e+00
3.430000000000000025e-05 7.580509190000000000e+13 0.000000000000000000e+00 0.000000000000000000e+00
3.440000000000000268e-05 7.565800230000000000e+13 0.000000000000000000e+00 0.000000000000000000e+00
3.449999999999999833e-05 7.551086260000000000e+13 0.000000000000000000e+00 0.000000000000000000e+00
3.460000000000000076e-05 7.536367370000000000e+13 0.000000000000000000e+00 0.000000000000000000e+00
3.470000000000000319e-05 7.521643590000000000e+13 0.000000000000000000e+00 0.000000000000000000e+00
3.479999999999999885e-05 7.506915010000000000e+13 0.000000000000000000e+00 0.000000000000000000e+00
3.490000000000000128e-05 7.492181660000000000e+13 0.000000000000000000e+00 0.000000000000000000e+00
3.499999999999999693e-05 7.477443630000000000e+13 0.000000000000000000e+00 0.000000000000000000e+00
3.509999999999999936e-05 7.462700960000000000e+13 0.000000000000000000e+00 0.000000000000000000e+00
3.520000000000000180e-05 7.447953710000000000e+13 0.000000000000000000e+00 0.000000000000000000e+00
3.529999999999999745e-05 7.433201950000000000e+13 0.000000000000000000e+00 0.000000000000000000e+00
3.539999999999999988e-05 7.418445740000000000e+13 0.000000000000000000e+00 0.000000000000000000e+00
3.550000000000000231e-05 7.403685130000000000e+13 0.000000000000000000e+00 0.000000000000000000e+00
3.559999999999999797e-05 7.388920190000000000e+13 0.000000000000000000e+00 0.000000000000000000e+00
3.570000000000000040e-05 7.374150970000000000e+13 0.000000000000000000e+00 0.000000000000000000e+00
3.580000000000000283e-05 7.359377540000000000e+13 0.000000000000000000e+00 0.000000000000000000e+00
3.589999999999999848e-05 7.344599950000000000e+13 0.000000000000000000e+00 0.000000000000000000e+00
3.600000000000000091e-05 7.329818270000000000e+13 0.000000000000000000e+00 0.000000000000000000e+00
3.610000000000000334e-05 7.315032550000000000e+13 0.000000000000000000e+00 0.000000000000000000e+00
3.619999999999999900e-05 7.300242850000000000e+13 0.000000000000000000e+00 0.000000000000000000e+00
3.630000000000000143e-05 7.285449230000000000e+13 0.000000000000000000e+00 0.000000000000000000e+00
3.639999999999999708e-05 7.270651750000000000e+13 0.000000000000000000e+00 0.000000000000000000e+00
3.649999999999999951e-05 7.255850480000000000e+13 0.000000000000000000e+00 0.000000000000000000e+00
3.660000000000000194e-05 7.241045460000000000e+13 0.000000000000000000e+00 0.000000000000000000e+00
3.669999999999999760e-05 7.226236760000000000e+13 0.000000000000000000e+00 0.000000000000000000e+00
3.680000000000000003e-05 7.211424440000000000e+13 0.000000000000000000e+00 0.000000000000000000e+00
3.690000000000000246e-05 7.196608550000000000e+13 0.000000000000000000e+00 0.000000000000000000e+00
3.699999999999999811e-05 7.181789160000000000e+13 0.000000000000000000e+00 0.000000000000000000e+00
3.710000000000000054e-05 7.166966320000000000e+13 0.000000000000000000e+00 0.000000000000000000e+00
3.720000000000000298e-05 7.152140100000000000e+13 0.000000000000000000e+00 0.000000000000000000e+00
3.729999999999999863e-05 7.137310540000000000e+13 0.000000000000000000e+00 0.000000000000000000e+00
3.740000000000000106e-05 7.122477710000000000e+13 0.000000000000000000e+00 0.000000000000000000e+00
3.749999999999999671e-05 7.107641670000000000e+13 0.000000000000000000e+00 0.000000000000000000e+00
3.759999999999999915e-05 7.092802480000000000e+13 0.000000000000000000e+00 0.000000000000000000e+00
3.770000000000000158e-05 7.077960180000000000e+13 0.000000000000000000e+00 0.000000000000000000e+00
3.779999999999999723e-05 7.063114850000000000e+13 0.000000000000000000e+00 0.000000000000000000e+00
3.789999999999999966e-05 7.048266540000000000e+13 0.000000000000000000e+00 0.000000000000000000e+00
3.800000000000000209e-05 7.033415310000000000e+13 0.000000000000000000e+00 0.000000000000000000e+00
3.809999999999999775e-05 7.018561210000000000e+13 0.000000000000000000e+00 0.000000000000000000e+00
3.820000000000000018e-05 7.003704300000000000e+13 0.000000000000000000e+00 0.000000000000000000e+00
3.830000000000000261e-05 6.988844650000000000e+13 0.000000000000000000e+00 0.000000000000000000e+00
3.839999999999999826e-05 6.973982300000000000e+13 0.000000000000000000e+00 0.000000000000000000e+00
3.850000000000000069e-05 6.959117320000000000e+13 0.000000000000000000e+00 0.000000000000000000e+00
3.860000000000000312e-05 6.944249770000000000e+13 0.000000000000000000e+00 0.000000000000000000e+00
3.869999999999999878e-05 6.929379690000000000e+13 0.000000000000000000e+00 0.000000000000000000e+00
3.880000000000000121e-05 6.914507160000000000e+13 0.000000000000000000e+00 0.000000000000000000e+00
3.889999999999999686e-05 6.899632210000000000e+13 0.000000000000000000e+00 0.000000000000000000e+00
3.899999999999999929e-05 6.884754930000000000e+13 0.000000000000000000e+00 0.000000000000000000e+00
3.910000000000000172e-05 6.869875350000000000e+13 0.000000000000000000e+00 0.000000000000000000e+00
3.919999999999999738e-05 6.854993540000000000e+13 0.000000000000000000e+00 0.000000000000000000e+00
3.929999999999999981e-05 6.840109550000000000e+13 0.000000000000000000e+00 0.000000000000000000e+00
3.940000000000000224e-05 6.825223440000000000e+13 0.000000000000000000e+00 0.000000000000000000e+00
3.949999999999999789e-05 6.810335270000000000e+13 0.000000000000000000e+00 0.000000000000000000e+00
3.960000000000000033e-05 6.795445100000000000e+13 0.000000000000000000e+00 0.000000000000000000e+00
3.970000000000000276e-05 6.780552980000000000e+13 0.000000000000000000e+00 0.000000000000000000e+00
3.979999999999999841e-05 6.765658960000000000e+13 0.000000000000000000e+00 0.000000000000000000e+00
3.990000000000000084e-05 6.750763110000000000e+13 0.000000000000000000e+00 0.000000000000000000e+00
4.000000000000000327e-05 6.735865470000000000e+13 0.000000000000000000e+00 0.000000000000000000e+00
4.009999999999999893e-05 6.720966120000000000e+13 0.000000000000000000e+00 0.000000000000000000e+00
4.020000000000000136e-05 6.706065100000000000e+13 0.000000000000000000e+00 0.000000000000000000e+00
4.029999999999999701e-05 6.691162460000000000e+13 0.000000000000000000e+00 0.000000000000000000e+00
4.039999999999999944e-05 6.676258280000000000e+13 0.000000000000000000e+00 0.000000000000000000e+00
4.050000000000000187e-05 6.661352590000000000e+13 0.000000000000000000e+00 0.000000000000000000e+00
4.059999999999999753e-05 6.646445460000000000e+13 0.000000000000000000e+00 0.000000000000000000e+00
4.069999999999999996e-05 6.631536940000000000e+13 0.000000000000000000e+00 0.000000000000000000e+00
4.080000000000000239e-05 6.616627090000000000e+13 0.000000000000000000e+00 0.000000000000000000e+00
4.089999999999999804e-05 6.601715970000000000e+13 0.000000000000000000e+00 0.000000000000000000e+00
4.100000000000000047e-05 6.586803630000000000e+13 0.000000000000000000e+00 0.000000000000000000e+00
4.110000000000000290e-05 6.571890120000000000e+13 0.000000000000000000e+00 0.000000000000000000e+00
4.119999999999999856e-05 6.556975500000000000e+13 0.000000000000000000e+00 0.000000000000000000e+00
4.130000000000000099e-05 6.542059830000000000e+13 0.000000000000000000e+00 0.000000000000000000e+00
4.139999999999999664e-05 6.527143160000000000e+13 0.000000000000000000e+00 0.000000000000000000e+00
4.149999999999999907e-05 6.512225550000000000e+13 0.000000000000000000e+00 0.000000000000000000e+00
4.160000000000000151e-05 6.497307050000000000e+13 0.000000000000000000e+00 0.000000000000000000e+00
4.169999999999999716e-05 6.482387710000000000e+13 0.000000000000000000e+00 0.000000000000000000e+00
4.179999999999999959e-05 6.467467600000000000e+13 0.000000000000000000e+00 0.000000000000000000e+00
4.190000000000000202e-05 6.452546770000000000e+13 0.000000000000000000e+00 0.000000000000000000e+00
4.199999999999999768e-05 6.437625270000000000e+13 0.000000000000000000e+00 0.000000000000000000e+00
4.210000000000000011e-05 6.422703150000000000e+13 0.000000000000000000e+00 0.000000000000000000e+00
4.220000000000000254e-05 6.407780470000000000e+13 0.000000000000000000e+00 0.000000000000000000e+00
4.229999999999999819e-05 6.392857290000000000e+13 0.000000000000000000e+00 0.000000000000000000e+00
4.240000000000000062e-05 6.377933660000000000e+13 0.000000000000000000e+00 0.000000000000000000e+00
4.250000000000000305e-05 6.363009640000000000e+13 0.000000000000000000e+00 0.000000000000000000e+00
4.259999999999999871e-05 6.348085270000000000e+13 0.000000000000000000e+00 0.000000000000000000e+00
4.270000000000000114e-05 6.333160620000000000e+13 0.000000000000000000e+00 0.000000000000000000e+00
4.279999999999999679e-05 6.318235730000000000e+13 0.000000000000000000e+00 0.000000000000000000e+00
4.289999999999999922e-05 6.303310670000000000e+13 0.000000000000000000e+00 0.000000000000000000e+00
4.300000000000000165e-05 6.288385480000000000e+13 0.000000000000000000e+00 0.000000000000000000e+00
4.309999999999999731e-05 6.273460220000000000e+13 0.000000000000000000e+00 0.000000000000000000e+00
4.319999999999999974e-05 6.258534940000000000e+13 0.000000000000000000e+00 0.000000000000000000e+00
4.330000000000000217e-05 6.243609700000000000e+13 0.000000000000000000e+00 0.000000000000000000e+00
4.339999999999999782e-05 6.228684550000000000e+13 0.000000000000000000e+00 0.000000000000000000e+00
4.350000000000000026e-05 6.213759550000000000e+13 0.000000000000000000e+00 0.000000000000000000e+00
4.360000000000000269e-05 6.198834740000000000e+13 0.000000000000000000e+00 0.000000000000000000e+00
4.369999999999999834e-05 6.183910180000000000e+13 0.000000000000000000e+00 0.000000000000000000e+00
4.380000000000000077e-05 6.168985930000000000e+13 0.000000000000000000e+00 0.000000000000000000e+00
4.390000000000000320e-05 6.154062030000000000e+13 0.000000000000000000e+00 0.000000000000000000e+00
4.399999999999999886e-05 6.139138550000000000e+13 0.000000000000000000e+00 0.000000000000000000e+00
4.410000000000000129e-05 6.124215530000000000e+13 0.000000000000000000e+00 0.000000000000000000e+00
4.419999999999999694e-05 6.109293030000000000e+13 0.000000000000000000e+00 0.000000000000000000e+00
4.429999999999999937e-05 6.094371090000000000e+13 0.000000000000000000e+00 0.000000000000000000e+00
4.440000000000000180e-05 6.079449780000000000e+13 0.000000000000000000e+00 0.000000000000000000e+00
4.449999999999999746e-05 6.064529150000000000e+13 0.000000000000000000e+00 0.000000000000000000e+00
4.459999999999999989e-05 6.049609240000000000e+13 0.000000000000000000e+00 0.000000000000000000e+00
4.470000000000000232e-05 6.034690120000000000e+13 0.000000000000000000e+00 0.000000000000000000e+00
4.479999999999999797e-05 6.019771820000000000e+13 0.000000000000000000e+00 0.000000000000000000e+00
4.490000000000000040e-05 6.004854420000000000e+13 0.000000000000000000e+00 0.000000000000000000e+00
4.500000000000000283e-05 5.989937950000000000e+13 0.000000000000000000e+00 0.000000000000000000e+00
4.509999999999999849e-05 5.975022470000000000e+13 0.000000000000000000e+00 0.000000000000000000e+00
4.520000000000000092e-05 5.960108030000000000e+13 0.000000000000000000e+00 0.000000000000000000e+00
4.530000000000000335e-05 5.945194690000000000e+13 0.000000000000000000e+00 0.000000000000000000e+00
4.539999999999999900e-05 5.930282500000000000e+13 0.000000000000000000e+00 0.000000000000000000e+00
4.550000000000000144e-05 5.915371500000000000e+13 0.000000000000000000e+00 0.000000000000000000e+00
4.559999999999999709e-05 5.900461760000000000e+13 0.000000000000000000e+00 0.000000000000000000e+00
4.569999999999999952e-05 5.885553310000000000e+13 0.000000000000000000e+00 0.000000000000000000e+00
4.580000000000000195e-05 5.870646230000000000e+13 0.000000000000000000e+00 0.000000000000000000e+00
4.589999999999999761e-05 5.855740540000000000e+13 0.000000000000000000e+00 0.000000000000000000e+00
4.600000000000000004e-05 5.840836320000000000e+13 0.000000000000000000e+00 0.000000000000000000e+00
4.610000000000000247e-05 5.825933600000000000e+13 0.000000000000000000e+00 0.000000000000000000e+00
4.619999999999999812e-05 5.811032440000000000e+13 0.000000000000000000e+00 0.000000000000000000e+00
4.630000000000000055e-05 5.796132900000000000e+13 0.000000000000000000e+00 0.000000000000000000e+00
4.640000000000000298e-05 5.781235020000000000e+13 0.000000000000000000e+00 0.000000000000000000e+00
4.649999999999999864e-05 5.766338850000000000e+13 0.000000000000000000e+00 0.000000000000000000e+00
4.660000000000000107e-05 5.751444440000000000e+13 0.000000000000000000e+00 0.000000000000000000e+00
4.669999999999999672e-05 5.736551850000000000e+13 0.000000000000000000e+00 0.000000000000000000e+00
4.679999999999999915e-05 5.721661130000000000e+13 0.000000000000000000e+00 0.000000000000000000e+00
4.690000000000000158e-05 5.706772320000000000e+13 0.000000000000000000e+00 0.000000000000000000e+00
4.699999999999999724e-05 5.691885490000000000e+13 0.000000000000000000e+00 0.000000000000000000e+00
4.709999999999999967e-05 5.677000670000000000e+13 0.000000000000000000e+00 0.000000000000000000e+00
4.720000000000000210e-05 5.662117920000000000e+13 0.000000000000000000e+00 0.000000000000000000e+00
4.729999999999999775e-05 5.647237290000000000e+13 0.000000000000000000e+00 0.000000000000000000e+00
4.740000000000000018e-05 5.632358830000000000e+13 0.000000000000000000e+00 0.000000000000000000e+00
4.750000000000000262e-05 5.617482590000000000e+13 0.000000000000000000e+00 0.000000000000000000e+00
4.759999999999999827e-05 5.602608620000000000e+13 0.000000000000000000e+00 0.000000000000000000e+00
4.770000000000000070e-05 5.587736970000000000e+13 0.000000000000000000e+00 0.000000000000000000e+00
4.780000000000000313e-05 5.572867690000000000e+13 0.000000000000000000e+00 0.000000000000000000e+00
4.789999999999999879e-05 5.558000830000000000e+13 0.000000000000000000e+00 0.000000000000000000e+00
4.800000000000000122e-05 5.543136450000000000e+13 0.000000000000000000e+00 0.000000000000000000e+00
4.809999999999999687e-05 5.528274580000000000e+13 0.000000000000000000e+00 0.000000000000000000e+00
4.819999999999999930e-05 5.513415280000000000e+13 0.000000000000000000e+00 0.000000000000000000e+00
4.830000000000000173e-05 5.498558600000000000e+13 0.000000000000000000e+00 0.000000000000000000e+00
4.839999999999999739e-05 5.483704590000000000e+13 0.000000000000000000e+00 0.000000000000000000e+00
4.849999999999999982e-05 5.468853300000000000e+13 0.000000000000000000e+00 0.000000000000000000e+00
4.860000000000000225e-05 5.454004780000000000e+13 0.000000000000000000e+00 0.000000000000000000e+00
4.869999999999999790e-05 5.439159070000000000e+13 0.000000000000000000e+00 0.000000000000000000e+00
4.880000000000000033e-05 5.424316230000000000e+13 0.000000000000000000e+00 0.000000000000000000e+00
4.890000000000000276e-05 5.409476310000000000e+13 0.000000000000000000e+00 0.000000000000000000e+00
4.899999999999999842e-05 5.394639350000000000e+13 0.000000000000000000e+00 0.000000000000000000e+00
4.910000000000000085e-05 5.379805400000000000e+13 0.000000000000000000e+00 0.000000000000000000e+00
4.920000000000000328e-05 5.364974520000000000e+13 0.000000000000000000e+00 0.000000000000000000e+00
4.929999999999999893e-05 5.350146740000000000e+13 0.000000000000000000e+00 0.000000000000000000e+00
4.940000000000000136e-05 5.335322130000000000e+13 0.000000000000000000e+00 0.000000000000000000e+00
4.949999999999999702e-05 5.320500720000000000e+13 0.000000000000000000e+00 0.000000000000000000e+00
4.959999999999999945e-05 5.305682570000000000e+13 0.000000000000000000e+00 0.000000000000000000e+00
4.970000000000000188e-05 5.290867730000000000e+13 0.000000000000000000e+00 0.000000000000000000e+00
4.979999999999999753e-05 5.276056230000000000e+13 0.000000000000000000e+00 0.000000000000000000e+00
4.989999999999999997e-05 5.261248140000000000e+13 0.000000000000000000e+00 0.000000000000000000e+00
5.000000000000000240e-05 5.246443500000000000e+13 0.000000000000000000e+00 0.000000000000000000e+00
5.009999999999999805e-05 5.231642360000000000e+13 0.000000000000000000e+00 0.000000000000000000e+00
5.020000000000000048e-05 5.216844760000000000e+13 0.000000000000000000e+00 0.000000000000000000e+00
5.030000000000000291e-05 5.202050760000000000e+13 0.000000000000000000e+00 0.000000000000000000e+00
5.039999999999999857e-05 5.187260400000000000e+13 0.000000000000000000e+00 0.000000000000000000e+00
5.050000000000000100e-05 5.172473730000000000e+13 0.000000000000000000e+00 0.000000000000000000e+00
5.059999999999999665e-05 5.157690790000000000e+13 0.000000000000000000e+00 0.000000000000000000e+00
5.069999999999999908e-05 5.142911640000000000e+13 0.000000000000000000e+00 0.000000000000000000e+00
5.080000000000000151e-05 5.128136320000000000e+13 0.000000000000000000e+00 0.000000000000000000e+00
5.089999999999999717e-05 5.113364890000000000e+13 0.000000000000000000e+00 0.000000000000000000e+00
5.099999999999999960e-05 5.098597370000000000e+13 0.000000000000000000e+00 0.000000000000000000e+00
5.110000000000000203e-05 5.083833830000000000e+13 0.000000000000000000e+00 0.000000000000000000e+00
5.119999999999999768e-05 5.069074320000000000e+13 0.000000000000000000e+00 0.000000000000000000e+00
5.130000000000000011e-05 5.054318870000000000e+13 0.000000000000000000e+00 0.000000000000000000e+00
5.140000000000000254e-05 5.039567530000000000e+13 0.000000000000000000e+00 0.000000000000000000e+00
5.149999999999999820e-05 5.024820360000000000e+13 0.000000000000000000e+00 0.000000000000000000e+00
5.160000000000000063e-05 5.010077400000000000e+13 0.000000000000000000e+00 0.000000000000000000e+00
5.170000000000000306e-05 4.995338690000000000e+13 0.000000000000000000e+00 0.000000000000000000e+00
5.179999999999999871e-05 4.980604290000000000e+13 0.000000000000000000e+00 0.000000000000000000e+00
5.190000000000000115e-05 4.965874230000000000e+13 0.000000000000000000e+00 0.000000000000000000e+00
5.199999999999999680e-05 4.951148570000000000e+13 0.000000000000000000e+00 0.000000000000000000e+00
5.209999999999999923e-05 4.936427350000000000e+13 0.000000000000000000e+00 0.000000000000000000e+00
5.220000000000000166e-05 4.921710610000000000e+13 0.000000000000000000e+00 0.000000000000000000e+00
5.229999999999999732e-05 4.906998420000000000e+13 0.000000000000000000e+00 0.000000000000000000e+00
5.239999999999999975e-05 4.892290800000000000e+13 0.000000000000000000e+00 0.000000000000000000e+00
5.250000000000000218e-05 4.877587800000000000e+13 0.000000000000000000e+00 0.000000000000000000e+00
5.259999999999999783e-05 4.862889480000000000e+13 0.000000000000000000e+00 0.000000000000000000e+00
5.270000000000000026e-05 4.848195880000000000e+13 0.000000000000000000e+00 0.000000000000000000e+00
5.280000000000000269e-05 4.833507040000000000e+13 0.000000000000000000e+00 0.000000000000000000e+00
5.289999999999999835e-05 4.818823010000000000e+13 0.000000000000000000e+00 0.000000000000000000e+00
5.300000000000000078e-05 4.804143840000000000e+13 0.000000000000000000e+00 0.000000000000000000e+00
5.310000000000000321e-05 4.789469560000000000e+13 0.000000000000000000e+00 0.000000000000000000e+00
5.319999999999999886e-05 4.774800230000000000e+13 0.000000000000000000e+00 0.000000000000000000e+00
5.330000000000000129e-05 4.760135900000000000e+13 0.000000000000000000e+00 0.000000000000000000e+00
5.339999999999999695e-05 4.745476590000000000e+13 0.000000000000000000e+00 0.000000000000000000e+00
5.349999999999999938e-05 4.730822380000000000e+13 0.000000000000000000e+00 0.000000000000000000e+00
5.360000000000000181e-05 4.716173280000000000e+13 0.000000000000000000e+00 0.000000000000000000e+00
5.369999999999999746e-05 4.701529360000000000e+13 0.000000000000000000e+00 0.000000000000000000e+00
5.379999999999999989e-05 4.686890660000000000e+13 0.000000000000000000e+00 0.000000000000000000e+00
5.390000000000000233e-05 4.672257210000000000e+13 0.000000000000000000e+00 0.000000000000000000e+00
5.399999999999999798e-05 4.657629070000000000e+13 0.000000000000000000e+00 0.000000000000000000e+00
5.410000000000000041e-05 4.643006290000000000e+13 0.000000000000000000e+00 0.000000000000000000e+00
5.420000000000000284e-05 4.628388900000000000e+13 0.000000000000000000e+00 0.000000000000000000e+00
5.429999999999999850e-05 4.613776940000000000e+13 0.000000000000000000e+00 0.000000000000000000e+00
5.440000000000000093e-05 4.599170470000000000e+13 0.000000000000000000e+00 0.000000000000000000e+00
5.450000000000000336e-05 4.584569540000000000e+13 0.000000000000000000e+00 0.000000000000000000e+00
5.459999999999999901e-05 4.569974170000000000e+13 0.000000000000000000e+00 0.000000000000000000e+00
5.470000000000000144e-05 4.555384420000000000e+13 0.000000000000000000e+00 0.000000000000000000e+00
5.479999999999999710e-05 4.540800330000000000e+13 0.000000000000000000e+00 0.000000000000000000e+00
5.489999999999999953e-05 4.526221940000000000e+13 0.000000000000000000e+00 0.000000000000000000e+00
5.500000000000000196e-05 4.511649310000000000e+13 0.000000000000000000e+00 0.000000000000000000e+00
5.509999999999999761e-05 4.497082460000000000e+13 0.000000000000000000e+00 0.000000000000000000e+00
5.520000000000000004e-05 4.482521450000000000e+13 0.000000000000000000e+00 0.000000000000000000e+00
5.530000000000000247e-05 4.467966320000000000e+13 0.000000000000000000e+00 0.000000000000000000e+00
5.539999999999999813e-05 4.453417120000000000e+13 0.000000000000000000e+00 0.000000000000000000e+00
5.550000000000000056e-05 4.438873880000000000e+13 0.000000000000000000e+00 0.000000000000000000e+00
5.560000000000000299e-05 4.424336650000000000e+13 0.000000000000000000e+00 0.000000000000000000e+00
5.569999999999999864e-05 4.409805470000000000e+13 0.000000000000000000e+00 0.000000000000000000e+00
5.580000000000000107e-05 4.395280390000000000e+13 0.000000000000000000e+00 0.000000000000000000e+00
5.589999999999999673e-05 4.380761450000000000e+13 0.000000000000000000e+00 0.000000000000000000e+00
5.599999999999999916e-05 4.366248690000000000e+13 0.000000000000000000e+00 0.000000000000000000e+00
5.610000000000000159e-05 4.351742160000000000e+13 0.000000000000000000e+00 0.000000000000000000e+00
5.619999999999999725e-05 4.337241890000000000e+13 0.000000000000000000e+00 0.000000000000000000e+00
5.629999999999999968e-05 4.322747930000000000e+13 0.000000000000000000e+00 0.000000000000000000e+00
5.640000000000000211e-05 4.308260330000000000e+13 0.000000000000000000e+00 0.000000000000000000e+00
5.649999999999999776e-05 4.293779130000000000e+13 0.000000000000000000e+00 0.000000000000000000e+00
5.660000000000000019e-05 4.279304360000000000e+13 0.000000000000000000e+00 0.000000000000000000e+00
5.670000000000000262e-05 4.264836070000000000e+13 0.000000000000000000e+00 0.000000000000000000e+00
5.679999999999999828e-05 4.250374310000000000e+13 0.000000000000000000e+00 0.000000000000000000e+00
5.690000000000000071e-05 4.235919110000000000e+13 0.000000000000000000e+00 0.000000000000000000e+00
5.700000000000000314e-05 4.221470520000000000e+13 0.000000000000000000e+00 0.000000000000000000e+00
5.709999999999999879e-05 4.207028570000000000e+13 0.000000000000000000e+00 0.000000000000000000e+00
5.720000000000000122e-05 4.192593320000000000e+13 0.000000000000000000e+00 0.000000000000000000e+00
5.729999999999999688e-05 4.178164800000000000e+13 0.000000000000000000e+00 0.000000000000000000e+00
5.739999999999999931e-05 4.163743060000000000e+13 0.000000000000000000e+00 0.000000000000000000e+00
5.750000000000000174e-05 4.149328130000000000e+13 0.000000000000000000e+00 0.000000000000000000e+00
5.759999999999999739e-05 4.134920070000000000e+13 0.000000000000000000e+00 0.000000000000000000e+00
5.769999999999999982e-05 4.120518900000000000e+13 0.000000000000000000e+00 0.000000000000000000e+00
5.780000000000000225e-05 4.106124670000000000e+13 0.000000000000000000e+00 0.000000000000000000e+00
5.789999999999999791e-05 4.091737420000000000e+13 0.000000000000000000e+00 0.000000000000000000e+00
5.800000000000000034e-05 4.077357200000000000e+13 0.000000000000000000e+00 0.000000000000000000e+00
5.810000000000000277e-05 4.062984040000000000e+13 0.000000000000000000e+00 0.000000000000000000e+00
5.819999999999999843e-05 4.048617990000000000e+13 0.000000000000000000e+00 0.000000000000000000e+00
5.830000000000000086e-05 4.034259090000000000e+13 0.000000000000000000e+00 0.000000000000000000e+00
5.840000000000000329e-05 4.019907370000000000e+13 0.000000000000000000e+00 0.000000000000000000e+00
5.849999999999999894e-05 4.005562880000000000e+13 0.000000000000000000e+00 0.000000000000000000e+00
5.860000000000000137e-05 3.991225660000000000e+13 0.000000000000000000e+00 0.000000000000000000e+00
5.869999999999999703e-05 3.976895750000000000e+13 0.000000000000000000e+00 0.000000000000000000e+00
5.879999999999999946e-05 3.962573190000000000e+13 0.000000000000000000e+00 0.000000000000000000e+00
5.890000000000000189e-05 3.948258030000000000e+13 0.000000000000000000e+00 0.000000000000000000e+00
5.899999999999999754e-05 3.933950290000000000e+13 0.000000000000000000e+00 0.000000000000000000e+00
5.909999999999999997e-05 3.919650020000000000e+13 0.000000000000000000e+00 0.000000000000000000e+00
5.920000000000000240e-05 3.905357270000000000e+13 0.000000000000000000e+00 0.000000000000000000e+00
5.929999999999999806e-05 3.891072060000000000e+13 0.000000000000000000e+00 0.000000000000000000e+00
5.940000000000000049e-05 3.876794450000000000e+13 0.000000000000000000e+00 0.000000000000000000e+00
5.950000000000000292e-05 3.862524470000000000e+13 0.000000000000000000e+00 0.000000000000000000e+00
5.959999999999999857e-05 3.848262160000000000e+13 0.000000000000000000e+00 0.000000000000000000e+00
5.970000000000000100e-05 3.834007570000000000e+13 0.000000000000000000e+00 0.000000000000000000e+00
5.979999999999999666e-05 3.819760720000000000e+13 0.000000000000000000e+00 0.000000000000000000e+00
5.989999999999999909e-05 3.805521670000000000e+13 0.000000000000000000e+00 0.000000000000000000e+00
6.000000000000000152e-05 3.791290440000000000e+13 0.000000000000000000e+00 0.000000000000000000e+00
6.009999999999999717e-05 3.777067080000000000e+13 0.000000000000000000e+00 0.000000000000000000e+00
6.019999999999999961e-05 3.762851630000000000e+13 0.000000000000000000e+00 0.000000000000000000e+00
6.030000000000000204e-05 3.748644130000000000e+13 0.000000000000000000e+00 0.000000000000000000e+00
6.039999999999999769e-05 3.734444620000000000e+13 0.000000000000000000e+00 0.000000000000000000e+00
6.050000000000000012e-05 3.720253130000000000e+13 0.000000000000000000e+00 0.000000000000000000e+00
6.060000000000000255e-05 3.706069710000000000e+13 0.000000000000000000e+00 0.000000000000000000e+00
6.069999999999999821e-05 3.691894390000000000e+13 0.000000000000000000e+00 0.000000000000000000e+00
6.080000000000000064e-05 3.677727220000000000e+13 0.000000000000000000e+00 0.000000000000000000e+00
6.090000000000000307e-05 3.663568220000000000e+13 0.000000000000000000e+00 0.000000000000000000e+00
6.099999999999999872e-05 3.649417450000000000e+13 0.000000000000000000e+00 0.000000000000000000e+00
6.109999999999999438e-05 3.635274930000000000e+13 0.000000000000000000e+00 0.000000000000000000e+00
6.119999999999999681e-05 3.621140710000000000e+13 0.000000000000000000e+00 0.000000000000000000e+00
6.129999999999999924e-05 3.607014820000000000e+13 0.000000000000000000e+00 0.000000000000000000e+00
6.140000000000000167e-05 3.592897310000000000e+13 0.000000000000000000e+00 0.000000000000000000e+00
6.150000000000000410e-05 3.578788210000000000e+13 0.000000000000000000e+00 0.000000000000000000e+00
6.160000000000000653e-05 3.564687560000000000e+13 0.000000000000000000e+00 0.000000000000000000e+00
6.169999999999999541e-05 3.550595400000000000e+13 0.000000000000000000e+00 0.000000000000000000e+00
6.179999999999999784e-05 3.536511760000000000e+13 0.000000000000000000e+00 0.000000000000000000e+00
6.190000000000000027e-05 3.522436690000000000e+13 0.000000000000000000e+00 0.000000000000000000e+00
6.200000000000000270e-05 3.508370210000000000e+13 0.000000000000000000e+00 0.000000000000000000e+00
6.210000000000000513e-05 3.494312380000000000e+13 0.000000000000000000e+00 0.000000000000000000e+00
6.219999999999999401e-05 3.480263220000000000e+13 0.000000000000000000e+00 0.000000000000000000e+00
6.229999999999999644e-05 3.466222780000000000e+13 0.000000000000000000e+00 0.000000000000000000e+00
6.239999999999999887e-05 3.452191080000000000e+13 0.000000000000000000e+00 0.000000000000000000e+00
6.250000000000000130e-05 3.438168180000000000e+13 0.000000000000000000e+00 0.000000000000000000e+00
6.260000000000000373e-05 3.424154100000000000e+13 0.000000000000000000e+00 0.000000000000000000e+00
6.270000000000000616e-05 3.410148880000000000e+13 0.000000000000000000e+00 0.000000000000000000e+00
6.279999999999999504e-05 3.396152560000000000e+13 0.000000000000000000e+00 0.000000000000000000e+00
6.289999999999999747e-05 3.382165180000000000e+13 0.000000000000000000e+00 0.000000000000000000e+00
6.299999999999999990e-05 3.368186770000000000e+13 0.000000000000000000e+00 0.000000000000000000e+00
6.310000000000000233e-05 3.354217370000000000e+13 0.000000000000000000e+00 0.000000000000000000e+00
6.320000000000000476e-05 3.340257020000000000e+13 0.000000000000000000e+00 0.000000000000000000e+00
6.329999999999999364e-05 3.326305760000000000e+13 0.000000000000000000e+00 0.000000000000000000e+00
6.339999999999999607e-05 3.312363610000000000e+13 0.000000000000000000e+00 0.000000000000000000e+00
6.349999999999999850e-05 3.298430620000000000e+13 0.000000000000000000e+00 0.000000000000000000e+00
6.360000000000000093e-05 3.284506820000000000e+13 0.000000000000000000e+00 0.000000000000000000e+00
6.370000000000000336e-05 3.270592250000000000e+13 0.000000000000000000e+00 0.000000000000000000e+00
6.380000000000000580e-05 3.256686940000000000e+13 0.000000000000000000e+00 0.000000000000000000e+00
6.389999999999999467e-05 3.242790940000000000e+13 0.000000000000000000e+00 0.000000000000000000e+00
6.399999999999999710e-05 3.228904270000000000e+13 0.000000000000000000e+00 0.000000000000000000e+00
6.409999999999999953e-05 3.215026980000000000e+13 0.000000000000000000e+00 0.000000000000000000e+00
6.420000000000000197e-05 3.201159090000000000e+13 0.000000000000000000e+00 0.000000000000000000e+00
6.430000000000000440e-05 3.187300650000000000e+13 0.000000000000000000e+00 0.000000000000000000e+00
6.439999999999999327e-05 3.173451690000000000e+13 0.000000000000000000e+00 0.000000000000000000e+00
6.449999999999999570e-05 3.159612240000000000e+13 0.000000000000000000e+00 0.000000000000000000e+00
6.459999999999999814e-05 3.145782350000000000e+13 0.000000000000000000e+00 0.000000000000000000e+00
6.470000000000000057e-05 3.131962040000000000e+13 0.000000000000000000e+00 0.000000000000000000e+00
6.480000000000000300e-05 3.118151350000000000e+13 0.000000000000000000e+00 0.000000000000000000e+00
6.490000000000000543e-05 3.104350320000000000e+13 0.000000000000000000e+00 0.000000000000000000e+00
6.499999999999999431e-05 3.090558980000000000e+13 0.000000000000000000e+00 0.000000000000000000e+00
6.509999999999999674e-05 3.076777370000000000e+13 0.000000000000000000e+00 0.000000000000000000e+00
6.519999999999999917e-05 3.063005520000000000e+13 0.000000000000000000e+00 0.000000000000000000e+00
6.530000000000000160e-05 3.049243460000000000e+13 0.000000000000000000e+00 0.000000000000000000e+00
6.540000000000000403e-05 3.035491240000000000e+13 0.000000000000000000e+00 0.000000000000000000e+00
6.550000000000000646e-05 3.021748880000000000e+13 0.000000000000000000e+00 0.000000000000000000e+00
6.559999999999999534e-05 3.008016430000000000e+13 0.000000000000000000e+00 0.000000000000000000e+00
6.569999999999999777e-05 2.994293900000000000e+13 0.000000000000000000e+00 0.000000000000000000e+00
6.580000000000000020e-05 2.980581350000000000e+13 0.000000000000000000e+00 0.000000000000000000e+00
6.590000000000000263e-05 2.966878800000000000e+13 0.000000000000000000e+00 0.000000000000000000e+00
6.600000000000000506e-05 2.953186290000000000e+13 0.000000000000000000e+00 0.000000000000000000e+00
6.609999999999999394e-05 2.939503850000000000e+13 0.000000000000000000e+00 0.000000000000000000e+00
6.619999999999999637e-05 2.925831510000000000e+13 0.000000000000000000e+00 0.000000000000000000e+00
6.629999999999999880e-05 2.912169320000000000e+13 0.000000000000000000e+00 0.000000000000000000e+00
6.640000000000000123e-05 2.898517300000000000e+13 0.000000000000000000e+00 0.000000000000000000e+00
6.650000000000000366e-05 2.884875490000000000e+13 0.000000000000000000e+00 0.000000000000000000e+00
6.660000000000000609e-05 2.871243910000000000e+13 0.000000000000000000e+00 0.000000000000000000e+00
6.669999999999999497e-05 2.857622620000000000e+13 0.000000000000000000e+00 0.000000000000000000e+00
6.679999999999999740e-05 2.844011630000000000e+13 0.000000000000000000e+00 0.000000000000000000e+00
6.689999999999999983e-05 2.830410980000000000e+13 0.000000000000000000e+00 0.000000000000000000e+00
6.700000000000000226e-05 2.816820710000000000e+13 0.000000000000000000e+00 0.000000000000000000e+00
6.710000000000000469e-05 2.803240840000000000e+13 0.000000000000000000e+00 0.000000000000000000e+00
6.719999999999999357e-05 2.789671420000000000e+13 0.000000000000000000e+00 0.000000000000000000e+00
6.729999999999999600e-05 2.776112470000000000e+13 0.000000000000000000e+00 0.000000000000000000e+00
6.739999999999999843e-05 2.762564030000000000e+13 0.000000000000000000e+00 0.000000000000000000e+00
6.750000000000000086e-05 2.749026130000000000e+13 0.000000000000000000e+00 0.000000000000000000e+00
6.760000000000000329e-05 2.735498800000000000e+13 0.000000000000000000e+00 0.000000000000000000e+00
6.770000000000000572e-05 2.721982070000000000e+13 0.000000000000000000e+00 0.000000000000000000e+00
6.779999999999999460e-05 2.708475990000000000e+13 0.000000000000000000e+00 0.000000000000000000e+00
6.789999999999999703e-05 2.694980580000000000e+13 0.000000000000000000e+00 0.000000000000000000e+00
6.799999999999999946e-05 2.681495870000000000e+13 0.000000000000000000e+00 0.000000000000000000e+00
6.810000000000000189e-05 2.668021890000000000e+13 0.000000000000000000e+00 0.000000000000000000e+00
6.820000000000000433e-05 2.654558680000000000e+13 0.000000000000000000e+00 0.000000000000000000e+00
6.830000000000000676e-05 2.641106280000000000e+13 0.000000000000000000e+00 0.000000000000000000e+00
6.839999999999999563e-05 2.627664700000000000e+13 0.000000000000000000e+00 0.000000000000000000e+00
6.849999999999999806e-05 2.614233990000000000e+13 0.000000000000000000e+00 0.000000000000000000e+00
6.860000000000000050e-05 2.600814180000000000e+13 0.000000000000000000e+00 0.000000000000000000e+00
6.870000000000000293e-05 2.587405290000000000e+13 0.000000000000000000e+00 0.000000000000000000e+00
6.880000000000000536e-05 2.574007370000000000e+13 0.000000000000000000e+00 0.000000000000000000e+00
6.889999999999999424e-05 2.560620430000000000e+13 0.000000000000000000e+00 0.000000000000000000e+00
6.899999999999999667e-05 2.547244520000000000e+13 0.000000000000000000e+00 0.000000000000000000e+00
6.909999999999999910e-05 2.533879660000000000e+13 0.000000000000000000e+00 0.000000000000000000e+00
6.920000000000000153e-05 2.520525890000000000e+13 0.000000000000000000e+00 0.000000000000000000e+00
6.930000000000000396e-05 2.507183240000000000e+13 0.000000000000000000e+00 0.000000000000000000e+00
6.940000000000000639e-05 2.493851730000000000e+13 0.000000000000000000e+00 0.000000000000000000e+00
6.949999999999999527e-05 2.480531410000000000e+13 0.000000000000000000e+00 0.000000000000000000e+00
6.959999999999999770e-05 2.467222290000000000e+13 0.000000000000000000e+00 0.000000000000000000e+00
6.970000000000000013e-05 2.453924420000000000e+13 0.000000000000000000e+00 0.000000000000000000e+00
6.980000000000000256e-05 2.440637810000000000e+13 0.000000000000000000e+00 0.000000000000000000e+00
6.990000000000000499e-05 2.427362520000000000e+13 0.000000000000000000e+00 0.000000000000000000e+00
6.999999999999999387e-05 2.414098550000000000e+13 0.000000000000000000e+00 0.000000000000000000e+00
7.009999999999999630e-05 2.400845950000000000e+13 0.000000000000000000e+00 0.000000000000000000e+00
7.019999999999999873e-05 2.387604750000000000e+13 0.000000000000000000e+00 0.000000000000000000e+00
7.030000000000000116e-05 2.374374970000000000e+13 0.000000000000000000e+00 0.000000000000000000e+00
7.040000000000000359e-05 2.361156640000000000e+13 0.000000000000000000e+00 0.000000000000000000e+00
7.050000000000000602e-05 2.347949800000000000e+13 0.000000000000000000e+00 0.000000000000000000e+00
7.059999999999999490e-05 2.334754480000000000e+13 0.000000000000000000e+00 0.000000000000000000e+00
7.069999999999999733e-05 2.321570710000000000e+13 0.000000000000000000e+00 0.000000000000000000e+00
7.079999999999999976e-05 2.308398510000000000e+13 0.000000000000000000e+00 0.000000000000000000e+00
7.090000000000000219e-05 2.295237920000000000e+13 0.000000000000000000e+00 0.000000000000000000e+00
7.100000000000000462e-05 2.282088960000000000e+13 0.000000000000000000e+00 0.000000000000000000e+00
7.109999999999999350e-05 2.268951670000000000e+13 0.000000000000000000e+00 0.000000000000000000e+00
7.119999999999999593e-05 2.255826080000000000e+13 0.000000000000000000e+00 0.000000000000000000e+00
7.129999999999999836e-05 2.242712210000000000e+13 0.000000000000000000e+00 0.000000000000000000e+00
7.140000000000000079e-05 2.229610090000000000e+13 0.000000000000000000e+00 0.000000000000000000e+00
7.150000000000000322e-05 2.216519760000000000e+13 0.000000000000000000e+00 0.000000000000000000e+00
7.160000000000000565e-05 2.203441240000000000e+13 0.000000000000000000e+00 0.000000000000000000e+00
7.169999999999999453e-05 2.190374570000000000e+13 0.000000000000000000e+00 0.000000000000000000e+00
7.179999999999999696e-05 2.177319760000000000e+13 0.000000000000000000e+00 0.000000000000000000e+00
7.189999999999999939e-05 2.164276860000000000e+13 0.000000000000000000e+00 0.000000000000000000e+00
7.200000000000000182e-05 2.151245880000000000e+13 0.000000000000000000e+00 0.000000000000000000e+00
7.210000000000000425e-05 2.138226870000000000e+13 0.000000000000000000e+00 0.000000000000000000e+00
7.220000000000000669e-05 2.125219840000000000e+13 0.000000000000000000e+00 0.000000000000000000e+00
7.229999999999999556e-05 2.112224830000000000e+13 0.000000000000000000e+00 0.000000000000000000e+00
7.239999999999999799e-05 2.099241860000000000e+13 0.000000000000000000e+00 0.000000000000000000e+00
7.250000000000000043e-05 2.086270970000000000e+13 0.000000000000000000e+00 0.000000000000000000e+00
7.260000000000000286e-05 2.073312170000000000e+13 0.000000000000000000e+00 0.000000000000000000e+00
7.270000000000000529e-05 2.060365510000000000e+13 0.000000000000000000e+00 0.000000000000000000e+00
7.279999999999999416e-05 2.047431010000000000e+13 0.000000000000000000e+00 0.000000000000000000e+00
7.289999999999999660e-05 2.034508690000000000e+13 0.000000000000000000e+00 0.000000000000000000e+00
7.299999999999999903e-05 2.021598580000000000e+13 0.000000000000000000e+00 0.000000000000000000e+00
7.310000000000000146e-05 2.008700720000000000e+13 0.000000000000000000e+00 0.000000000000000000e+00
7.320000000000000389e-05 1.995815130000000000e+13 0.000000000000000000e+00 0.000000000000000000e+00
7.330000000000000632e-05 1.982941840000000000e+13 0.000000000000000000e+00 0.000000000000000000e+00
7.339999999999999520e-05 1.970080870000000000e+13 0.000000000000000000e+00 0.000000000000000000e+00
7.349999999999999763e-05 1.957232260000000000e+13 0.000000000000000000e+00 0.000000000000000000e+00
7.360000000000000006e-05 1.944396030000000000e+13 0.000000000000000000e+00 0.000000000000000000e+00
7.370000000000000249e-05 1.931572200000000000e+13 0.000000000000000000e+00 0.000000000000000000e+00
7.380000000000000492e-05 1.918760810000000000e+13 0.000000000000000000e+00 0.000000000000000000e+00
7.389999999999999380e-05 1.905961890000000000e+13 0.000000000000000000e+00 0.000000000000000000e+00
7.399999999999999623e-05 1.893175460000000000e+13 0.000000000000000000e+00 0.000000000000000000e+00
7.409999999999999866e-05 1.880401540000000000e+13 0.000000000000000000e+00 0.000000000000000000e+00
7.420000000000000109e-05 1.867640170000000000e+13 0.000000000000000000e+00 0.000000000000000000e+00
7.430000000000000352e-05 1.854891370000000000e+13 0.000000000000000000e+00 0.000000000000000000e+00
7.440000000000000595e-05 1.842155170000000000e+13 0.000000000000000000e+00 0.000000000000000000e+00
7.449999999999999483e-05 1.829431600000000000e+13 0.000000000000000000e+00 0.000000000000000000e+00
7.459999999999999726e-05 1.816720670000000000e+13 0.000000000000000000e+00 0.000000000000000000e+00
7.469999999999999969e-05 1.804022430000000000e+13 0.000000000000000000e+00 0.000000000000000000e+00
7.480000000000000212e-05 1.791336890000000000e+13 0.000000000000000000e+00 0.000000000000000000e+00
7.490000000000000455e-05 1.778664080000000000e+13 0.000000000000000000e+00 0.000000000000000000e+00
7.499999999999999343e-05 1.766004040000000000e+13 0.000000000000000000e+00 0.000000000000000000e+00
7.509999999999999586e-05 1.753356770000000000e+13 0.000000000000000000e+00 0.000000000000000000e+00
7.519999999999999829e-05 1.740722320000000000e+13 0.000000000000000000e+00 0.000000000000000000e+00
7.530000000000000072e-05 1.728100700000000000e+13 0.000000000000000000e+00 0.000000000000000000e+00
7.540000000000000315e-05 1.715491950000000000e+13 0.000000000000000000e+00 0.000000000000000000e+00
7.550000000000000558e-05 1.702896080000000000e+13 0.000000000000000000e+00 0.000000000000000000e+00
7.559999999999999446e-05 1.690313130000000000e+13 0.000000000000000000e+00 0.000000000000000000e+00
7.569999999999999689e-05 1.677743120000000000e+13 0.000000000000000000e+00 0.000000000000000000e+00
7.579999999999999932e-05 1.665186080000000000e+13 0.000000000000000000e+00 0.000000000000000000e+00
7.590000000000000175e-05 1.652642030000000000e+13 0.000000000000000000e+00 0.000000000000000000e+00
7.600000000000000418e-05 1.640110990000000000e+13 0.000000000000000000e+00 0.000000000000000000e+00
7.610000000000000661e-05 1.627593000000000000e+13 0.000000000000000000e+00 0.000000000000000000e+00
7.619999999999999549e-05 1.615088080000000000e+13 0.000000000000000000e+00 0.000000000000000000e+00
7.629999999999999792e-05 1.602596240000000000e+13 0.000000000000000000e+00 0.000000000000000000e+00
7.640000000000000035e-05 1.590117530000000000e+13 0.000000000000000000e+00 0.000000000000000000e+00
7.650000000000000279e-05 1.577651960000000000e+13 0.000000000000000000e+00 0.000000000000000000e+00
7.660000000000000522e-05 1.565199560000000000e+13 0.000000000000000000e+00 0.000000000000000000e+00
7.669999999999999409e-05 1.552760350000000000e+13 0.000000000000000000e+00 0.000000000000000000e+00
7.679999999999999652e-05 1.540334360000000000e+13 0.000000000000000000e+00 0.000000000000000000e+00
7.689999999999999896e-05 1.527921620000000000e+13 0.000000000000000000e+00 0.000000000000000000e+00
7.700000000000000139e-05 1.515522140000000000e+13 0.000000000000000000e+00 0.000000000000000000e+00
7.710000000000000382e-05 1.503135950000000000e+13 0.000000000000000000e+00 0.000000000000000000e+00
7.720000000000000625e-05 1.490763080000000000e+13 0.000000000000000000e+00 0.000000000000000000e+00
7.729999999999999513e-05 1.478403550000000000e+13 0.000000000000000000e+00 0.000000000000000000e+00
7.739999999999999756e-05 1.466057390000000000e+13 0.000000000000000000e+00 0.000000000000000000e+00
7.749999999999999999e-05 1.453724620000000000e+13 0.000000000000000000e+00 0.000000000000000000e+00
7.760000000000000242e-05 1.441405260000000000e+13 0.000000000000000000e+00 0.000000000000000000e+00
7.770000000000000485e-05 1.429099340000000000e+13 0.000000000000000000e+00 0.000000000000000000e+00
7.779999999999999373e-05 1.416806880000000000e+13 0.000000000000000000e+00 0.000000000000000000e+00
7.789999999999999616e-05 1.404527900000000000e+13 0.000000000000000000e+00 0.000000000000000000e+00
7.799999999999999859e-05 1.392262440000000000e+13 0.000000000000000000e+00 0.000000000000000000e+00
7.810000000000000102e-05 1.380010510000000000e+13 0.000000000000000000e+00 0.000000000000000000e+00
7.820000000000000345e-05 1.367772130000000000e+13 0.000000000000000000e+00 0.000000000000000000e+00
7.830000000000000588e-05 1.355547340000000000e+13 0.000000000000000000e+00 0.000000000000000000e+00
7.839999999999999476e-05 1.343336150000000000e+13 0.000000000000000000e+00 0.000000000000000000e+00
7.849999999999999719e-05 1.331138580000000000e+13 0.000000000000000000e+00 0.000000000000000000e+00
7.859999999999999962e-05 1.318954670000000000e+13 0.000000000000000000e+00 0.000000000000000000e+00
7.870000000000000205e-05 1.306784430000000000e+13 0.000000000000000000e+00 0.000000000000000000e+00
7.880000000000000448e-05 1.294627890000000000e+13 0.000000000000000000e+00 0.000000000000000000e+00
7.889999999999999336e-05 1.282485070000000000e+13 0.000000000000000000e+00 0.000000000000000000e+00
7.899999999999999579e-05 1.270355990000000000e+13 0.000000000000000000e+00 0.000000000000000000e+00
7.909999999999999822e-05 1.258240680000000000e+13 0.000000000000000000e+00 0.000000000000000000e+00
7.920000000000000065e-05 1.246139160000000000e+13 0.000000000000000000e+00 0.000000000000000000e+00
7.930000000000000308e-05 1.234051450000000000e+13 0.000000000000000000e+00 0.000000000000000000e+00
7.940000000000000551e-05 1.221977570000000000e+13 0.000000000000000000e+00 0.000000000000000000e+00
7.949999999999999439e-05 1.209917550000000000e+13 0.000000000000000000e+00 0.000000000000000000e+00
7.959999999999999682e-05 1.197871410000000000e+13 0.000000000000000000e+00 0.000000000000000000e+00
7.969999999999999925e-05 1.185839170000000000e+13 0.000000000000000000e+00 0.000000000000000000e+00
7.980000000000000168e-05 1.173820850000000000e+13 0.000000000000000000e+00 0.000000000000000000e+00
7.990000000000000411e-05 1.161816480000000000e+13 0.000000000000000000e+00 0.000000000000000000e+00
8.000000000000000654e-05 1.149826080000000000e+13 0.000000000000000000e+00 0.000000000000000000e+00
8.009999999999999542e-05 1.137849660000000000e+13 0.000000000000000000e+00 0.000000000000000000e+00
8.019999999999999785e-05 1.125887260000000000e+13 0.000000000000000000e+00 0.000000000000000000e+00
8.030000000000000028e-05 1.113938900000000000e+13 0.000000000000000000e+00 0.000000000000000000e+00
8.040000000000000271e-05 1.102004590000000000e+13 0.000000000000000000e+00 0.000000000000000000e+00
8.050000000000000515e-05 1.090084350000000000e+13 0.000000000000000000e+00 0.000000000000000000e+00
8.059999999999999402e-05 1.078178220000000000e+13 0.000000000000000000e+00 0.000000000000000000e+00
8.069999999999999645e-05 1.066286210000000000e+13 0.000000000000000000e+00 0.000000000000000000e+00
8.079999999999999888e-05 1.054408340000000000e+13 0.000000000000000000e+00 0.000000000000000000e+00
8.090000000000000132e-05 1.042544630000000000e+13 0.000000000000000000e+00 0.000000000000000000e+00
8.100000000000000375e-05 1.030695110000000000e+13 0.000000000000000000e+00 0.000000000000000000e+00
8.110000000000000618e-05 1.018859790000000000e+13 0.000000000000000000e+00 0.000000000000000000e+00
8.119999999999999505e-05 1.007038700000000000e+13 0.000000000000000000e+00 0.000000000000000000e+00
8.129999999999999749e-05 9.952318580000000000e+12 0.000000000000000000e+00 0.000000000000000000e+00
8.139999999999999992e-05 9.834392850000000000e+12 0.000000000000000000e+00 0.000000000000000000e+00
8.150000000000000235e-05 9.716610030000000000e+12 0.000000000000000000e+00 0.000000000000000000e+00
8.160000000000000478e-05 9.598970310000000000e+12 0.000000000000000000e+00 0.000000000000000000e+00
8.169999999999999366e-05 9.481473910000000000e+12 0.000000000000000000e+00 0.000000000000000000e+00
8.179999999999999609e-05 9.364121040000000000e+12 0.000000000000000000e+00 0.000000000000000000e+00
8.189999999999999852e-05 9.246911880000000000e+12 0.000000000000000000e+00 0.000000000000000000e+00
8.200000000000000095e-05 9.129846660000000000e+12 0.000000000000000000e+00 0.000000000000000000e+00
8.210000000000000338e-05 9.012925580000000000e+12 0.000000000000000000e+00 0.000000000000000000e+00
8.220000000000000581e-05 8.896148830000000000e+12 0.000000000000000000e+00 0.000000000000000000e+00
8.229999999999999469e-05 8.779516630000000000e+12 0.000000000000000000e+00 0.000000000000000000e+00
8.239999999999999712e-05 8.663029160000000000e+12 0.000000000000000000e+00 0.000000000000000000e+00
8.249999999999999955e-05 8.546686640000000000e+12 0.000000000000000000e+00 0.000000000000000000e+00
8.260000000000000198e-05 8.430489260000000000e+12 0.000000000000000000e+00 0.000000000000000000e+00
8.270000000000000441e-05 8.314437220000000000e+12 0.000000000000000000e+00 0.000000000000000000e+00
8.279999999999999329e-05 8.198530720000000000e+12 0.000000000000000000e+00 0.000000000000000000e+00
8.289999999999999572e-05 8.082769960000000000e+12 0.000000000000000000e+00 0.000000000000000000e+00
8.299999999999999815e-05 7.967155130000000000e+12 0.000000000000000000e+00 0.000000000000000000e+00
8.310000000000000058e-05 7.851686420000000000e+12 0.000000000000000000e+00 0.000000000000000000e+00
8.320000000000000301e-05 7.736364040000000000e+12 0.000000000000000000e+00 0.000000000000000000e+00
8.330000000000000544e-05 7.621188180000000000e+12 0.000000000000000000e+00 0.000000000000000000e+00
8.339999999999999432e-05 7.506159020000000000e+12 0.000000000000000000e+00 0.000000000000000000e+00
8.349999999999999675e-05 7.391276770000000000e+12 0.000000000000000000e+00 0.000000000000000000e+00
8.359999999999999918e-05 7.276541610000000000e+12 0.000000000000000000e+00 0.000000000000000000e+00
8.370000000000000161e-05 7.161953740000000000e+12 0.000000000000000000e+00 0.000000000000000000e+00
8.380000000000000404e-05 7.047513340000000000e+12 0.000000000000000000e+00 0.000000000000000000e+00
8.390000000000000647e-05 6.933220600000000000e+12 0.000000000000000000e+00 0.000000000000000000e+00
8.399999999999999535e-05 6.819075710000000000e+12 0.000000000000000000e+00 0.000000000000000000e+00
8.409999999999999778e-05 6.705078860000000000e+12 0.000000000000000000e+00 0.000000000000000000e+00
8.420000000000000021e-05 6.591230240000000000e+12 0.000000000000000000e+00 0.000000000000000000e+00
8.430000000000000264e-05 6.477530020000000000e+12 0.000000000000000000e+00 0.000000000000000000e+00
8.440000000000000507e-05 6.363978400000000000e+12 0.000000000000000000e+00 0.000000000000000000e+00
8.449999999999999395e-05 6.250575570000000000e+12 0.000000000000000000e+00 0.000000000000000000e+00
8.459999999999999638e-05 6.137321690000000000e+12 0.000000000000000000e+00 0.000000000000000000e+00
8.469999999999999881e-05 6.024216960000000000e+12 0.000000000000000000e+00 0.000000000000000000e+00
8.480000000000000124e-05 5.911261560000000000e+12 0.000000000000000000e+00 0.000000000000000000e+00
8.490000000000000368e-05 5.798455660000000000e+12 0.000000000000000000e+00 0.000000000000000000e+00
8.500000000000000611e-05 5.685799460000000000e+12 0.000000000000000000e+00 0.000000000000000000e+00
8.509999999999999498e-05 5.573293120000000000e+12 0.000000000000000000e+00 0.000000000000000000e+00
8.519999999999999742e-05 5.460936820000000000e+12 0.000000000000000000e+00 0.000000000000000000e+00
8.529999999999999985e-05 5.348730750000000000e+12 0.000000000000000000e+00 0.000000000000000000e+00
8.540000000000000228e-05 5.236675080000000000e+12 0.000000000000000000e+00 0.000000000000000000e+00
8.550000000000000471e-05 5.124769990000000000e+12 0.000000000000000000e+00 0.000000000000000000e+00
8.559999999999999359e-05 5.013015640000000000e+12 0.000000000000000000e+00 0.000000000000000000e+00
8.569999999999999602e-05 4.901412220000000000e+12 0.000000000000000000e+00 0.000000000000000000e+00
8.579999999999999845e-05 4.789959900000000000e+12 0.000000000000000000e+00 0.000000000000000000e+00
8.590000000000000088e-05 4.678658860000000000e+12 0.000000000000000000e+00 0.000000000000000000e+00
8.600000000000000331e-05 4.567509250000000000e+12 0.000000000000000000e+00 0.000000000000000000e+00
8.610000000000000574e-05 4.456511270000000000e+12 0.000000000000000000e+00 0.000000000000000000e+00
8.619999999999999462e-05 4.345665060000000000e+12 0.000000000000000000e+00 0.000000000000000000e+00
8.629999999999999705e-05 4.234970810000000000e+12 0.000000000000000000e+00 0.000000000000000000e+00
8.639999999999999948e-05 4.124428690000000000e+12 0.000000000000000000e+00 0.000000000000000000e+00
8.650000000000000191e-05 4.014038860000000000e+12 0.000000000000000000e+00 0.000000000000000000e+00
8.660000000000000434e-05 3.903801480000000000e+12 0.000000000000000000e+00 0.000000000000000000e+00
8.670000000000000677e-05 3.793716730000000000e+12 0.000000000000000000e+00 0.000000000000000000e+00
8.679999999999999565e-05 3.683784770000000000e+12 0.000000000000000000e+00 0.000000000000000000e+00
8.689999999999999808e-05 3.574005770000000000e+12 0.000000000000000000e+00 0.000000000000000000e+00
8.700000000000000051e-05 3.464379880000000000e+12 0.000000000000000000e+00 0.000000000000000000e+00
8.710000000000000294e-05 3.354907280000000000e+12 0.000000000000000000e+00 0.000000000000000000e+00
8.720000000000000537e-05 3.245588120000000000e+12 0.000000000000000000e+00 0.000000000000000000e+00
8.729999999999999425e-05 3.136422570000000000e+12 0.000000000000000000e+00 0.000000000000000000e+00
8.739999999999999668e-05 3.027410780000000000e+12 0.000000000000000000e+00 0.000000000000000000e+00
8.749999999999999911e-05 2.918552930000000000e+12 0.000000000000000000e+00 0.000000000000000000e+00
8.760000000000000154e-05 2.809849150000000000e+12 0.000000000000000000e+00 0.000000000000000000e+00
8.770000000000000397e-05 2.701299620000000000e+12 0.000000000000000000e+00 0.000000000000000000e+00
8.780000000000000640e-05 2.592904500000000000e+12 0.000000000000000000e+00 0.000000000000000000e+00
8.789999999999999528e-05 2.484663930000000000e+12 0.000000000000000000e+00 0.000000000000000000e+00
8.799999999999999771e-05 2.376578080000000000e+12 0.000000000000000000e+00 0.000000000000000000e+00
8.810000000000000014e-05 2.268647090000000000e+12 0.000000000000000000e+00 0.000000000000000000e+00
8.820000000000000257e-05 2.160871130000000000e+12 0.000000000000000000e+00 0.000000000000000000e+00
8.830000000000000500e-05 2.053250350000000000e+12 0.000000000000000000e+00 0.000000000000000000e+00
8.839999999999999388e-05 1.945784900000000000e+12 0.000000000000000000e+00 0.000000000000000000e+00
8.849999999999999631e-05 1.838474930000000000e+12 0.000000000000000000e+00 0.000000000000000000e+00
8.859999999999999874e-05 1.731320600000000000e+12 0.000000000000000000e+00 0.000000000000000000e+00
8.870000000000000117e-05 1.624322050000000000e+12 0.000000000000000000e+00 0.000000000000000000e+00
8.880000000000000360e-05 1.517479430000000000e+12 0.000000000000000000e+00 0.000000000000000000e+00
8.890000000000000604e-05 1.410792890000000000e+12 0.000000000000000000e+00 0.000000000000000000e+00
8.899999999999999491e-05 1.304262590000000000e+12 0.000000000000000000e+00 0.000000000000000000e+00
8.909999999999999734e-05 1.197888660000000000e+12 0.000000000000000000e+00 0.000000000000000000e+00
8.919999999999999978e-05 1.091671260000000000e+12 0.000000000000000000e+00 0.000000000000000000e+00
8.930000000000000221e-05 9.856105300000000000e+11 0.000000000000000000e+00 0.000000000000000000e+00
8.940000000000000464e-05 8.797066140000000000e+11 0.000000000000000000e+00 0.000000000000000000e+00
8.949999999999999351e-05 7.739596560000000000e+11 0.000000000000000000e+00 0.000000000000000000e+00
8.959999999999999595e-05 6.683698020000000000e+11 0.000000000000000000e+00 0.000000000000000000e+00
8.969999999999999838e-05 5.629371920000000000e+11 0.000000000000000000e+00 0.000000000000000000e+00
8.980000000000000081e-05 4.576619700000000000e+11 0.000000000000000000e+00 0.000000000000000000e+00
8.990000000000000324e-05 3.525442750000000000e+11 0.000000000000000000e+00 0.000000000000000000e+00
9.000000000000000567e-05 2.475842490000000000e+11 0.000000000000000000e+00 0.000000000000000000e+00
9.009999999999999455e-05 1.427820300000000000e+11 0.000000000000000000e+00 0.000000000000000000e+00
9.019999999999999698e-05 3.813775820000000000e+10 0.000000000000000000e+00 0.000000000000000000e+00
9.029999999999999941e-05 -6.634843000000000000e+10 0.000000000000000000e+00 0.000000000000000000e+00
9.040000000000000184e-05 -1.706763970000000000e+11 0.000000000000000000e+00 0.000000000000000000e+00
9.050000000000000427e-05 -2.748460060000000000e+11 0.000000000000000000e+00 0.000000000000000000e+00
9.060000000000000670e-05 -3.788571220000000000e+11 0.000000000000000000e+00 0.000000000000000000e+00
9.069999999999999558e-05 -4.827096100000000000e+11 0.000000000000000000e+00 0.000000000000000000e+00
9.079999999999999801e-05 -5.864033360000000000e+11 0.000000000000000000e+00 0.000000000000000000e+00
9.090000000000000044e-05 -6.899381660000000000e+11 0.000000000000000000e+00 0.000000000000000000e+00
9.100000000000000287e-05 -7.933139690000000000e+11 0.000000000000000000e+00 0.000000000000000000e+00
9.110000000000000530e-05 -8.965306120000000000e+11 0.000000000000000000e+00 0.000000000000000000e+00
9.119999999999999418e-05 -9.995879650000000000e+11 0.000000000000000000e+00 0.000000000000000000e+00
9.129999999999999661e-05 -1.102485900000000000e+12 0.000000000000000000e+00 0.000000000000000000e+00
9.139999999999999904e-05 -1.205224280000000000e+12 0.000000000000000000e+00 0.000000000000000000e+00
9.150000000000000147e-05 -1.307802980000000000e+12 0.000000000000000000e+00 0.000000000000000000e+00
9.160000000000000390e-05 -1.410221880000000000e+12 0.000000000000000000e+00 0.000000000000000000e+00
9.170000000000000633e-05 -1.512480850000000000e+12 0.000000000000000000e+00 0.000000000000000000e+00
9.179999999999999521e-05 -1.614579750000000000e+12 0.000000000000000000e+00 0.000000000000000000e+00
9.189999999999999764e-05 -1.716518470000000000e+12 0.000000000000000000e+00 0.000000000000000000e+00
9.200000000000000007e-05 -1.818296880000000000e+12 0.000000000000000000e+00 0.000000000000000000e+00
9.210000000000000250e-05 -1.919914860000000000e+12 0.000000000000000000e+00 0.000000000000000000e+00
9.220000000000000493e-05 -2.021372270000000000e+12 0.000000000000000000e+00 0.000000000000000000e+00
9.229999999999999381e-05 -2.122669010000000000e+12 0.000000000000000000e+00 0.000000000000000000e+00
9.239999999999999624e-05 -2.223804950000000000e+12 0.000000000000000000e+00 0.000000000000000000e+00
9.249999999999999867e-05 -2.324779960000000000e+12 0.000000000000000000e+00 0.000000000000000000e+00
9.260000000000000110e-05 -2.425593940000000000e+12 0.000000000000000000e+00 0.000000000000000000e+00
9.270000000000000353e-05 -2.526246740000000000e+12 0.000000000000000000e+00 0.000000000000000000e+00
9.280000000000000597e-05 -2.626738270000000000e+12 0.000000000000000000e+00 0.000000000000000000e+00
9.289999999999999484e-05 -2.727068400000000000e+12 0.000000000000000000e+00 0.000000000000000000e+00
9.299999999999999727e-05 -2.827237020000000000e+12 0.000000000000000000e+00 0.000000000000000000e+00
9.309999999999999970e-05 -2.927244000000000000e+12 0.000000000000000000e+00 0.000000000000000000e+00
9.320000000000000214e-05 -3.027089240000000000e+12 0.000000000000000000e+00 0.000000000000000000e+00
9.330000000000000457e-05 -3.126772610000000000e+12 0.000000000000000000e+00 0.000000000000000000e+00
9.339999999999999344e-05 -3.226294010000000000e+12 0.000000000000000000e+00 0.000000000000000000e+00
9.349999999999999587e-05 -3.325653310000000000e+12 0.000000000000000000e+00 0.000000000000000000e+00
9.359999999999999831e-05 -3.424850410000000000e+12 0.000000000000000000e+00 0.000000000000000000e+00
9.370000000000000074e-05 -3.523885200000000000e+12 0.000000000000000000e+00 0.000000000000000000e+00
9.380000000000000317e-05 -3.622757570000000000e+12 0.000000000000000000e+00 0.000000000000000000e+00
9.390000000000000560e-05 -3.721467390000000000e+12 0.000000000000000000e+00 0.000000000000000000e+00
9.399999999999999448e-05 -3.820014570000000000e+12 0.000000000000000000e+00 0.000000000000000000e+00
9.409999999999999691e-05 -3.918399000000000000e+12 0.000000000000000000e+00 0.000000000000000000e+00
9.419999999999999934e-05 -4.016620560000000000e+12 0.000000000000000000e+00 0.000000000000000000e+00
9.430000000000000177e-05 -4.114679160000000000e+12 0.000000000000000000e+00 0.000000000000000000e+00
9.440000000000000420e-05 -4.212574680000000000e+12 0.000000000000000000e+00 0.000000000000000000e+00
9.450000000000000663e-05 -4.310307010000000000e+12 0.000000000000000000e+00 0.000000000000000000e+00
9.459999999999999551e-05 -4.407876060000000000e+12 0.000000000000000000e+00 0.000000000000000000e+00
9.469999999999999794e-05 -4.505281720000000000e+12 0.000000000000000000e+00 0.000000000000000000e+00
9.480000000000000037e-05 -4.602523880000000000e+12 0.000000000000000000e+00 0.000000000000000000e+00
9.490000000000000280e-05 -4.699602440000000000e+12 0.000000000000000000e+00 0.000000000000000000e+00
9.500000000000000523e-05 -4.796517310000000000e+12 0.000000000000000000e+00 0.000000000000000000e+00
9.509999999999999411e-05 -4.893268370000000000e+12 0.000000000000000000e+00 0.000000000000000000e+00
9.519999999999999654e-05 -4.989855530000000000e+12 0.000000000000000000e+00 0.000000000000000000e+00
9.529999999999999897e-05 -5.086278680000000000e+12 0.000000000000000000e+00 0.000000000000000000e+00
9.540000000000000140e-05 -5.182537740000000000e+12 0.000000000000000000e+00 0.000000000000000000e+00
9.550000000000000383e-05 -5.278632590000000000e+12 0.000000000000000000e+00 0.000000000000000000e+00
9.560000000000000626e-05 -5.374563150000000000e+12 0.000000000000000000e+00 0.000000000000000000e+00
9.569999999999999514e-05 -5.470329320000000000e+12 0.000000000000000000e+00 0.000000000000000000e+00
9.579999999999999757e-05 -5.565930990000000000e+12 0.000000000000000000e+00 0.000000000000000000e+00
9.590000000000000000e-05 -5.661368080000000000e+12 0.000000000000000000e+00 0.000000000000000000e+00
9.600000000000000243e-05 -5.756640480000000000e+12 0.000000000000000000e+00 0.000000000000000000e+00
9.610000000000000486e-05 -5.851748120000000000e+12 0.000000000000000000e+00 0.000000000000000000e+00
9.619999999999999374e-05 -5.946690880000000000e+12 0.000000000000000000e+00 0.000000000000000000e+00
9.629999999999999617e-05 -6.041468680000000000e+12 0.000000000000000000e+00 0.000000000000000000e+00
9.639999999999999860e-05 -6.136081440000000000e+12 0.000000000000000000e+00 0.000000000000000000e+00
9.650000000000000103e-05 -6.230529040000000000e+12 0.000000000000000000e+00 0.000000000000000000e+00
9.660000000000000346e-05 -6.324811420000000000e+12 0.000000000000000000e+00 0.000000000000000000e+00
9.670000000000000589e-05 -6.418928470000000000e+12 0.000000000000000000e+00 0.000000000000000000e+00
9.679999999999999477e-05 -6.512880110000000000e+12 0.000000000000000000e+00 0.000000000000000000e+00
9.689999999999999720e-05 -6.606666250000000000e+12 0.000000000000000000e+00 0.000000000000000000e+00
9.699999999999999963e-05 -6.700286800000000000e+12 0.000000000000000000e+00 0.000000000000000000e+00
9.710000000000000206e-05 -6.793741680000000000e+12 0.000000000000000000e+00 0.000000000000000000e+00
9.720000000000000450e-05 -6.887030800000000000e+12 0.000000000000000000e+00 0.000000000000000000e+00
9.729999999999999337e-05 -6.980154070000000000e+12 0.000000000000000000e+00 0.000000000000000000e+00
9.739999999999999580e-05 -7.073111420000000000e+12 0.000000000000000000e+00 0.000000000000000000e+00
9.749999999999999823e-05 -7.165902750000000000e+12 0.000000000000000000e+00 0.000000000000000000e+00
9.760000000000000067e-05 -7.258527980000000000e+12 0.000000000000000000e+00 0.000000000000000000e+00
9.770000000000000310e-05 -7.350987040000000000e+12 0.000000000000000000e+00 0.000000000000000000e+00
9.780000000000000553e-05 -7.443279830000000000e+12 0.000000000000000000e+00 0.000000000000000000e+00
9.789999999999999441e-05 -7.535406290000000000e+12 0.000000000000000000e+00 0.000000000000000000e+00
9.799999999999999684e-05 -7.627366320000000000e+12 0.000000000000000000e+00 0.000000000000000000e+00
9.809999999999999927e-05 -7.719159850000000000e+12 0.000000000000000000e+00 0.000000000000000000e+00
9.820000000000000170e-05 -7.810786800000000000e+12 0.000000000000000000e+00 0.000000000000000000e+00
9.830000000000000413e-05 -7.902247100000000000e+12 0.000000000000000000e+00 0.000000000000000000e+00
9.840000000000000656e-05 -7.993540660000000000e+12 0.000000000000000000e+00 0.000000000000000000e+00
9.849999999999999544e-05 -8.084667400000000000e+12 0.000000000000000000e+00 0.000000000000000000e+00
9.859999999999999787e-05 -8.175627260000000000e+12 0.000000000000000000e+00 0.000000000000000000e+00
9.870000000000000030e-05 -8.266420160000000000e+12 0.000000000000000000e+00 0.000000000000000000e+00
9.880000000000000273e-05 -8.357046030000000000e+12 0.000000000000000000e+00 0.000000000000000000e+00
9.890000000000000516e-05 -8.447504780000000000e+12 0.000000000000000000e+00 0.000000000000000000e+00
9.899999999999999404e-05 -8.537796350000000000e+12 0.000000000000000000e+00 0.000000000000000000e+00
9.909999999999999647e-05 -8.627920660000000000e+12 0.000000000000000000e+00 0.000000000000000000e+00
9.919999999999999890e-05 -8.717877650000000000e+12 0.000000000000000000e+00 0.000000000000000000e+00
9.930000000000000133e-05 -8.807667240000000000e+12 0.000000000000000000e+00 0.000000000000000000e+00
9.940000000000000376e-05 -8.897289360000000000e+12 0.000000000000000000e+00 0.000000000000000000e+00
9.950000000000000619e-05 -8.986743940000000000e+12 0.000000000000000000e+00 0.000000000000000000e+00
9.959999999999999507e-05 -9.076030920000000000e+12 0.000000000000000000e+00 0.000000000000000000e+00
9.969999999999999750e-05 -9.165150220000000000e+12 0.000000000000000000e+00 0.000000000000000000e+00
9.979999999999999993e-05 -9.254101780000000000e+12 0.000000000000000000e+00 0.000000000000000000e+00
9.990000000000000236e-05 -9.342885530000000000e+12 0.000000000000000000e+00 0.000000000000000000e+00
1.000000000000000048e-04 -9.431501410000000000e+12 0.000000000000000000e+00 0.000000000000000000e+00
1.000999999999999937e-04 -9.519949350000000000e+12 0.000000000000000000e+00 0.000000000000000000e+00
1.001999999999999961e-04 -9.608229290000000000e+12 0.000000000000000000e+00 0.000000000000000000e+00
1.002999999999999985e-04 -9.696341160000000000e+12 0.000000000000000000e+00 0.000000000000000000e+00
1.004000000000000010e-04 -9.784284900000000000e+12 0.000000000000000000e+00 0.000000000000000000e+00
1.005000000000000034e-04 -9.872060440000000000e+12 0.000000000000000000e+00 0.000000000000000000e+00
1.006000000000000058e-04 -9.959667730000000000e+12 0.000000000000000000e+00 0.000000000000000000e+00
1.006999999999999947e-04 -1.004710670000000000e+13 0.000000000000000000e+00 0.000000000000000000e+00
1.007999999999999971e-04 -1.013437730000000000e+13 0.000000000000000000e+00 0.000000000000000000e+00
1.008999999999999996e-04 -1.022147950000000000e+13 0.000000000000000000e+00 0.000000000000000000e+00
1.010000000000000020e-04 -1.030841310000000000e+13 0.000000000000000000e+00 0.000000000000000000e+00
1.011000000000000044e-04 -1.039517830000000000e+13 0.000000000000000000e+00 0.000000000000000000e+00
1.011999999999999933e-04 -1.048177480000000000e+13 0.000000000000000000e+00 0.000000000000000000e+00
1.012999999999999957e-04 -1.056820260000000000e+13 0.000000000000000000e+00 0.000000000000000000e+00
1.013999999999999982e-04 -1.065446170000000000e+13 0.000000000000000000e+00 0.000000000000000000e+00
1.015000000000000006e-04 -1.074055210000000000e+13 0.000000000000000000e+00 0.000000000000000000e+00
1.016000000000000030e-04 -1.082647360000000000e+13 0.000000000000000000e+00 0.000000000000000000e+00
1.017000000000000055e-04 -1.091222620000000000e+13 0.000000000000000000e+00 0.000000000000000000e+00
1.017999999999999943e-04 -1.099780990000000000e+13 0.000000000000000000e+00 0.000000000000000000e+00
1.018999999999999968e-04 -1.108322460000000000e+13 0.000000000000000000e+00 0.000000000000000000e+00
1.019999999999999992e-04 -1.116847020000000000e+13 0.000000000000000000e+00 0.000000000000000000e+00
1.021000000000000016e-04 -1.125354680000000000e+13 0.000000000000000000e+00 0.000000000000000000e+00
1.022000000000000041e-04 -1.133845410000000000e+13 0.000000000000000000e+00 0.000000000000000000e+00
1.023000000000000065e-04 -1.142319240000000000e+13 0.000000000000000000e+00 0.000000000000000000e+00
1.023999999999999954e-04 -1.150776130000000000e+13 0.000000000000000000e+00 0.000000000000000000e+00
1.024999999999999978e-04 -1.159216100000000000e+13 0.000000000000000000e+00 0.000000000000000000e+00
1.026000000000000002e-04 -1.167639130000000000e+13 0.000000000000000000e+00 0.000000000000000000e+00
1.027000000000000027e-04 -1.176045220000000000e+13 0.000000000000000000e+00 0.000000000000000000e+00
1.028000000000000051e-04 -1.184434370000000000e+13 0.000000000000000000e+00 0.000000000000000000e+00
1.028999999999999940e-04 -1.192806570000000000e+13 0.000000000000000000e+00 0.000000000000000000e+00
1.029999999999999964e-04 -1.201161820000000000e+13 0.000000000000000000e+00 0.000000000000000000e+00
1.030999999999999988e-04 -1.209500110000000000e+13 0.000000000000000000e+00 0.000000000000000000e+00
1.032000000000000013e-04 -1.217821440000000000e+13 0.000000000000000000e+00 0.000000000000000000e+00
1.033000000000000037e-04 -1.226125810000000000e+13 0.000000000000000000e+00 0.000000000000000000e+00
1.034000000000000061e-04 -1.234413200000000000e+13 0.000000000000000000e+00 0.000000000000000000e+00
1.034999999999999950e-04 -1.242683620000000000e+13 0.000000000000000000e+00 0.000000000000000000e+00
1.035999999999999974e-04 -1.250937060000000000e+13 0.000000000000000000e+00 0.000000000000000000e+00
1.036999999999999999e-04 -1.259173520000000000e+13 0.000000000000000000e+00 0.000000000000000000e+00
1.038000000000000023e-04 -1.267392990000000000e+13 0.000000000000000000e+00 0.000000000000000000e+00
1.039000000000000047e-04 -1.275595470000000000e+13 0.000000000000000000e+00 0.000000000000000000e+00
1.039999999999999936e-04 -1.283780960000000000e+13 0.000000000000000000e+00 0.000000000000000000e+00
1.040999999999999960e-04 -1.291949450000000000e+13 0.000000000000000000e+00 0.000000000000000000e+00
1.041999999999999985e-04 -1.300100940000000000e+13 0.000000000000000000e+00 0.000000000000000000e+00
1.043000000000000009e-04 -1.308235420000000000e+13 0.000000000000000000e+00 0.000000000000000000e+00
1.044000000000000033e-04 -1.316352900000000000e+13 0.000000000000000000e+00 0.000000000000000000e+00
1.045000000000000058e-04 -1.324453360000000000e+13 0.000000000000000000e+00 0.000000000000000000e+00
1.045999999999999946e-04 -1.332536810000000000e+13 0.000000000000000000e+00 0.000000000000000000e+00
1.046999999999999971e-04 -1.340603230000000000e+13 0.000000000000000000e+00 0.000000000000000000e+00
1.047999999999999995e-04 -1.348652640000000000e+13 0.000000000000000000e+00 0.000000000000000000e+00
1.049000000000000019e-04 -1.356685020000000000e+13 0.000000000000000000e+00 0.000000000000000000e+00
1.050000000000000044e-04 -1.364700370000000000e+13 0.000000000000000000e+00 0.000000000000000000e+00
1.050999999999999932e-04 -1.372698690000000000e+13 0.000000000000000000e+00 0.000000000000000000e+00
1.051999999999999957e-04 -1.380679970000000000e+13 0.000000000000000000e+00 0.000000000000000000e+00
1.052999999999999981e-04 -1.388644220000000000e+13 0.000000000000000000e+00 0.000000000000000000e+00
1.054000000000000005e-04 -1.396591420000000000e+13 0.000000000000000000e+00 0.000000000000000000e+00
1.055000000000000030e-04 -1.404521580000000000e+13 0.000000000000000000e+00 0.000000000000000000e+00
1.056000000000000054e-04 -1.412434700000000000e+13 0.000000000000000000e+00 0.000000000000000000e+00
1.056999999999999943e-04 -1.420330760000000000e+13 0.000000000000000000e+00 0.000000000000000000e+00
1.057999999999999967e-04 -1.428209770000000000e+13 0.000000000000000000e+00 0.000000000000000000e+00
1.058999999999999991e-04 -1.436071730000000000e+13 0.000000000000000000e+00 0.000000000000000000e+00
1.060000000000000016e-04 -1.443916640000000000e+13 0.000000000000000000e+00 0.000000000000000000e+00
1.061000000000000040e-04 -1.451744480000000000e+13 0.000000000000000000e+00 0.000000000000000000e+00
1.062000000000000064e-04 -1.459555260000000000e+13 0.000000000000000000e+00 0.000000000000000000e+00
1.062999999999999953e-04 -1.467348980000000000e+13 0.000000000000000000e+00 0.000000000000000000e+00
1.063999999999999977e-04 -1.475125630000000000e+13 0.000000000000000000e+00 0.000000000000000000e+00
1.065000000000000002e-04 -1.482885210000000000e+13 0.000000000000000000e+00 0.000000000000000000e+00
1.066000000000000026e-04 -1.490627720000000000e+13 0.000000000000000000e+00 0.000000000000000000e+00
1.067000000000000050e-04 -1.498353160000000000e+13 0.000000000000000000e+00 0.000000000000000000e+00
1.067999999999999939e-04 -1.506061520000000000e+13 0.000000000000000000e+00 0.000000000000000000e+00
1.068999999999999963e-04 -1.513752810000000000e+13 0.000000000000000000e+00 0.000000000000000000e+00
1.069999999999999988e-04 -1.521427020000000000e+13 0.000000000000000000e+00 0.000000000000000000e+00
1.071000000000000012e-04 -1.529084140000000000e+13 0.000000000000000000e+00 0.000000000000000000e+00
1.072000000000000036e-04 -1.536724190000000000e+13 0.000000000000000000e+00 0.000000000000000000e+00
1.073000000000000061e-04 -1.544347150000000000e+13 0.000000000000000000e+00 0.000000000000000000e+00
1.073999999999999949e-04 -1.551953030000000000e+13 0.000000000000000000e+00 0.000000000000000000e+00
1.074999999999999974e-04 -1.559541820000000000e+13 0.000000000000000000e+00 0.000000000000000000e+00
1.075999999999999998e-04 -1.567113520000000000e+13 0.000000000000000000e+00 0.000000000000000000e+00
1.077000000000000022e-04 -1.574668130000000000e+13 0.000000000000000000e+00 0.000000000000000000e+00
1.078000000000000047e-04 -1.582205650000000000e+13 0.000000000000000000e+00 0.000000000000000000e+00
1.078999999999999935e-04 -1.589726080000000000e+13 0.000000000000000000e+00 0.000000000000000000e+00
1.079999999999999960e-04 -1.597229420000000000e+13 0.000000000000000000e+00 0.000000000000000000e+00
1.080999999999999984e-04 -1.604715650000000000e+13 0.000000000000000000e+00 0.000000000000000000e+00
1.082000000000000008e-04 -1.612184800000000000e+13 0.000000000000000000e+00 0.000000000000000000e+00
1.083000000000000033e-04 -1.619636840000000000e+13 0.000000000000000000e+00 0.000000000000000000e+00
1.084000000000000057e-04 -1.627071790000000000e+13 0.000000000000000000e+00 0.000000000000000000e+00
1.084999999999999946e-04 -1.634489640000000000e+13 0.000000000000000000e+00 0.000000000000000000e+00
1.085999999999999970e-04 -1.641890390000000000e+13 0.000000000000000000e+00 0.000000000000000000e+00
1.086999999999999994e-04 -1.649274040000000000e+13 0.000000000000000000e+00 0.000000000000000000e+00
1.088000000000000019e-04 -1.656640590000000000e+13 0.000000000000000000e+00 0.000000000000000000e+00
1.089000000000000043e-04 -1.663990040000000000e+13 0.000000000000000000e+00 0.000000000000000000e+00
1.090000000000000067e-04 -1.671322380000000000e+13 0.000000000000000000e+00 0.000000000000000000e+00
1.090999999999999956e-04 -1.678637620000000000e+13 0.000000000000000000e+00 0.000000000000000000e+00
1.091999999999999980e-04 -1.685935760000000000e+13 0.000000000000000000e+00 0.000000000000000000e+00
1.093000000000000005e-04 -1.693216790000000000e+13 0.000000000000000000e+00 0.000000000000000000e+00
1.094000000000000029e-04 -1.700480720000000000e+13 0.000000000000000000e+00 0.000000000000000000e+00
1.095000000000000053e-04 -1.707727540000000000e+13 0.000000000000000000e+00 0.000000000000000000e+00
1.095999999999999942e-04 -1.714957260000000000e+13 0.000000000000000000e+00 0.000000000000000000e+00
1.096999999999999966e-04 -1.722169880000000000e+13 0.000000000000000000e+00 0.000000000000000000e+00
1.097999999999999991e-04 -1.729365390000000000e+13 0.000000000000000000e+00 0.000000000000000000e+00
1.099000000000000015e-04 -1.736543790000000000e+13 0.000000000000000000e+00 0.000000000000000000e+00
1.100000000000000039e-04 -1.743705090000000000e+13 0.000000000000000000e+00 0.000000000000000000e+00
1.101000000000000063e-04 -1.750849290000000000e+13 0.000000000000000000e+00 0.000000000000000000e+00
1.101999999999999952e-04 -1.757976380000000000e+13 0.000000000000000000e+00 0.000000000000000000e+00
1.102999999999999977e-04 -1.765086360000000000e+13 0.000000000000000000e+00 0.000000000000000000e+00
1.104000000000000001e-04 -1.772179240000000000e+13 0.000000000000000000e+00 0.000000000000000000e+00
1.105000000000000025e-04 -1.779255020000000000e+13 0.000000000000000000e+00 0.000000000000000000e+00
1.106000000000000049e-04 -1.786313690000000000e+13 0.000000000000000000e+00 0.000000000000000000e+00
1.106999999999999938e-04 -1.793355260000000000e+13 0.000000000000000000e+00 0.000000000000000000e+00
1.107999999999999963e-04 -1.800379730000000000e+13 0.000000000000000000e+00 0.000000000000000000e+00
1.108999999999999987e-04 -1.807387090000000000e+13 0.000000000000000000e+00 0.000000000000000000e+00
1.110000000000000011e-04 -1.814377350000000000e+13 0.000000000000000000e+00 0.000000000000000000e+00
1.111000000000000035e-04 -1.821350520000000000e+13 0.000000000000000000e+00 0.000000000000000000e+00
1.112000000000000060e-04 -1.828306580000000000e+13 0.000000000000000000e+00 0.000000000000000000e+00
1.112999999999999949e-04 -1.835245540000000000e+13 0.000000000000000000e+00 0.000000000000000000e+00
1.113999999999999973e-04 -1.842167410000000000e+13 0.000000000000000000e+00 0.000000000000000000e+00
1.114999999999999997e-04 -1.849072170000000000e+13 0.000000000000000000e+00 0.000000000000000000e+00
1.116000000000000021e-04 -1.855959840000000000e+13 0.000000000000000000e+00 0.000000000000000000e+00
1.117000000000000046e-04 -1.862830420000000000e+13 0.000000000000000000e+00 0.000000000000000000e+00
1.117999999999999935e-04 -1.869683900000000000e+13 0.000000000000000000e+00 0.000000000000000000e+00
1.118999999999999959e-04 -1.876520290000000000e+13 0.000000000000000000e+00 0.000000000000000000e+00
1.119999999999999983e-04 -1.883339580000000000e+13 0.000000000000000000e+00 0.000000000000000000e+00
1.121000000000000008e-04 -1.890141790000000000e+13 0.000000000000000000e+00 0.000000000000000000e+00
1.122000000000000032e-04 -1.896926910000000000e+13 0.000000000000000000e+00 0.000000000000000000e+00
1.123000000000000056e-04 -1.903694930000000000e+13 0.000000000000000000e+00 0.000000000000000000e+00
1.123999999999999945e-04 -1.910445880000000000e+13 0.000000000000000000e+00 0.000000000000000000e+00
1.124999999999999969e-04 -1.917179730000000000e+13 0.000000000000000000e+00 0.000000000000000000e+00
1.125999999999999994e-04 -1.923896510000000000e+13 0.000000000000000000e+00 0.000000000000000000e+00
1.127000000000000018e-04 -1.930596200000000000e+13 0.000000000000000000e+00 0.000000000000000000e+00
1.128000000000000042e-04 -1.937278810000000000e+13 0.000000000000000000e+00 0.000000000000000000e+00
1.129000000000000066e-04 -1.943944350000000000e+13 0.000000000000000000e+00 0.000000000000000000e+00
1.129999999999999955e-04 -1.950592810000000000e+13 0.000000000000000000e+00 0.000000000000000000e+00
1.130999999999999980e-04 -1.957224190000000000e+13 0.000000000000000000e+00 0.000000000000000000e+00
1.132000000000000004e-04 -1.963838500000000000e+13 0.000000000000000000e+00 0.000000000000000000e+00
1.133000000000000028e-04 -1.970435740000000000e+13 0.000000000000000000e+00 0.000000000000000000e+00
1.134000000000000052e-04 -1.977015920000000000e+13 0.000000000000000000e+00 0.000000000000000000e+00
1.134999999999999941e-04 -1.983579020000000000e+13 0.000000000000000000e+00 0.000000000000000000e+00
1.135999999999999966e-04 -1.990125060000000000e+13 0.000000000000000000e+00 0.000000000000000000e+00
1.136999999999999990e-04 -1.996654050000000000e+13 0.000000000000000000e+00 0.000000000000000000e+00
1.138000000000000014e-04 -2.003165970000000000e+13 0.000000000000000000e+00 0.000000000000000000e+00
1.139000000000000038e-04 -2.009660830000000000e+13 0.000000000000000000e+00 0.000000000000000000e+00
1.140000000000000063e-04 -2.016138640000000000e+13 0.000000000000000000e+00 0.000000000000000000e+00
1.140999999999999952e-04 -2.022599400000000000e+13 0.000000000000000000e+00 0.000000000000000000e+00
1.141999999999999976e-04 -2.029043100000000000e+13 0.000000000000000000e+00 0.000000000000000000e+00
1.143000000000000000e-04 -2.035469760000000000e+13 0.000000000000000000e+00 0.000000000000000000e+00
1.144000000000000024e-04 -2.041879380000000000e+13 0.000000000000000000e+00 0.000000000000000000e+00
1.145000000000000049e-04 -2.048271950000000000e+13 0.000000000000000000e+00 0.000000000000000000e+00
1.145999999999999938e-04 -2.054647490000000000e+13 0.000000000000000000e+00 0.000000000000000000e+00
1.146999999999999962e-04 -2.061005990000000000e+13 0.000000000000000000e+00 0.000000000000000000e+00
1.147999999999999986e-04 -2.067347450000000000e+13 0.000000000000000000e+00 0.000000000000000000e+00
1.149000000000000010e-04 -2.073671880000000000e+13 0.000000000000000000e+00 0.000000000000000000e+00
1.150000000000000035e-04 -2.079979290000000000e+13 0.000000000000000000e+00 0.000000000000000000e+00
1.151000000000000059e-04 -2.086269670000000000e+13 0.000000000000000000e+00 0.000000000000000000e+00
1.151999999999999948e-04 -2.092543030000000000e+13 0.000000000000000000e+00 0.000000000000000000e+00
1.152999999999999972e-04 -2.098799380000000000e+13 0.000000000000000000e+00 0.000000000000000000e+00
1.153999999999999996e-04 -2.105038700000000000e+13 0.000000000000000000e+00 0.000000000000000000e+00
1.155000000000000021e-04 -2.111261020000000000e+13 0.000000000000000000e+00 0.000000000000000000e+00
1.156000000000000045e-04 -2.117466330000000000e+13 0.000000000000000000e+00 0.000000000000000000e+00
1.156999999999999934e-04 -2.123654630000000000e+13 0.000000000000000000e+00 0.000000000000000000e+00
1.157999999999999958e-04 -2.129825930000000000e+13 0.000000000000000000e+00 0.000000000000000000e+00
1.158999999999999982e-04 -2.135980230000000000e+13 0.000000000000000000e+00 0.000000000000000000e+00
1.160000000000000007e-04 -2.142117540000000000e+13 0.000000000000000000e+00 0.000000000000000000e+00
1.161000000000000031e-04 -2.148237860000000000e+13 0.000000000000000000e+00 0.000000000000000000e+00
1.162000000000000055e-04 -2.154341190000000000e+13 0.000000000000000000e+00 0.000000000000000000e+00
1.162999999999999944e-04 -2.160427530000000000e+13 0.000000000000000000e+00 0.000000000000000000e+00
1.163999999999999969e-04 -2.166496900000000000e+13 0.000000000000000000e+00 0.000000000000000000e+00
1.164999999999999993e-04 -2.172549290000000000e+13 0.000000000000000000e+00 0.000000000000000000e+00
1.166000000000000017e-04 -2.178584710000000000e+13 0.000000000000000000e+00 0.000000000000000000e+00
1.167000000000000041e-04 -2.184603160000000000e+13 0.000000000000000000e+00 0.000000000000000000e+00
1.168000000000000066e-04 -2.190604640000000000e+13 0.000000000000000000e+00 0.000000000000000000e+00
1.168999999999999955e-04 -2.196589170000000000e+13 0.000000000000000000e+00 0.000000000000000000e+00
1.169999999999999979e-04 -2.202556740000000000e+13 0.000000000000000000e+00 0.000000000000000000e+00
1.171000000000000003e-04 -2.208507360000000000e+13 0.000000000000000000e+00 0.000000000000000000e+00
1.172000000000000027e-04 -2.214441020000000000e+13 0.000000000000000000e+00 0.000000000000000000e+00
1.173000000000000052e-04 -2.220357750000000000e+13 0.000000000000000000e+00 0.000000000000000000e+00
1.173999999999999941e-04 -2.226257540000000000e+13 0.000000000000000000e+00 0.000000000000000000e+00
1.174999999999999965e-04 -2.232140390000000000e+13 0.000000000000000000e+00 0.000000000000000000e+00
1.175999999999999989e-04 -2.238006310000000000e+13 0.000000000000000000e+00 0.000000000000000000e+00
1.177000000000000013e-04 -2.243855310000000000e+13 0.000000000000000000e+00 0.000000000000000000e+00
1.178000000000000038e-04 -2.249687380000000000e+13 0.000000000000000000e+00 0.000000000000000000e+00
1.179000000000000062e-04 -2.255502540000000000e+13 0.000000000000000000e+00 0.000000000000000000e+00
1.179999999999999951e-04 -2.261300790000000000e+13 0.000000000000000000e+00 0.000000000000000000e+00
1.180999999999999975e-04 -2.267082130000000000e+13 0.000000000000000000e+00 0.000000000000000000e+00
1.181999999999999999e-04 -2.272846560000000000e+13 0.000000000000000000e+00 0.000000000000000000e+00
1.183000000000000024e-04 -2.278594100000000000e+13 0.000000000000000000e+00 0.000000000000000000e+00
1.184000000000000048e-04 -2.284324750000000000e+13 0.000000000000000000e+00 0.000000000000000000e+00
1.184999999999999937e-04 -2.290038510000000000e+13 0.000000000000000000e+00 0.000000000000000000e+00
1.185999999999999961e-04 -2.295735380000000000e+13 0.000000000000000000e+00 0.000000000000000000e+00
1.186999999999999985e-04 -2.301415380000000000e+13 0.000000000000000000e+00 0.000000000000000000e+00
1.188000000000000010e-04 -2.307078500000000000e+13 0.000000000000000000e+00 0.000000000000000000e+00
1.189000000000000034e-04 -2.312724750000000000e+13 0.000000000000000000e+00 0.000000000000000000e+00
1.190000000000000058e-04 -2.318354150000000000e+13 0.000000000000000000e+00 0.000000000000000000e+00
1.190999999999999947e-04 -2.323966680000000000e+13 0.000000000000000000e+00 0.000000000000000000e+00
1.191999999999999971e-04 -2.329562370000000000e+13 0.000000000000000000e+00 0.000000000000000000e+00
1.192999999999999996e-04 -2.335141200000000000e+13 0.000000000000000000e+00 0.000000000000000000e+00
1.194000000000000020e-04 -2.340703200000000000e+13 0.000000000000000000e+00 0.000000000000000000e+00
1.195000000000000044e-04 -2.346248360000000000e+13 0.000000000000000000e+00 0.000000000000000000e+00
1.195999999999999933e-04 -2.351776680000000000e+13 0.000000000000000000e+00 0.000000000000000000e+00
1.196999999999999957e-04 -2.357288190000000000e+13 0.000000000000000000e+00 0.000000000000000000e+00
1.197999999999999982e-04 -2.362782870000000000e+13 0.000000000000000000e+00 0.000000000000000000e+00
1.199000000000000006e-04 -2.368260740000000000e+13 0.000000000000000000e+00 0.000000000000000000e+00
1.200000000000000030e-04 -2.373721800000000000e+13 0.000000000000000000e+00 0.000000000000000000e+00
1.201000000000000055e-04 -2.379166060000000000e+13 0.000000000000000000e+00 0.000000000000000000e+00
1.201999999999999943e-04 -2.384593530000000000e+13 0.000000000000000000e+00 0.000000000000000000e+00
1.202999999999999968e-04 -2.390004200000000000e+13 0.000000000000000000e+00 0.000000000000000000e+00
1.203999999999999992e-04 -2.395398090000000000e+13 0.000000000000000000e+00 0.000000000000000000e+00
1.205000000000000016e-04 -2.400775200000000000e+13 0.000000000000000000e+00 0.000000000000000000e+00
1.206000000000000041e-04 -2.406135540000000000e+13 0.000000000000000000e+00 0.000000000000000000e+00
1.207000000000000065e-04 -2.411479110000000000e+13 0.000000000000000000e+00 0.000000000000000000e+00
1.207999999999999954e-04 -2.416805920000000000e+13 0.000000000000000000e+00 0.000000000000000000e+00
1.208999999999999978e-04 -2.422115970000000000e+13 0.000000000000000000e+00 0.000000000000000000e+00
1.210000000000000002e-04 -2.427409280000000000e+13 0.000000000000000000e+00 0.000000000000000000e+00
1.211000000000000027e-04 -2.432685840000000000e+13 0.000000000000000000e+00 0.000000000000000000e+00
1.212000000000000051e-04 -2.437945670000000000e+13 0.000000000000000000e+00 0.000000000000000000e+00
1.212999999999999940e-04 -2.443188770000000000e+13 0.000000000000000000e+00 0.000000000000000000e+00
1.213999999999999964e-04 -2.448415150000000000e+13 0.000000000000000000e+00 0.000000000000000000e+00
1.214999999999999988e-04 -2.453624810000000000e+13 0.000000000000000000e+00 0.000000000000000000e+00
1.216000000000000013e-04 -2.458817770000000000e+13 0.000000000000000000e+00 0.000000000000000000e+00
1.217000000000000037e-04 -2.463994010000000000e+13 0.000000000000000000e+00 0.000000000000000000e+00
1.218000000000000061e-04 -2.469153570000000000e+13 0.000000000000000000e+00 0.000000000000000000e+00
1.218999999999999950e-04 -2.474296430000000000e+13 0.000000000000000000e+00 0.000000000000000000e+00
1.219999999999999974e-04 -2.479422610000000000e+13 0.000000000000000000e+00 0.000000000000000000e+00
1.221000000000000134e-04 -2.484532110000000000e+13 0.000000000000000000e+00 0.000000000000000000e+00
1.221999999999999888e-04 -2.489624940000000000e+13 0.000000000000000000e+00 0.000000000000000000e+00
1.222999999999999912e-04 -2.494701110000000000e+13 0.000000000000000000e+00 0.000000000000000000e+00
1.223999999999999936e-04 -2.499760630000000000e+13 0.000000000000000000e+00 0.000000000000000000e+00
1.224999999999999960e-04 -2.504803490000000000e+13 0.000000000000000000e+00 0.000000000000000000e+00
1.225999999999999985e-04 -2.509829720000000000e+13 0.000000000000000000e+00 0.000000000000000000e+00
1.227000000000000009e-04 -2.514839300000000000e+13 0.000000000000000000e+00 0.000000000000000000e+00
1.228000000000000033e-04 -2.519832270000000000e+13 0.000000000000000000e+00 0.000000000000000000e+00
1.229000000000000058e-04 -2.524808610000000000e+13 0.000000000000000000e+00 0.000000000000000000e+00
1.230000000000000082e-04 -2.529768330000000000e+13 0.000000000000000000e+00 0.000000000000000000e+00
1.231000000000000106e-04 -2.534711450000000000e+13 0.000000000000000000e+00 0.000000000000000000e+00
1.232000000000000131e-04 -2.539637980000000000e+13 0.000000000000000000e+00 0.000000000000000000e+00
1.232999999999999884e-04 -2.544547910000000000e+13 0.000000000000000000e+00 0.000000000000000000e+00
1.233999999999999908e-04 -2.549441260000000000e+13 0.000000000000000000e+00 0.000000000000000000e+00
1.234999999999999932e-04 -2.554318030000000000e+13 0.000000000000000000e+00 0.000000000000000000e+00
1.235999999999999957e-04 -2.559178230000000000e+13 0.000000000000000000e+00 0.000000000000000000e+00
1.236999999999999981e-04 -2.564021870000000000e+13 0.000000000000000000e+00 0.000000000000000000e+00
1.238000000000000005e-04 -2.568848960000000000e+13 0.000000000000000000e+00 0.000000000000000000e+00
1.239000000000000030e-04 -2.573659500000000000e+13 0.000000000000000000e+00 0.000000000000000000e+00
1.240000000000000054e-04 -2.578453500000000000e+13 0.000000000000000000e+00 0.000000000000000000e+00
1.241000000000000078e-04 -2.583230970000000000e+13 0.000000000000000000e+00 0.000000000000000000e+00
1.242000000000000103e-04 -2.587991920000000000e+13 0.000000000000000000e+00 0.000000000000000000e+00
1.243000000000000127e-04 -2.592736360000000000e+13 0.000000000000000000e+00 0.000000000000000000e+00
1.243999999999999880e-04 -2.597464280000000000e+13 0.000000000000000000e+00 0.000000000000000000e+00
1.244999999999999904e-04 -2.602175710000000000e+13 0.000000000000000000e+00 0.000000000000000000e+00
1.245999999999999929e-04 -2.606870650000000000e+13 0.000000000000000000e+00 0.000000000000000000e+00
1.246999999999999953e-04 -2.611549100000000000e+13 0.000000000000000000e+00 0.000000000000000000e+00
1.247999999999999977e-04 -2.616211080000000000e+13 0.000000000000000000e+00 0.000000000000000000e+00
1.249000000000000002e-04 -2.620856590000000000e+13 0.000000000000000000e+00 0.000000000000000000e+00
1.250000000000000026e-04 -2.625485640000000000e+13 0.000000000000000000e+00 0.000000000000000000e+00
1.251000000000000050e-04 -2.630098240000000000e+13 0.000000000000000000e+00 0.000000000000000000e+00
1.252000000000000075e-04 -2.634694400000000000e+13 0.000000000000000000e+00 0.000000000000000000e+00
1.253000000000000099e-04 -2.639274130000000000e+13 0.000000000000000000e+00 0.000000000000000000e+00
1.254000000000000123e-04 -2.643837430000000000e+13 0.000000000000000000e+00 0.000000000000000000e+00
1.254999999999999877e-04 -2.648384310000000000e+13 0.000000000000000000e+00 0.000000000000000000e+00
1.255999999999999901e-04 -2.652914780000000000e+13 0.000000000000000000e+00 0.000000000000000000e+00
1.256999999999999925e-04 -2.657428860000000000e+13 0.000000000000000000e+00 0.000000000000000000e+00
1.257999999999999949e-04 -2.661926540000000000e+13 0.000000000000000000e+00 0.000000000000000000e+00
1.258999999999999974e-04 -2.666407840000000000e+13 0.000000000000000000e+00 0.000000000000000000e+00
1.259999999999999998e-04 -2.670872760000000000e+13 0.000000000000000000e+00 0.000000000000000000e+00
1.261000000000000022e-04 -2.675321320000000000e+13 0.000000000000000000e+00 0.000000000000000000e+00
1.262000000000000047e-04 -2.679753520000000000e+13 0.000000000000000000e+00 0.000000000000000000e+00
1.263000000000000071e-04 -2.684169370000000000e+13 0.000000000000000000e+00 0.000000000000000000e+00
1.264000000000000095e-04 -2.688568880000000000e+13 0.000000000000000000e+00 0.000000000000000000e+00
1.265000000000000120e-04 -2.692952070000000000e+13 0.000000000000000000e+00 0.000000000000000000e+00
1.265999999999999873e-04 -2.697318930000000000e+13 0.000000000000000000e+00 0.000000000000000000e+00
1.266999999999999897e-04 -2.701669480000000000e+13 0.000000000000000000e+00 0.000000000000000000e+00
1.267999999999999921e-04 -2.706003720000000000e+13 0.000000000000000000e+00 0.000000000000000000e+00
1.268999999999999946e-04 -2.710321670000000000e+13 0.000000000000000000e+00 0.000000000000000000e+00
1.269999999999999970e-04 -2.714623340000000000e+13 0.000000000000000000e+00 0.000000000000000000e+00
1.270999999999999994e-04 -2.718908720000000000e+13 0.000000000000000000e+00 0.000000000000000000e+00
1.272000000000000019e-04 -2.723177840000000000e+13 0.000000000000000000e+00 0.000000000000000000e+00
1.273000000000000043e-04 -2.727430710000000000e+13 0.000000000000000000e+00 0.000000000000000000e+00
1.274000000000000067e-04 -2.731667320000000000e+13 0.000000000000000000e+00 0.000000000000000000e+00
1.275000000000000092e-04 -2.735887690000000000e+13 0.000000000000000000e+00 0.000000000000000000e+00
1.276000000000000116e-04 -2.740091840000000000e+13 0.000000000000000000e+00 0.000000000000000000e+00
1.276999999999999869e-04 -2.744279760000000000e+13 0.000000000000000000e+00 0.000000000000000000e+00
1.277999999999999893e-04 -2.748451470000000000e+13 0.000000000000000000e+00 0.000000000000000000e+00
1.278999999999999918e-04 -2.752606980000000000e+13 0.000000000000000000e+00 0.000000000000000000e+00
1.279999999999999942e-04 -2.756746300000000000e+13 0.000000000000000000e+00 0.000000000000000000e+00
1.280999999999999966e-04 -2.760869440000000000e+13 0.000000000000000000e+00 0.000000000000000000e+00
1.281999999999999991e-04 -2.764976400000000000e+13 0.000000000000000000e+00 0.000000000000000000e+00
1.283000000000000015e-04 -2.769067200000000000e+13 0.000000000000000000e+00 0.000000000000000000e+00
1.284000000000000039e-04 -2.773141840000000000e+13 0.000000000000000000e+00 0.000000000000000000e+00
1.285000000000000064e-04 -2.777200350000000000e+13 0.000000000000000000e+00 0.000000000000000000e+00
1.286000000000000088e-04 -2.781242710000000000e+13 0.000000000000000000e+00 0.000000000000000000e+00
1.287000000000000112e-04 -2.785268960000000000e+13 0.000000000000000000e+00 0.000000000000000000e+00
1.287999999999999865e-04 -2.789279090000000000e+13 0.000000000000000000e+00 0.000000000000000000e+00
1.288999999999999890e-04 -2.793273110000000000e+13 0.000000000000000000e+00 0.000000000000000000e+00
1.289999999999999914e-04 -2.797251040000000000e+13 0.000000000000000000e+00 0.000000000000000000e+00
1.290999999999999938e-04 -2.801212890000000000e+13 0.000000000000000000e+00 0.000000000000000000e+00
1.291999999999999963e-04 -2.805158660000000000e+13 0.000000000000000000e+00 0.000000000000000000e+00
1.292999999999999987e-04 -2.809088360000000000e+13 0.000000000000000000e+00 0.000000000000000000e+00
1.294000000000000011e-04 -2.813002020000000000e+13 0.000000000000000000e+00 0.000000000000000000e+00
1.295000000000000036e-04 -2.816899630000000000e+13 0.000000000000000000e+00 0.000000000000000000e+00
1.296000000000000060e-04 -2.820781200000000000e+13 0.000000000000000000e+00 0.000000000000000000e+00
1.297000000000000084e-04 -2.824646750000000000e+13 0.000000000000000000e+00 0.000000000000000000e+00
1.298000000000000109e-04 -2.828496290000000000e+13 0.000000000000000000e+00 0.000000000000000000e+00
1.299000000000000133e-04 -2.832329830000000000e+13 0.000000000000000000e+00 0.000000000000000000e+00
1.299999999999999886e-04 -2.836147370000000000e+13 0.000000000000000000e+00 0.000000000000000000e+00
1.300999999999999910e-04 -2.839948930000000000e+13 0.000000000000000000e+00 0.000000000000000000e+00
1.301999999999999935e-04 -2.843734520000000000e+13 0.000000000000000000e+00 0.000000000000000000e+00
1.302999999999999959e-04 -2.847504150000000000e+13 0.000000000000000000e+00 0.000000000000000000e+00
1.303999999999999983e-04 -2.851257830000000000e+13 0.000000000000000000e+00 0.000000000000000000e+00
1.305000000000000008e-04 -2.854995570000000000e+13 0.000000000000000000e+00 0.000000000000000000e+00
1.306000000000000032e-04 -2.858717380000000000e+13 0.000000000000000000e+00 0.000000000000000000e+00
1.307000000000000056e-04 -2.862423270000000000e+13 0.000000000000000000e+00 0.000000000000000000e+00
1.308000000000000081e-04 -2.866113250000000000e+13 0.000000000000000000e+00 0.000000000000000000e+00
1.309000000000000105e-04 -2.869787340000000000e+13 0.000000000000000000e+00 0.000000000000000000e+00
1.310000000000000129e-04 -2.873445540000000000e+13 0.000000000000000000e+00 0.000000000000000000e+00
1.310999999999999882e-04 -2.877087870000000000e+13 0.000000000000000000e+00 0.000000000000000000e+00
1.311999999999999907e-04 -2.880714330000000000e+13 0.000000000000000000e+00 0.000000000000000000e+00
1.312999999999999931e-04 -2.884324940000000000e+13 0.000000000000000000e+00 0.000000000000000000e+00
1.313999999999999955e-04 -2.887919700000000000e+13 0.000000000000000000e+00 0.000000000000000000e+00
1.314999999999999980e-04 -2.891498630000000000e+13 0.000000000000000000e+00 0.000000000000000000e+00
1.316000000000000004e-04 -2.895061750000000000e+13 0.000000000000000000e+00 0.000000000000000000e+00
1.317000000000000028e-04 -2.898609050000000000e+13 0.000000000000000000e+00 0.000000000000000000e+00
1.318000000000000053e-04 -2.902140560000000000e+13 0.000000000000000000e+00 0.000000000000000000e+00
1.319000000000000077e-04 -2.905656270000000000e+13 0.000000000000000000e+00 0.000000000000000000e+00
1.320000000000000101e-04 -2.909156220000000000e+13 0.000000000000000000e+00 0.000000000000000000e+00
1.321000000000000126e-04 -2.912640390000000000e+13 0.000000000000000000e+00 0.000000000000000000e+00
1.321999999999999879e-04 -2.916108820000000000e+13 0.000000000000000000e+00 0.000000000000000000e+00
1.322999999999999903e-04 -2.919561500000000000e+13 0.000000000000000000e+00 0.000000000000000000e+00
1.323999999999999927e-04 -2.922998450000000000e+13 0.000000000000000000e+00 0.000000000000000000e+00
1.324999999999999952e-04 -2.926419690000000000e+13 0.000000000000000000e+00 0.000000000000000000e+00
1.325999999999999976e-04 -2.929825210000000000e+13 0.000000000000000000e+00 0.000000000000000000e+00
1.327000000000000000e-04 -2.933215040000000000e+13 0.000000000000000000e+00 0.000000000000000000e+00
1.328000000000000025e-04 -2.936589190000000000e+13 0.000000000000000000e+00 0.000000000000000000e+00
1.329000000000000049e-04 -2.939947660000000000e+13 0.000000000000000000e+00 0.000000000000000000e+00
1.330000000000000073e-04 -2.943290470000000000e+13 0.000000000000000000e+00 0.000000000000000000e+00
1.331000000000000098e-04 -2.946617630000000000e+13 0.000000000000000000e+00 0.000000000000000000e+00
1.332000000000000122e-04 -2.949929150000000000e+13 0.000000000000000000e+00 0.000000000000000000e+00
1.332999999999999875e-04 -2.953225040000000000e+13 0.000000000000000000e+00 0.000000000000000000e+00
1.333999999999999899e-04 -2.956505330000000000e+13 0.000000000000000000e+00 0.000000000000000000e+00
1.334999999999999924e-04 -2.959770000000000000e+13 0.000000000000000000e+00 0.000000000000000000e+00
1.335999999999999948e-04 -2.963019090000000000e+13 0.000000000000000000e+00 0.000000000000000000e+00
1.336999999999999972e-04 -2.966252600000000000e+13 0.000000000000000000e+00 0.000000000000000000e+00
1.337999999999999997e-04 -2.969470540000000000e+13 0.000000000000000000e+00 0.000000000000000000e+00
1.339000000000000021e-04 -2.972672920000000000e+13 0.000000000000000000e+00 0.000000000000000000e+00
1.340000000000000045e-04 -2.975859760000000000e+13 0.000000000000000000e+00 0.000000000000000000e+00
1.341000000000000070e-04 -2.979031070000000000e+13 0.000000000000000000e+00 0.000000000000000000e+00
1.342000000000000094e-04 -2.982186870000000000e+13 0.000000000000000000e+00 0.000000000000000000e+00
1.343000000000000118e-04 -2.985327150000000000e+13 0.000000000000000000e+00 0.000000000000000000e+00
1.343999999999999871e-04 -2.988451940000000000e+13 0.000000000000000000e+00 0.000000000000000000e+00
1.344999999999999896e-04 -2.991561250000000000e+13 0.000000000000000000e+00 0.000000000000000000e+00
1.345999999999999920e-04 -2.994655080000000000e+13 0.000000000000000000e+00 0.000000000000000000e+00
1.346999999999999944e-04 -2.997733460000000000e+13 0.000000000000000000e+00 0.000000000000000000e+00
1.347999999999999969e-04 -3.000796390000000000e+13 0.000000000000000000e+00 0.000000000000000000e+00
1.348999999999999993e-04 -3.003843890000000000e+13 0.000000000000000000e+00 0.000000000000000000e+00
1.350000000000000017e-04 -3.006875960000000000e+13 0.000000000000000000e+00 0.000000000000000000e+00
1.351000000000000042e-04 -3.009892630000000000e+13 0.000000000000000000e+00 0.000000000000000000e+00
1.352000000000000066e-04 -3.012893900000000000e+13 0.000000000000000000e+00 0.000000000000000000e+00
1.353000000000000090e-04 -3.015879790000000000e+13 0.000000000000000000e+00 0.000000000000000000e+00
1.354000000000000114e-04 -3.018850300000000000e+13 0.000000000000000000e+00 0.000000000000000000e+00
1.354999999999999868e-04 -3.021805460000000000e+13 0.000000000000000000e+00 0.000000000000000000e+00
1.355999999999999892e-04 -3.024745270000000000e+13 0.000000000000000000e+00 0.000000000000000000e+00
1.356999999999999916e-04 -3.027669750000000000e+13 0.000000000000000000e+00 0.000000000000000000e+00
1.357999999999999941e-04 -3.030578900000000000e+13 0.000000000000000000e+00 0.000000000000000000e+00
1.358999999999999965e-04 -3.033472750000000000e+13 0.000000000000000000e+00 0.000000000000000000e+00
1.359999999999999989e-04 -3.036351300000000000e+13 0.000000000000000000e+00 0.000000000000000000e+00
1.361000000000000014e-04 -3.039214570000000000e+13 0.000000000000000000e+00 0.000000000000000000e+00
1.362000000000000038e-04 -3.042062570000000000e+13 0.000000000000000000e+00 0.000000000000000000e+00
1.363000000000000062e-04 -3.044895310000000000e+13 0.000000000000000000e+00 0.000000000000000000e+00
1.364000000000000087e-04 -3.047712800000000000e+13 0.000000000000000000e+00 0.000000000000000000e+00
1.365000000000000111e-04 -3.050515070000000000e+13 0.000000000000000000e+00 0.000000000000000000e+00
1.366000000000000135e-04 -3.053302110000000000e+13 0.000000000000000000e+00 0.000000000000000000e+00
1.366999999999999888e-04 -3.056073960000000000e+13 0.000000000000000000e+00 0.000000000000000000e+00
1.367999999999999913e-04 -3.058830600000000000e+13 0.000000000000000000e+00 0.000000000000000000e+00
1.368999999999999937e-04 -3.061572070000000000e+13 0.000000000000000000e+00 0.000000000000000000e+00
1.369999999999999961e-04 -3.064298370000000000e+13 0.000000000000000000e+00 0.000000000000000000e+00
1.370999999999999986e-04 -3.067009520000000000e+13 0.000000000000000000e+00 0.000000000000000000e+00
1.372000000000000010e-04 -3.069705530000000000e+13 0.000000000000000000e+00 0.000000000000000000e+00
1.373000000000000034e-04 -3.072386410000000000e+13 0.000000000000000000e+00 0.000000000000000000e+00
1.374000000000000059e-04 -3.075052180000000000e+13 0.000000000000000000e+00 0.000000000000000000e+00
1.375000000000000083e-04 -3.077702850000000000e+13 0.000000000000000000e+00 0.000000000000000000e+00
1.376000000000000107e-04 -3.080338430000000000e+13 0.000000000000000000e+00 0.000000000000000000e+00
1.377000000000000131e-04 -3.082958940000000000e+13 0.000000000000000000e+00 0.000000000000000000e+00
1.377999999999999885e-04 -3.085564380000000000e+13 0.000000000000000000e+00 0.000000000000000000e+00
1.378999999999999909e-04 -3.088154780000000000e+13 0.000000000000000000e+00 0.000000000000000000e+00
1.379999999999999933e-04 -3.090730150000000000e+13 0.000000000000000000e+00 0.000000000000000000e+00
1.380999999999999958e-04 -3.093290490000000000e+13 0.000000000000000000e+00 0.000000000000000000e+00
1.381999999999999982e-04 -3.095835830000000000e+13 0.000000000000000000e+00 0.000000000000000000e+00
1.383000000000000006e-04 -3.098366170000000000e+13 0.000000000000000000e+00 0.000000000000000000e+00
1.384000000000000031e-04 -3.100881540000000000e+13 0.000000000000000000e+00 0.000000000000000000e+00
1.385000000000000055e-04 -3.103381940000000000e+13 0.000000000000000000e+00 0.000000000000000000e+00
1.386000000000000079e-04 -3.105867380000000000e+13 0.000000000000000000e+00 0.000000000000000000e+00
1.387000000000000103e-04 -3.108337890000000000e+13 0.000000000000000000e+00 0.000000000000000000e+00
1.388000000000000128e-04 -3.110793470000000000e+13 0.000000000000000000e+00 0.000000000000000000e+00
1.388999999999999881e-04 -3.113234140000000000e+13 0.000000000000000000e+00 0.000000000000000000e+00
1.389999999999999905e-04 -3.115659920000000000e+13 0.000000000000000000e+00 0.000000000000000000e+00
1.390999999999999930e-04 -3.118070810000000000e+13 0.000000000000000000e+00 0.000000000000000000e+00
1.391999999999999954e-04 -3.120466830000000000e+13 0.000000000000000000e+00 0.000000000000000000e+00
1.392999999999999978e-04 -3.122847990000000000e+13 0.000000000000000000e+00 0.000000000000000000e+00
1.394000000000000003e-04 -3.125214310000000000e+13 0.000000000000000000e+00 0.000000000000000000e+00
1.395000000000000027e-04 -3.127565810000000000e+13 0.000000000000000000e+00 0.000000000000000000e+00
1.396000000000000051e-04 -3.129902480000000000e+13 0.000000000000000000e+00 0.000000000000000000e+00
1.397000000000000075e-04 -3.132224360000000000e+13 0.000000000000000000e+00 0.000000000000000000e+00
1.398000000000000100e-04 -3.134531460000000000e+13 0.000000000000000000e+00 0.000000000000000000e+00
1.399000000000000124e-04 -3.136823770000000000e+13 0.000000000000000000e+00 0.000000000000000000e+00
1.399999999999999877e-04 -3.139101340000000000e+13 0.000000000000000000e+00 0.000000000000000000e+00
1.400999999999999902e-04 -3.141364150000000000e+13 0.000000000000000000e+00 0.000000000000000000e+00
1.401999999999999926e-04 -3.143612240000000000e+13 0.000000000000000000e+00 0.000000000000000000e+00
1.402999999999999950e-04 -3.145845610000000000e+13 0.000000000000000000e+00 0.000000000000000000e+00
1.403999999999999975e-04 -3.148064280000000000e+13 0.000000000000000000e+00 0.000000000000000000e+00
1.404999999999999999e-04 -3.150268270000000000e+13 0.000000000000000000e+00 0.000000000000000000e+00
1.406000000000000023e-04 -3.152457580000000000e+13 0.000000000000000000e+00 0.000000000000000000e+00
1.407000000000000048e-04 -3.154632230000000000e+13 0.000000000000000000e+00 0.000000000000000000e+00
1.408000000000000072e-04 -3.156792230000000000e+13 0.000000000000000000e+00 0.000000000000000000e+00
1.409000000000000096e-04 -3.158937610000000000e+13 0.000000000000000000e+00 0.000000000000000000e+00
1.410000000000000120e-04 -3.161068370000000000e+13 0.000000000000000000e+00 0.000000000000000000e+00
1.410999999999999874e-04 -3.163184530000000000e+13 0.000000000000000000e+00 0.000000000000000000e+00
1.411999999999999898e-04 -3.165286100000000000e+13 0.000000000000000000e+00 0.000000000000000000e+00
1.412999999999999922e-04 -3.167373100000000000e+13 0.000000000000000000e+00 0.000000000000000000e+00
1.413999999999999947e-04 -3.169445540000000000e+13 0.000000000000000000e+00 0.000000000000000000e+00
1.414999999999999971e-04 -3.171503440000000000e+13 0.000000000000000000e+00 0.000000000000000000e+00
1.415999999999999995e-04 -3.173546820000000000e+13 0.000000000000000000e+00 0.000000000000000000e+00
1.417000000000000020e-04 -3.175575670000000000e+13 0.000000000000000000e+00 0.000000000000000000e+00
1.418000000000000044e-04 -3.177590030000000000e+13 0.000000000000000000e+00 0.000000000000000000e+00
1.419000000000000068e-04 -3.179589900000000000e+13 0.000000000000000000e+00 0.000000000000000000e+00
1.420000000000000092e-04 -3.181575310000000000e+13 0.000000000000000000e+00 0.000000000000000000e+00
1.421000000000000117e-04 -3.183546250000000000e+13 0.000000000000000000e+00 0.000000000000000000e+00
1.421999999999999870e-04 -3.185502760000000000e+13 0.000000000000000000e+00 0.000000000000000000e+00
1.422999999999999894e-04 -3.187444840000000000e+13 0.000000000000000000e+00 0.000000000000000000e+00
1.423999999999999919e-04 -3.189372510000000000e+13 0.000000000000000000e+00 0.000000000000000000e+00
1.424999999999999943e-04 -3.191285790000000000e+13 0.000000000000000000e+00 0.000000000000000000e+00
1.425999999999999967e-04 -3.193184680000000000e+13 0.000000000000000000e+00 0.000000000000000000e+00
1.426999999999999992e-04 -3.195069210000000000e+13 0.000000000000000000e+00 0.000000000000000000e+00
1.428000000000000016e-04 -3.196939380000000000e+13 0.000000000000000000e+00 0.000000000000000000e+00
1.429000000000000040e-04 -3.198795220000000000e+13 0.000000000000000000e+00 0.000000000000000000e+00
1.430000000000000064e-04 -3.200636740000000000e+13 0.000000000000000000e+00 0.000000000000000000e+00
1.431000000000000089e-04 -3.202463950000000000e+13 0.000000000000000000e+00 0.000000000000000000e+00
1.432000000000000113e-04 -3.204276870000000000e+13 0.000000000000000000e+00 0.000000000000000000e+00
1.432999999999999866e-04 -3.206075510000000000e+13 0.000000000000000000e+00 0.000000000000000000e+00
1.433999999999999891e-04 -3.207859900000000000e+13 0.000000000000000000e+00 0.000000000000000000e+00
1.434999999999999915e-04 -3.209630030000000000e+13 0.000000000000000000e+00 0.000000000000000000e+00
1.435999999999999939e-04 -3.211385940000000000e+13 0.000000000000000000e+00 0.000000000000000000e+00
1.436999999999999964e-04 -3.213127630000000000e+13 0.000000000000000000e+00 0.000000000000000000e+00
1.437999999999999988e-04 -3.214855120000000000e+13 0.000000000000000000e+00 0.000000000000000000e+00
1.439000000000000012e-04 -3.216568430000000000e+13 0.000000000000000000e+00 0.000000000000000000e+00
1.440000000000000036e-04 -3.218267560000000000e+13 0.000000000000000000e+00 0.000000000000000000e+00
1.441000000000000061e-04 -3.219952540000000000e+13 0.000000000000000000e+00 0.000000000000000000e+00
1.442000000000000085e-04 -3.221623380000000000e+13 0.000000000000000000e+00 0.000000000000000000e+00
1.443000000000000109e-04 -3.223280100000000000e+13 0.000000000000000000e+00 0.000000000000000000e+00
1.444000000000000134e-04 -3.224922710000000000e+13 0.000000000000000000e+00 0.000000000000000000e+00
1.444999999999999887e-04 -3.226551230000000000e+13 0.000000000000000000e+00 0.000000000000000000e+00
1.445999999999999911e-04 -3.228165670000000000e+13 0.000000000000000000e+00 0.000000000000000000e+00
1.446999999999999936e-04 -3.229766040000000000e+13 0.000000000000000000e+00 0.000000000000000000e+00
1.447999999999999960e-04 -3.231352370000000000e+13 0.000000000000000000e+00 0.000000000000000000e+00
1.448999999999999984e-04 -3.232924670000000000e+13 0.000000000000000000e+00 0.000000000000000000e+00
1.450000000000000009e-04 -3.234482960000000000e+13 0.000000000000000000e+00 0.000000000000000000e+00
1.451000000000000033e-04 -3.236027240000000000e+13 0.000000000000000000e+00 0.000000000000000000e+00
1.452000000000000057e-04 -3.237557540000000000e+13 0.000000000000000000e+00 0.000000000000000000e+00
1.453000000000000081e-04 -3.239073870000000000e+13 0.000000000000000000e+00 0.000000000000000000e+00
1.454000000000000106e-04 -3.240576250000000000e+13 0.000000000000000000e+00 0.000000000000000000e+00
1.455000000000000130e-04 -3.242064690000000000e+13 0.000000000000000000e+00 0.000000000000000000e+00
1.455999999999999883e-04 -3.243539200000000000e+13 0.000000000000000000e+00 0.000000000000000000e+00
1.456999999999999908e-04 -3.244999820000000000e+13 0.000000000000000000e+00 0.000000000000000000e+00
1.457999999999999932e-04 -3.246446540000000000e+13 0.000000000000000000e+00 0.000000000000000000e+00
1.458999999999999956e-04 -3.247879390000000000e+13 0.000000000000000000e+00 0.000000000000000000e+00
1.459999999999999981e-04 -3.249298380000000000e+13 0.000000000000000000e+00 0.000000000000000000e+00
1.461000000000000005e-04 -3.250703520000000000e+13 0.000000000000000000e+00 0.000000000000000000e+00
1.462000000000000029e-04 -3.252094850000000000e+13 0.000000000000000000e+00 0.000000000000000000e+00
1.463000000000000053e-04 -3.253472350000000000e+13 0.000000000000000000e+00 0.000000000000000000e+00
1.464000000000000078e-04 -3.254836070000000000e+13 0.000000000000000000e+00 0.000000000000000000e+00
1.465000000000000102e-04 -3.256186000000000000e+13 0.000000000000000000e+00 0.000000000000000000e+00
1.466000000000000126e-04 -3.257522180000000000e+13 0.000000000000000000e+00 0.000000000000000000e+00
1.466999999999999880e-04 -3.258844600000000000e+13 0.000000000000000000e+00 0.000000000000000000e+00
1.467999999999999904e-04 -3.260153300000000000e+13 0.000000000000000000e+00 0.000000000000000000e+00
1.468999999999999928e-04 -3.261448280000000000e+13 0.000000000000000000e+00 0.000000000000000000e+00
1.469999999999999953e-04 -3.262729560000000000e+13 0.000000000000000000e+00 0.000000000000000000e+00
1.470999999999999977e-04 -3.263997150000000000e+13 0.000000000000000000e+00 0.000000000000000000e+00
1.472000000000000001e-04 -3.265251090000000000e+13 0.000000000000000000e+00 0.000000000000000000e+00
1.473000000000000025e-04 -3.266491370000000000e+13 0.000000000000000000e+00 0.000000000000000000e+00
1.474000000000000050e-04 -3.267718010000000000e+13 0.000000000000000000e+00 0.000000000000000000e+00
1.475000000000000074e-04 -3.268931040000000000e+13 0.000000000000000000e+00 0.000000000000000000e+00
1.476000000000000098e-04 -3.270130470000000000e+13 0.000000000000000000e+00 0.000000000000000000e+00
1.477000000000000123e-04 -3.271316310000000000e+13 0.000000000000000000e+00 0.000000000000000000e+00
1.477999999999999876e-04 -3.272488580000000000e+13 0.000000000000000000e+00 0.000000000000000000e+00
1.478999999999999900e-04 -3.273647300000000000e+13 0.000000000000000000e+00 0.000000000000000000e+00
1.479999999999999925e-04 -3.274792480000000000e+13 0.000000000000000000e+00 0.000000000000000000e+00
1.480999999999999949e-04 -3.275924140000000000e+13 0.000000000000000000e+00 0.000000000000000000e+00
1.481999999999999973e-04 -3.277042290000000000e+13 0.000000000000000000e+00 0.000000000000000000e+00
1.482999999999999997e-04 -3.278146960000000000e+13 0.000000000000000000e+00 0.000000000000000000e+00
1.484000000000000022e-04 -3.279238160000000000e+13 0.000000000000000000e+00 0.000000000000000000e+00
1.485000000000000046e-04 -3.280315900000000000e+13 0.000000000000000000e+00 0.000000000000000000e+00
1.486000000000000070e-04 -3.281380210000000000e+13 0.000000000000000000e+00 0.000000000000000000e+00
1.487000000000000095e-04 -3.282431090000000000e+13 0.000000000000000000e+00 0.000000000000000000e+00
1.488000000000000119e-04 -3.283468570000000000e+13 0.000000000000000000e+00 0.000000000000000000e+00
1.488999999999999872e-04 -3.284492660000000000e+13 0.000000000000000000e+00 0.000000000000000000e+00
1.489999999999999897e-04 -3.285503370000000000e+13 0.000000000000000000e+00 0.000000000000000000e+00
1.490999999999999921e-04 -3.286500730000000000e+13 0.000000000000000000e+00 0.000000000000000000e+00
1.491999999999999945e-04 -3.287484760000000000e+13 0.000000000000000000e+00 0.000000000000000000e+00
1.492999999999999969e-04 -3.288455450000000000e+13 0.000000000000000000e+00 0.000000000000000000e+00
1.493999999999999994e-04 -3.289412850000000000e+13 0.000000000000000000e+00 0.000000000000000000e+00
1.495000000000000018e-04 -3.290356950000000000e+13 0.000000000000000000e+00 0.000000000000000000e+00
1.496000000000000042e-04 -3.291287780000000000e+13 0.000000000000000000e+00 0.000000000000000000e+00
1.497000000000000067e-04 -3.292205360000000000e+13 0.000000000000000000e+00 0.000000000000000000e+00
1.498000000000000091e-04 -3.293109700000000000e+13 0.000000000000000000e+00 0.000000000000000000e+00
1.499000000000000115e-04 -3.294000810000000000e+13 0.000000000000000000e+00 0.000000000000000000e+00
1.499999999999999869e-04 -3.294878720000000000e+13 0.000000000000000000e+00 0.000000000000000000e+00
1.500999999999999893e-04 -3.295743440000000000e+13 0.000000000000000000e+00 0.000000000000000000e+00
1.501999999999999917e-04 -3.296594990000000000e+13 0.000000000000000000e+00 0.000000000000000000e+00
1.502999999999999942e-04 -3.297433380000000000e+13 0.000000000000000000e+00 0.000000000000000000e+00
1.503999999999999966e-04 -3.298258640000000000e+13 0.000000000000000000e+00 0.000000000000000000e+00
1.504999999999999990e-04 -3.299070770000000000e+13 0.000000000000000000e+00 0.000000000000000000e+00
1.506000000000000014e-04 -3.299869810000000000e+13 0.000000000000000000e+00 0.000000000000000000e+00
1.507000000000000039e-04 -3.300655750000000000e+13 0.000000000000000000e+00 0.000000000000000000e+00
1.508000000000000063e-04 -3.301428620000000000e+13 0.000000000000000000e+00 0.000000000000000000e+00
1.509000000000000087e-04 -3.302188440000000000e+13 0.000000000000000000e+00 0.000000000000000000e+00
1.510000000000000112e-04 -3.302935220000000000e+13 0.000000000000000000e+00 0.000000000000000000e+00
1.510999999999999865e-04 -3.303668990000000000e+13 0.000000000000000000e+00 0.000000000000000000e+00
1.511999999999999889e-04 -3.304389750000000000e+13 0.000000000000000000e+00 0.000000000000000000e+00
1.512999999999999914e-04 -3.305097520000000000e+13 0.000000000000000000e+00 0.000000000000000000e+00
1.513999999999999938e-04 -3.305792330000000000e+13 0.000000000000000000e+00 0.000000000000000000e+00
1.514999999999999962e-04 -3.306474190000000000e+13 0.000000000000000000e+00 0.000000000000000000e+00
1.515999999999999986e-04 -3.307143110000000000e+13 0.000000000000000000e+00 0.000000000000000000e+00
1.517000000000000011e-04 -3.307799120000000000e+13 0.000000000000000000e+00 0.000000000000000000e+00
1.518000000000000035e-04 -3.308442220000000000e+13 0.000000000000000000e+00 0.000000000000000000e+00
1.519000000000000059e-04 -3.309072450000000000e+13 0.000000000000000000e+00 0.000000000000000000e+00
1.520000000000000084e-04 -3.309689810000000000e+13 0.000000000000000000e+00 0.000000000000000000e+00
1.521000000000000108e-04 -3.310294320000000000e+13 0.000000000000000000e+00 0.000000000000000000e+00
1.522000000000000132e-04 -3.310886000000000000e+13 0.000000000000000000e+00 0.000000000000000000e+00
1.522999999999999886e-04 -3.311464860000000000e+13 0.000000000000000000e+00 0.000000000000000000e+00
1.523999999999999910e-04 -3.312030930000000000e+13 0.000000000000000000e+00 0.000000000000000000e+00
1.524999999999999934e-04 -3.312584230000000000e+13 0.000000000000000000e+00 0.000000000000000000e+00
1.525999999999999958e-04 -3.313124760000000000e+13 0.000000000000000000e+00 0.000000000000000000e+00
1.526999999999999983e-04 -3.313652540000000000e+13 0.000000000000000000e+00 0.000000000000000000e+00
1.528000000000000007e-04 -3.314167600000000000e+13 0.000000000000000000e+00 0.000000000000000000e+00
1.529000000000000031e-04 -3.314669950000000000e+13 0.000000000000000000e+00 0.000000000000000000e+00
1.530000000000000056e-04 -3.315159610000000000e+13 0.000000000000000000e+00 0.000000000000000000e+00
1.531000000000000080e-04 -3.315636590000000000e+13 0.000000000000000000e+00 0.000000000000000000e+00
1.532000000000000104e-04 -3.316100920000000000e+13 0.000000000000000000e+00 0.000000000000000000e+00
1.533000000000000129e-04 -3.316552600000000000e+13 0.000000000000000000e+00 0.000000000000000000e+00
1.533999999999999882e-04 -3.316991670000000000e+13 0.000000000000000000e+00 0.000000000000000000e+00
1.534999999999999906e-04 -3.317418120000000000e+13 0.000000000000000000e+00 0.000000000000000000e+00
1.535999999999999930e-04 -3.317832000000000000e+13 0.000000000000000000e+00 0.000000000000000000e+00
1.536999999999999955e-04 -3.318233300000000000e+13 0.000000000000000000e+00 0.000000000000000000e+00
1.537999999999999979e-04 -3.318622050000000000e+13 0.000000000000000000e+00 0.000000000000000000e+00
1.539000000000000003e-04 -3.318998260000000000e+13 0.000000000000000000e+00 0.000000000000000000e+00
1.540000000000000028e-04 -3.319361960000000000e+13 0.000000000000000000e+00 0.000000000000000000e+00
1.541000000000000052e-04 -3.319713160000000000e+13 0.000000000000000000e+00 0.000000000000000000e+00
1.542000000000000076e-04 -3.320051880000000000e+13 0.000000000000000000e+00 0.000000000000000000e+00
1.543000000000000101e-04 -3.320378130000000000e+13 0.000000000000000000e+00 0.000000000000000000e+00
1.544000000000000125e-04 -3.320691940000000000e+13 0.000000000000000000e+00 0.000000000000000000e+00
1.544999999999999878e-04 -3.320993320000000000e+13 0.000000000000000000e+00 0.000000000000000000e+00
1.545999999999999903e-04 -3.321282290000000000e+13 0.000000000000000000e+00 0.000000000000000000e+00
1.546999999999999927e-04 -3.321558860000000000e+13 0.000000000000000000e+00 0.000000000000000000e+00
1.547999999999999951e-04 -3.321823060000000000e+13 0.000000000000000000e+00 0.000000000000000000e+00
1.548999999999999975e-04 -3.322074900000000000e+13 0.000000000000000000e+00 0.000000000000000000e+00
1.550000000000000000e-04 -3.322314410000000000e+13 0.000000000000000000e+00 0.000000000000000000e+00
1.551000000000000024e-04 -3.322541590000000000e+13 0.000000000000000000e+00 0.000000000000000000e+00
1.552000000000000048e-04 -3.322756460000000000e+13 0.000000000000000000e+00 0.000000000000000000e+00
1.553000000000000073e-04 -3.322959050000000000e+13 0.000000000000000000e+00 0.000000000000000000e+00
1.554000000000000097e-04 -3.323149370000000000e+13 0.000000000000000000e+00 0.000000000000000000e+00
1.555000000000000121e-04 -3.323327440000000000e+13 0.000000000000000000e+00 0.000000000000000000e+00
1.555999999999999875e-04 -3.323493280000000000e+13 0.000000000000000000e+00 0.000000000000000000e+00
1.556999999999999899e-04 -3.323646900000000000e+13 0.000000000000000000e+00 0.000000000000000000e+00
1.557999999999999923e-04 -3.323788320000000000e+13 0.000000000000000000e+00 0.000000000000000000e+00
1.558999999999999947e-04 -3.323917570000000000e+13 0.000000000000000000e+00 0.000000000000000000e+00
1.559999999999999972e-04 -3.324034650000000000e+13 0.000000000000000000e+00 0.000000000000000000e+00
1.560999999999999996e-04 -3.324139590000000000e+13 0.000000000000000000e+00 0.000000000000000000e+00
1.562000000000000020e-04 -3.324232410000000000e+13 0.000000000000000000e+00 0.000000000000000000e+00
1.563000000000000045e-04 -3.324313120000000000e+13 0.000000000000000000e+00 0.000000000000000000e+00
1.564000000000000069e-04 -3.324381730000000000e+13 0.000000000000000000e+00 0.000000000000000000e+00
1.565000000000000093e-04 -3.324438280000000000e+13 0.000000000000000000e+00 0.000000000000000000e+00
1.566000000000000118e-04 -3.324482780000000000e+13 0.000000000000000000e+00 0.000000000000000000e+00
1.566999999999999871e-04 -3.324515240000000000e+13 0.000000000000000000e+00 0.000000000000000000e+00
1.567999999999999895e-04 -3.324535680000000000e+13 0.000000000000000000e+00 0.000000000000000000e+00
1.568999999999999919e-04 -3.324544120000000000e+13 0.000000000000000000e+00 0.000000000000000000e+00
1.569999999999999944e-04 -3.324540590000000000e+13 0.000000000000000000e+00 0.000000000000000000e+00
1.570999999999999968e-04 -3.324525090000000000e+13 0.000000000000000000e+00 0.000000000000000000e+00
1.571999999999999992e-04 -3.324497640000000000e+13 0.000000000000000000e+00 0.000000000000000000e+00
1.573000000000000017e-04 -3.324458270000000000e+13 0.000000000000000000e+00 0.000000000000000000e+00
1.574000000000000041e-04 -3.324406990000000000e+13 0.000000000000000000e+00 0.000000000000000000e+00
1.575000000000000065e-04 -3.324343820000000000e+13 0.000000000000000000e+00 0.000000000000000000e+00
1.576000000000000090e-04 -3.324268780000000000e+13 0.000000000000000000e+00 0.000000000000000000e+00
1.577000000000000114e-04 -3.324181890000000000e+13 0.000000000000000000e+00 0.000000000000000000e+00
1.577999999999999867e-04 -3.324083160000000000e+13 0.000000000000000000e+00 0.000000000000000000e+00
1.578999999999999891e-04 -3.323972610000000000e+13 0.000000000000000000e+00 0.000000000000000000e+00
1.579999999999999916e-04 -3.323850270000000000e+13 0.000000000000000000e+00 0.000000000000000000e+00
1.580999999999999940e-04 -3.323716140000000000e+13 0.000000000000000000e+00 0.000000000000000000e+00
1.581999999999999964e-04 -3.323570250000000000e+13 0.000000000000000000e+00 0.000000000000000000e+00
1.582999999999999989e-04 -3.323412620000000000e+13 0.000000000000000000e+00 0.000000000000000000e+00
1.584000000000000013e-04 -3.323243260000000000e+13 0.000000000000000000e+00 0.000000000000000000e+00
1.585000000000000037e-04 -3.323062200000000000e+13 0.000000000000000000e+00 0.000000000000000000e+00
1.586000000000000062e-04 -3.322869450000000000e+13 0.000000000000000000e+00 0.000000000000000000e+00
1.587000000000000086e-04 -3.322665020000000000e+13 0.000000000000000000e+00 0.000000000000000000e+00
1.588000000000000110e-04 -3.322448940000000000e+13 0.000000000000000000e+00 0.000000000000000000e+00
1.589000000000000135e-04 -3.322221230000000000e+13 0.000000000000000000e+00 0.000000000000000000e+00
1.589999999999999888e-04 -3.321981910000000000e+13 0.000000000000000000e+00 0.000000000000000000e+00
1.590999999999999912e-04 -3.321730990000000000e+13 0.000000000000000000e+00 0.000000000000000000e+00
1.591999999999999936e-04 -3.321468480000000000e+13 0.000000000000000000e+00 0.000000000000000000e+00
1.592999999999999961e-04 -3.321194420000000000e+13 0.000000000000000000e+00 0.000000000000000000e+00
1.593999999999999985e-04 -3.320908820000000000e+13 0.000000000000000000e+00 0.000000000000000000e+00
1.595000000000000009e-04 -3.320611690000000000e+13 0.000000000000000000e+00 0.000000000000000000e+00
1.596000000000000034e-04 -3.320303060000000000e+13 0.000000000000000000e+00 0.000000000000000000e+00
1.597000000000000058e-04 -3.319982950000000000e+13 0.000000000000000000e+00 0.000000000000000000e+00
1.598000000000000082e-04 -3.319651360000000000e+13 0.000000000000000000e+00 0.000000000000000000e+00
1.599000000000000107e-04 -3.319308330000000000e+13 0.000000000000000000e+00 0.000000000000000000e+00
1.600000000000000131e-04 -3.318953870000000000e+13 0.000000000000000000e+00 0.000000000000000000e+00
1.600999999999999884e-04 -3.318587990000000000e+13 0.000000000000000000e+00 0.000000000000000000e+00
1.601999999999999908e-04 -3.318210720000000000e+13 0.000000000000000000e+00 0.000000000000000000e+00
1.602999999999999933e-04 -3.317822080000000000e+13 0.000000000000000000e+00 0.000000000000000000e+00
1.603999999999999957e-04 -3.317422080000000000e+13 0.000000000000000000e+00 0.000000000000000000e+00
1.604999999999999981e-04 -3.317010740000000000e+13 0.000000000000000000e+00 0.000000000000000000e+00
1.606000000000000006e-04 -3.316588080000000000e+13 0.000000000000000000e+00 0.000000000000000000e+00
1.607000000000000030e-04 -3.316154120000000000e+13 0.000000000000000000e+00 0.000000000000000000e+00
1.608000000000000054e-04 -3.315708890000000000e+13 0.000000000000000000e+00 0.000000000000000000e+00
1.609000000000000079e-04 -3.315252380000000000e+13 0.000000000000000000e+00 0.000000000000000000e+00
1.610000000000000103e-04 -3.314784640000000000e+13 0.000000000000000000e+00 0.000000000000000000e+00
1.611000000000000127e-04 -3.314305670000000000e+13 0.000000000000000000e+00 0.000000000000000000e+00
1.611999999999999880e-04 -3.313815490000000000e+13 0.000000000000000000e+00 0.000000000000000000e+00
1.612999999999999905e-04 -3.313314120000000000e+13 0.000000000000000000e+00 0.000000000000000000e+00
1.613999999999999929e-04 -3.312801580000000000e+13 0.000000000000000000e+00 0.000000000000000000e+00
1.614999999999999953e-04 -3.312277900000000000e+13 0.000000000000000000e+00 0.000000000000000000e+00
1.615999999999999978e-04 -3.311743080000000000e+13 0.000000000000000000e+00 0.000000000000000000e+00
1.617000000000000002e-04 -3.311197140000000000e+13 0.000000000000000000e+00 0.000000000000000000e+00
1.618000000000000026e-04 -3.310640120000000000e+13 0.000000000000000000e+00 0.000000000000000000e+00
1.619000000000000051e-04 -3.310072010000000000e+13 0.000000000000000000e+00 0.000000000000000000e+00
1.620000000000000075e-04 -3.309492850000000000e+13 0.000000000000000000e+00 0.000000000000000000e+00
1.621000000000000099e-04 -3.308902650000000000e+13 0.000000000000000000e+00 0.000000000000000000e+00
1.622000000000000124e-04 -3.308301440000000000e+13 0.000000000000000000e+00 0.000000000000000000e+00
1.622999999999999877e-04 -3.307689220000000000e+13 0.000000000000000000e+00 0.000000000000000000e+00
1.623999999999999901e-04 -3.307066020000000000e+13 0.000000000000000000e+00 0.000000000000000000e+00
1.624999999999999925e-04 -3.306431860000000000e+13 0.000000000000000000e+00 0.000000000000000000e+00
1.625999999999999950e-04 -3.305786750000000000e+13 0.000000000000000000e+00 0.000000000000000000e+00
1.626999999999999974e-04 -3.305130720000000000e+13 0.000000000000000000e+00 0.000000000000000000e+00
1.627999999999999998e-04 -3.304463780000000000e+13 0.000000000000000000e+00 0.000000000000000000e+00
1.629000000000000023e-04 -3.303785960000000000e+13 0.000000000000000000e+00 0.000000000000000000e+00
1.630000000000000047e-04 -3.303097260000000000e+13 0.000000000000000000e+00 0.000000000000000000e+00
1.631000000000000071e-04 -3.302397720000000000e+13 0.000000000000000000e+00 0.000000000000000000e+00
1.632000000000000096e-04 -3.301687350000000000e+13 0.000000000000000000e+00 0.000000000000000000e+00
1.633000000000000120e-04 -3.300966160000000000e+13 0.000000000000000000e+00 0.000000000000000000e+00
1.633999999999999873e-04 -3.300234180000000000e+13 0.000000000000000000e+00 0.000000000000000000e+00
1.634999999999999897e-04 -3.299491430000000000e+13 0.000000000000000000e+00 0.000000000000000000e+00
1.635999999999999922e-04 -3.298737920000000000e+13 0.000000000000000000e+00 0.000000000000000000e+00
1.636999999999999946e-04 -3.297973680000000000e+13 0.000000000000000000e+00 0.000000000000000000e+00
1.637999999999999970e-04 -3.297198720000000000e+13 0.000000000000000000e+00 0.000000000000000000e+00
1.638999999999999995e-04 -3.296413060000000000e+13 0.000000000000000000e+00 0.000000000000000000e+00
1.640000000000000019e-04 -3.295616730000000000e+13 0.000000000000000000e+00 0.000000000000000000e+00
1.641000000000000043e-04 -3.294809730000000000e+13 0.000000000000000000e+00 0.000000000000000000e+00
1.642000000000000068e-04 -3.293992100000000000e+13 0.000000000000000000e+00 0.000000000000000000e+00
1.643000000000000092e-04 -3.293163840000000000e+13 0.000000000000000000e+00 0.000000000000000000e+00
1.644000000000000116e-04 -3.292324980000000000e+13 0.000000000000000000e+00 0.000000000000000000e+00
1.644999999999999869e-04 -3.291475530000000000e+13 0.000000000000000000e+00 0.000000000000000000e+00
1.645999999999999894e-04 -3.290615520000000000e+13 0.000000000000000000e+00 0.000000000000000000e+00
1.646999999999999918e-04 -3.289744970000000000e+13 0.000000000000000000e+00 0.000000000000000000e+00
1.647999999999999942e-04 -3.288863880000000000e+13 0.000000000000000000e+00 0.000000000000000000e+00
1.648999999999999967e-04 -3.287972300000000000e+13 0.000000000000000000e+00 0.000000000000000000e+00
1.649999999999999991e-04 -3.287070220000000000e+13 0.000000000000000000e+00 0.000000000000000000e+00
1.651000000000000015e-04 -3.286157670000000000e+13 0.000000000000000000e+00 0.000000000000000000e+00
1.652000000000000040e-04 -3.285234670000000000e+13 0.000000000000000000e+00 0.000000000000000000e+00
1.653000000000000064e-04 -3.284301250000000000e+13 0.000000000000000000e+00 0.000000000000000000e+00
1.654000000000000088e-04 -3.283357410000000000e+13 0.000000000000000000e+00 0.000000000000000000e+00
1.655000000000000113e-04 -3.282403180000000000e+13 0.000000000000000000e+00 0.000000000000000000e+00
1.655999999999999866e-04 -3.281438570000000000e+13 0.000000000000000000e+00 0.000000000000000000e+00
1.656999999999999890e-04 -3.280463610000000000e+13 0.000000000000000000e+00 0.000000000000000000e+00
1.657999999999999914e-04 -3.279478320000000000e+13 0.000000000000000000e+00 0.000000000000000000e+00
1.658999999999999939e-04 -3.278482700000000000e+13 0.000000000000000000e+00 0.000000000000000000e+00
1.659999999999999963e-04 -3.277476800000000000e+13 0.000000000000000000e+00 0.000000000000000000e+00
1.660999999999999987e-04 -3.276460610000000000e+13 0.000000000000000000e+00 0.000000000000000000e+00
1.662000000000000012e-04 -3.275434170000000000e+13 0.000000000000000000e+00 0.000000000000000000e+00
1.663000000000000036e-04 -3.274397480000000000e+13 0.000000000000000000e+00 0.000000000000000000e+00
1.664000000000000060e-04 -3.273350580000000000e+13 0.000000000000000000e+00 0.000000000000000000e+00
1.665000000000000085e-04 -3.272293480000000000e+13 0.000000000000000000e+00 0.000000000000000000e+00
1.666000000000000109e-04 -3.271226190000000000e+13 0.000000000000000000e+00 0.000000000000000000e+00
1.667000000000000133e-04 -3.270148740000000000e+13 0.000000000000000000e+00 0.000000000000000000e+00
1.667999999999999886e-04 -3.269061150000000000e+13 0.000000000000000000e+00 0.000000000000000000e+00
1.668999999999999911e-04 -3.267963430000000000e+13 0.000000000000000000e+00 0.000000000000000000e+00
1.669999999999999935e-04 -3.266855610000000000e+13 0.000000000000000000e+00 0.000000000000000000e+00
1.670999999999999959e-04 -3.265737710000000000e+13 0.000000000000000000e+00 0.000000000000000000e+00
1.671999999999999984e-04 -3.264609740000000000e+13 0.000000000000000000e+00 0.000000000000000000e+00
1.673000000000000008e-04 -3.263471720000000000e+13 0.000000000000000000e+00 0.000000000000000000e+00
1.674000000000000032e-04 -3.262323670000000000e+13 0.000000000000000000e+00 0.000000000000000000e+00
1.675000000000000057e-04 -3.261165620000000000e+13 0.000000000000000000e+00 0.000000000000000000e+00
1.676000000000000081e-04 -3.259997580000000000e+13 0.000000000000000000e+00 0.000000000000000000e+00
1.677000000000000105e-04 -3.258819570000000000e+13 0.000000000000000000e+00 0.000000000000000000e+00
1.678000000000000129e-04 -3.257631600000000000e+13 0.000000000000000000e+00 0.000000000000000000e+00
1.678999999999999883e-04 -3.256433710000000000e+13 0.000000000000000000e+00 0.000000000000000000e+00
1.679999999999999907e-04 -3.255225910000000000e+13 0.000000000000000000e+00 0.000000000000000000e+00
1.680999999999999931e-04 -3.254008210000000000e+13 0.000000000000000000e+00 0.000000000000000000e+00
1.681999999999999956e-04 -3.252780640000000000e+13 0.000000000000000000e+00 0.000000000000000000e+00
1.682999999999999980e-04 -3.251543210000000000e+13 0.000000000000000000e+00 0.000000000000000000e+00
1.684000000000000004e-04 -3.250295960000000000e+13 0.000000000000000000e+00 0.000000000000000000e+00
1.685000000000000029e-04 -3.249038880000000000e+13 0.000000000000000000e+00 0.000000000000000000e+00
1.686000000000000053e-04 -3.247772010000000000e+13 0.000000000000000000e+00 0.000000000000000000e+00
1.687000000000000077e-04 -3.246495370000000000e+13 0.000000000000000000e+00 0.000000000000000000e+00
1.688000000000000101e-04 -3.245208970000000000e+13 0.000000000000000000e+00 0.000000000000000000e+00
1.689000000000000126e-04 -3.243912830000000000e+13 0.000000000000000000e+00 0.000000000000000000e+00
1.689999999999999879e-04 -3.242606970000000000e+13 0.000000000000000000e+00 0.000000000000000000e+00
1.690999999999999903e-04 -3.241291420000000000e+13 0.000000000000000000e+00 0.000000000000000000e+00
1.691999999999999928e-04 -3.239966180000000000e+13 0.000000000000000000e+00 0.000000000000000000e+00
1.692999999999999952e-04 -3.238631290000000000e+13 0.000000000000000000e+00 0.000000000000000000e+00
1.693999999999999976e-04 -3.237286750000000000e+13 0.000000000000000000e+00 0.000000000000000000e+00
1.695000000000000001e-04 -3.235932600000000000e+13 0.000000000000000000e+00 0.000000000000000000e+00
1.696000000000000025e-04 -3.234568840000000000e+13 0.000000000000000000e+00 0.000000000000000000e+00
1.697000000000000049e-04 -3.233195500000000000e+13 0.000000000000000000e+00 0.000000000000000000e+00
1.698000000000000074e-04 -3.231812600000000000e+13 0.000000000000000000e+00 0.000000000000000000e+00
1.699000000000000098e-04 -3.230420150000000000e+13 0.000000000000000000e+00 0.000000000000000000e+00
1.700000000000000122e-04 -3.229018180000000000e+13 0.000000000000000000e+00 0.000000000000000000e+00
1.700999999999999875e-04 -3.227606710000000000e+13 0.000000000000000000e+00 0.000000000000000000e+00
1.701999999999999900e-04 -3.226185750000000000e+13 0.000000000000000000e+00 0.000000000000000000e+00
1.702999999999999924e-04 -3.224755330000000000e+13 0.000000000000000000e+00 0.000000000000000000e+00
1.703999999999999948e-04 -3.223315450000000000e+13 0.000000000000000000e+00 0.000000000000000000e+00
1.704999999999999973e-04 -3.221866160000000000e+13 0.000000000000000000e+00 0.000000000000000000e+00
1.705999999999999997e-04 -3.220407450000000000e+13 0.000000000000000000e+00 0.000000000000000000e+00
1.707000000000000021e-04 -3.218939360000000000e+13 0.000000000000000000e+00 0.000000000000000000e+00
1.708000000000000046e-04 -3.217461900000000000e+13 0.000000000000000000e+00 0.000000000000000000e+00
1.709000000000000070e-04 -3.215975100000000000e+13 0.000000000000000000e+00 0.000000000000000000e+00
1.710000000000000094e-04 -3.214478960000000000e+13 0.000000000000000000e+00 0.000000000000000000e+00
1.711000000000000118e-04 -3.212973510000000000e+13 0.000000000000000000e+00 0.000000000000000000e+00
1.711999999999999872e-04 -3.211458770000000000e+13 0.000000000000000000e+00 0.000000000000000000e+00
1.712999999999999896e-04 -3.209934770000000000e+13 0.000000000000000000e+00 0.000000000000000000e+00
1.713999999999999920e-04 -3.208401510000000000e+13 0.000000000000000000e+00 0.000000000000000000e+00
1.714999999999999945e-04 -3.206859020000000000e+13 0.000000000000000000e+00 0.000000000000000000e+00
1.715999999999999969e-04 -3.205307310000000000e+13 0.000000000000000000e+00 0.000000000000000000e+00
1.716999999999999993e-04 -3.203746420000000000e+13 0.000000000000000000e+00 0.000000000000000000e+00
1.718000000000000018e-04 -3.202176350000000000e+13 0.000000000000000000e+00 0.000000000000000000e+00
1.719000000000000042e-04 -3.200597130000000000e+13 0.000000000000000000e+00 0.000000000000000000e+00
1.720000000000000066e-04 -3.199008770000000000e+13 0.000000000000000000e+00 0.000000000000000000e+00
1.721000000000000090e-04 -3.197411300000000000e+13 0.000000000000000000e+00 0.000000000000000000e+00
1.722000000000000115e-04 -3.195804740000000000e+13 0.000000000000000000e+00 0.000000000000000000e+00
1.722999999999999868e-04 -3.194189100000000000e+13 0.000000000000000000e+00 0.000000000000000000e+00
1.723999999999999892e-04 -3.192564400000000000e+13 0.000000000000000000e+00 0.000000000000000000e+00
1.724999999999999917e-04 -3.190930660000000000e+13 0.000000000000000000e+00 0.000000000000000000e+00
1.725999999999999941e-04 -3.189287910000000000e+13 0.000000000000000000e+00 0.000000000000000000e+00
1.726999999999999965e-04 -3.187636170000000000e+13 0.000000000000000000e+00 0.000000000000000000e+00
1.727999999999999990e-04 -3.185975440000000000e+13 0.000000000000000000e+00 0.000000000000000000e+00
1.729000000000000014e-04 -3.184305760000000000e+13 0.000000000000000000e+00 0.000000000000000000e+00
1.730000000000000038e-04 -3.182627140000000000e+13 0.000000000000000000e+00 0.000000000000000000e+00
1.731000000000000062e-04 -3.180939600000000000e+13 0.000000000000000000e+00 0.000000000000000000e+00
1.732000000000000087e-04 -3.179243150000000000e+13 0.000000000000000000e+00 0.000000000000000000e+00
1.733000000000000111e-04 -3.177537830000000000e+13 0.000000000000000000e+00 0.000000000000000000e+00
1.734000000000000135e-04 -3.175823650000000000e+13 0.000000000000000000e+00 0.000000000000000000e+00
1.734999999999999889e-04 -3.174100630000000000e+13 0.000000000000000000e+00 0.000000000000000000e+00
1.735999999999999913e-04 -3.172368790000000000e+13 0.000000000000000000e+00 0.000000000000000000e+00
1.736999999999999937e-04 -3.170628140000000000e+13 0.000000000000000000e+00 0.000000000000000000e+00
1.737999999999999962e-04 -3.168878720000000000e+13 0.000000000000000000e+00 0.000000000000000000e+00
1.738999999999999986e-04 -3.167120530000000000e+13 0.000000000000000000e+00 0.000000000000000000e+00
1.740000000000000010e-04 -3.165353600000000000e+13 0.000000000000000000e+00 0.000000000000000000e+00
1.741000000000000035e-04 -3.163577940000000000e+13 0.000000000000000000e+00 0.000000000000000000e+00
1.742000000000000059e-04 -3.161793580000000000e+13 0.000000000000000000e+00 0.000000000000000000e+00
1.743000000000000083e-04 -3.160000540000000000e+13 0.000000000000000000e+00 0.000000000000000000e+00
1.744000000000000107e-04 -3.158198830000000000e+13 0.000000000000000000e+00 0.000000000000000000e+00
1.745000000000000132e-04 -3.156388480000000000e+13 0.000000000000000000e+00 0.000000000000000000e+00
1.745999999999999885e-04 -3.154569500000000000e+13 0.000000000000000000e+00 0.000000000000000000e+00
1.746999999999999909e-04 -3.152741910000000000e+13 0.000000000000000000e+00 0.000000000000000000e+00
1.747999999999999934e-04 -3.150905740000000000e+13 0.000000000000000000e+00 0.000000000000000000e+00
1.748999999999999958e-04 -3.149061000000000000e+13 0.000000000000000000e+00 0.000000000000000000e+00
1.749999999999999982e-04 -3.147207720000000000e+13 0.000000000000000000e+00 0.000000000000000000e+00
1.751000000000000007e-04 -3.145345910000000000e+13 0.000000000000000000e+00 0.000000000000000000e+00
1.752000000000000031e-04 -3.143475590000000000e+13 0.000000000000000000e+00 0.000000000000000000e+00
1.753000000000000055e-04 -3.141596780000000000e+13 0.000000000000000000e+00 0.000000000000000000e+00
1.754000000000000079e-04 -3.139709500000000000e+13 0.000000000000000000e+00 0.000000000000000000e+00
1.755000000000000104e-04 -3.137813780000000000e+13 0.000000000000000000e+00 0.000000000000000000e+00
1.756000000000000128e-04 -3.135909620000000000e+13 0.000000000000000000e+00 0.000000000000000000e+00
1.756999999999999881e-04 -3.133997060000000000e+13 0.000000000000000000e+00 0.000000000000000000e+00
1.757999999999999906e-04 -3.132076100000000000e+13 0.000000000000000000e+00 0.000000000000000000e+00
1.758999999999999930e-04 -3.130146770000000000e+13 0.000000000000000000e+00 0.000000000000000000e+00
1.759999999999999954e-04 -3.128209100000000000e+13 0.000000000000000000e+00 0.000000000000000000e+00
1.760999999999999979e-04 -3.126263090000000000e+13 0.000000000000000000e+00 0.000000000000000000e+00
1.762000000000000003e-04 -3.124308770000000000e+13 0.000000000000000000e+00 0.000000000000000000e+00
1.763000000000000027e-04 -3.122346150000000000e+13 0.000000000000000000e+00 0.000000000000000000e+00
1.764000000000000051e-04 -3.120375270000000000e+13 0.000000000000000000e+00 0.000000000000000000e+00
1.765000000000000076e-04 -3.118396130000000000e+13 0.000000000000000000e+00 0.000000000000000000e+00
1.766000000000000100e-04 -3.116408760000000000e+13 0.000000000000000000e+00 0.000000000000000000e+00
1.767000000000000124e-04 -3.114413170000000000e+13 0.000000000000000000e+00 0.000000000000000000e+00
1.767999999999999878e-04 -3.112409390000000000e+13 0.000000000000000000e+00 0.000000000000000000e+00
1.768999999999999902e-04 -3.110397430000000000e+13 0.000000000000000000e+00 0.000000000000000000e+00
1.769999999999999926e-04 -3.108377320000000000e+13 0.000000000000000000e+00 0.000000000000000000e+00
1.770999999999999951e-04 -3.106349080000000000e+13 0.000000000000000000e+00 0.000000000000000000e+00
1.771999999999999975e-04 -3.104312720000000000e+13 0.000000000000000000e+00 0.000000000000000000e+00
1.772999999999999999e-04 -3.102268260000000000e+13 0.000000000000000000e+00 0.000000000000000000e+00
1.774000000000000023e-04 -3.100215730000000000e+13 0.000000000000000000e+00 0.000000000000000000e+00
1.775000000000000048e-04 -3.098155130000000000e+13 0.000000000000000000e+00 0.000000000000000000e+00
1.776000000000000072e-04 -3.096086500000000000e+13 0.000000000000000000e+00 0.000000000000000000e+00
1.777000000000000096e-04 -3.094009860000000000e+13 0.000000000000000000e+00 0.000000000000000000e+00
1.778000000000000121e-04 -3.091925210000000000e+13 0.000000000000000000e+00 0.000000000000000000e+00
1.778999999999999874e-04 -3.089832590000000000e+13 0.000000000000000000e+00 0.000000000000000000e+00
1.779999999999999898e-04 -3.087732010000000000e+13 0.000000000000000000e+00 0.000000000000000000e+00
1.780999999999999923e-04 -3.085623480000000000e+13 0.000000000000000000e+00 0.000000000000000000e+00
1.781999999999999947e-04 -3.083507040000000000e+13 0.000000000000000000e+00 0.000000000000000000e+00
1.782999999999999971e-04 -3.081382700000000000e+13 0.000000000000000000e+00 0.000000000000000000e+00
1.783999999999999996e-04 -3.079250480000000000e+13 0.000000000000000000e+00 0.000000000000000000e+00
1.785000000000000020e-04 -3.077110390000000000e+13 0.000000000000000000e+00 0.000000000000000000e+00
1.786000000000000044e-04 -3.074962470000000000e+13 0.000000000000000000e+00 0.000000000000000000e+00
1.787000000000000068e-04 -3.072806720000000000e+13 0.000000000000000000e+00 0.000000000000000000e+00
1.788000000000000093e-04 -3.070643170000000000e+13 0.000000000000000000e+00 0.000000000000000000e+00
1.789000000000000117e-04 -3.068471840000000000e+13 0.000000000000000000e+00 0.000000000000000000e+00
1.789999999999999870e-04 -3.066292740000000000e+13 0.000000000000000000e+00 0.000000000000000000e+00
1.790999999999999895e-04 -3.064105900000000000e+13 0.000000000000000000e+00 0.000000000000000000e+00
1.791999999999999919e-04 -3.061911340000000000e+13 0.000000000000000000e+00 0.000000000000000000e+00
1.792999999999999943e-04 -3.059709070000000000e+13 0.000000000000000000e+00 0.000000000000000000e+00
1.793999999999999968e-04 -3.057499120000000000e+13 0.000000000000000000e+00 0.000000000000000000e+00
1.794999999999999992e-04 -3.055281500000000000e+13 0.000000000000000000e+00 0.000000000000000000e+00
1.796000000000000016e-04 -3.053056240000000000e+13 0.000000000000000000e+00 0.000000000000000000e+00
1.797000000000000040e-04 -3.050823350000000000e+13 0.000000000000000000e+00 0.000000000000000000e+00
1.798000000000000065e-04 -3.048582850000000000e+13 0.000000000000000000e+00 0.000000000000000000e+00
1.799000000000000089e-04 -3.046334770000000000e+13 0.000000000000000000e+00 0.000000000000000000e+00
1.800000000000000113e-04 -3.044079120000000000e+13 0.000000000000000000e+00 0.000000000000000000e+00
1.800999999999999867e-04 -3.041815920000000000e+13 0.000000000000000000e+00 0.000000000000000000e+00
1.801999999999999891e-04 -3.039545200000000000e+13 0.000000000000000000e+00 0.000000000000000000e+00
1.802999999999999915e-04 -3.037266960000000000e+13 0.000000000000000000e+00 0.000000000000000000e+00
1.803999999999999940e-04 -3.034981240000000000e+13 0.000000000000000000e+00 0.000000000000000000e+00
1.804999999999999964e-04 -3.032688040000000000e+13 0.000000000000000000e+00 0.000000000000000000e+00
1.805999999999999988e-04 -3.030387400000000000e+13 0.000000000000000000e+00 0.000000000000000000e+00
1.807000000000000012e-04 -3.028079320000000000e+13 0.000000000000000000e+00 0.000000000000000000e+00
1.808000000000000037e-04 -3.025763840000000000e+13 0.000000000000000000e+00 0.000000000000000000e+00
1.809000000000000061e-04 -3.023440960000000000e+13 0.000000000000000000e+00 0.000000000000000000e+00
1.810000000000000085e-04 -3.021110710000000000e+13 0.000000000000000000e+00 0.000000000000000000e+00
1.811000000000000110e-04 -3.018773110000000000e+13 0.000000000000000000e+00 0.000000000000000000e+00
1.812000000000000134e-04 -3.016428180000000000e+13 0.000000000000000000e+00 0.000000000000000000e+00
1.812999999999999887e-04 -3.014075930000000000e+13 0.000000000000000000e+00 0.000000000000000000e+00
1.813999999999999912e-04 -3.011716390000000000e+13 0.000000000000000000e+00 0.000000000000000000e+00
1.814999999999999936e-04 -3.009349570000000000e+13 0.000000000000000000e+00 0.000000000000000000e+00
1.815999999999999960e-04 -3.006975500000000000e+13 0.000000000000000000e+00 0.000000000000000000e+00
1.816999999999999984e-04 -3.004594190000000000e+13 0.000000000000000000e+00 0.000000000000000000e+00
1.818000000000000009e-04 -3.002205670000000000e+13 0.000000000000000000e+00 0.000000000000000000e+00
1.819000000000000033e-04 -2.999809960000000000e+13 0.000000000000000000e+00 0.000000000000000000e+00
1.820000000000000057e-04 -2.997407060000000000e+13 0.000000000000000000e+00 0.000000000000000000e+00
1.821000000000000082e-04 -2.994997010000000000e+13 0.000000000000000000e+00 0.000000000000000000e+00
1.822000000000000106e-04 -2.992579820000000000e+13 0.000000000000000000e+00 0.000000000000000000e+00
1.823000000000000130e-04 -2.990155510000000000e+13 0.000000000000000000e+00 0.000000000000000000e+00
1.823999999999999884e-04 -2.987724110000000000e+13 0.000000000000000000e+00 0.000000000000000000e+00
1.824999999999999908e-04 -2.985285620000000000e+13 0.000000000000000000e+00 0.000000000000000000e+00
1.825999999999999932e-04 -2.982840080000000000e+13 0.000000000000000000e+00 0.000000000000000000e+00
1.826999999999999957e-04 -2.980387490000000000e+13 0.000000000000000000e+00 0.000000000000000000e+00
1.827999999999999981e-04 -2.977927890000000000e+13 0.000000000000000000e+00 0.000000000000000000e+00
1.829000000000000005e-04 -2.975461280000000000e+13 0.000000000000000000e+00 0.000000000000000000e+00
1.830000000000000029e-04 -2.972987690000000000e+13 0.000000000000000000e+00 0.000000000000000000e+00
1.831000000000000054e-04 -2.970507140000000000e+13 0.000000000000000000e+00 0.000000000000000000e+00
1.832000000000000078e-04 -2.968019640000000000e+13 0.000000000000000000e+00 0.000000000000000000e+00
1.833000000000000102e-04 -2.965525220000000000e+13 0.000000000000000000e+00 0.000000000000000000e+00
1.834000000000000127e-04 -2.963023900000000000e+13 0.000000000000000000e+00 0.000000000000000000e+00
1.834999999999999880e-04 -2.960515690000000000e+13 0.000000000000000000e+00 0.000000000000000000e+00
1.835999999999999904e-04 -2.958000620000000000e+13 0.000000000000000000e+00 0.000000000000000000e+00
1.836999999999999929e-04 -2.955478700000000000e+13 0.000000000000000000e+00 0.000000000000000000e+00
1.837999999999999953e-04 -2.952949960000000000e+13 0.000000000000000000e+00 0.000000000000000000e+00
1.838999999999999977e-04 -2.950414410000000000e+13 0.000000000000000000e+00 0.000000000000000000e+00
1.840000000000000001e-04 -2.947872070000000000e+13 0.000000000000000000e+00 0.000000000000000000e+00
1.841000000000000026e-04 -2.945322960000000000e+13 0.000000000000000000e+00 0.000000000000000000e+00
1.842000000000000050e-04 -2.942767110000000000e+13 0.000000000000000000e+00 0.000000000000000000e+00
1.843000000000000074e-04 -2.940204530000000000e+13 0.000000000000000000e+00 0.000000000000000000e+00
1.844000000000000099e-04 -2.937635230000000000e+13 0.000000000000000000e+00 0.000000000000000000e+00
1.845000000000000123e-04 -2.935059250000000000e+13 0.000000000000000000e+00 0.000000000000000000e+00
1.845999999999999876e-04 -2.932476590000000000e+13 0.000000000000000000e+00 0.000000000000000000e+00
1.846999999999999901e-04 -2.929887280000000000e+13 0.000000000000000000e+00 0.000000000000000000e+00
1.847999999999999925e-04 -2.927291340000000000e+13 0.000000000000000000e+00 0.000000000000000000e+00
1.848999999999999949e-04 -2.924688790000000000e+13 0.000000000000000000e+00 0.000000000000000000e+00
1.849999999999999973e-04 -2.922079650000000000e+13 0.000000000000000000e+00 0.000000000000000000e+00
1.850999999999999998e-04 -2.919463920000000000e+13 0.000000000000000000e+00 0.000000000000000000e+00
1.852000000000000022e-04 -2.916841650000000000e+13 0.000000000000000000e+00 0.000000000000000000e+00
1.853000000000000046e-04 -2.914212840000000000e+13 0.000000000000000000e+00 0.000000000000000000e+00
1.854000000000000071e-04 -2.911577510000000000e+13 0.000000000000000000e+00 0.000000000000000000e+00
1.855000000000000095e-04 -2.908935690000000000e+13 0.000000000000000000e+00 0.000000000000000000e+00
1.856000000000000119e-04 -2.906287390000000000e+13 0.000000000000000000e+00 0.000000000000000000e+00
1.856999999999999873e-04 -2.903632630000000000e+13 0.000000000000000000e+00 0.000000000000000000e+00
1.857999999999999897e-04 -2.900971430000000000e+13 0.000000000000000000e+00 0.000000000000000000e+00
1.858999999999999921e-04 -2.898303810000000000e+13 0.000000000000000000e+00 0.000000000000000000e+00
1.859999999999999945e-04 -2.895629800000000000e+13 0.000000000000000000e+00 0.000000000000000000e+00
1.860999999999999970e-04 -2.892949400000000000e+13 0.000000000000000000e+00 0.000000000000000000e+00
1.861999999999999994e-04 -2.890262640000000000e+13 0.000000000000000000e+00 0.000000000000000000e+00
1.863000000000000018e-04 -2.887569540000000000e+13 0.000000000000000000e+00 0.000000000000000000e+00
1.864000000000000043e-04 -2.884870110000000000e+13 0.000000000000000000e+00 0.000000000000000000e+00
1.865000000000000067e-04 -2.882164380000000000e+13 0.000000000000000000e+00 0.000000000000000000e+00
1.866000000000000091e-04 -2.879452370000000000e+13 0.000000000000000000e+00 0.000000000000000000e+00
1.867000000000000116e-04 -2.876734090000000000e+13 0.000000000000000000e+00 0.000000000000000000e+00
1.867999999999999869e-04 -2.874009560000000000e+13 0.000000000000000000e+00 0.000000000000000000e+00
1.868999999999999893e-04 -2.871278810000000000e+13 0.000000000000000000e+00 0.000000000000000000e+00
1.869999999999999917e-04 -2.868541850000000000e+13 0.000000000000000000e+00 0.000000000000000000e+00
1.870999999999999942e-04 -2.865798710000000000e+13 0.000000000000000000e+00 0.000000000000000000e+00
1.871999999999999966e-04 -2.863049390000000000e+13 0.000000000000000000e+00 0.000000000000000000e+00
1.872999999999999990e-04 -2.860293930000000000e+13 0.000000000000000000e+00 0.000000000000000000e+00
1.874000000000000015e-04 -2.857532330000000000e+13 0.000000000000000000e+00 0.000000000000000000e+00
1.875000000000000039e-04 -2.854764620000000000e+13 0.000000000000000000e+00 0.000000000000000000e+00
1.876000000000000063e-04 -2.851990820000000000e+13 0.000000000000000000e+00 0.000000000000000000e+00
1.877000000000000088e-04 -2.849210950000000000e+13 0.000000000000000000e+00 0.000000000000000000e+00
1.878000000000000112e-04 -2.846425020000000000e+13 0.000000000000000000e+00 0.000000000000000000e+00
1.878999999999999865e-04 -2.843633060000000000e+13 0.000000000000000000e+00 0.000000000000000000e+00
1.879999999999999890e-04 -2.840835090000000000e+13 0.000000000000000000e+00 0.000000000000000000e+00
1.880999999999999914e-04 -2.838031110000000000e+13 0.000000000000000000e+00 0.000000000000000000e+00
1.881999999999999938e-04 -2.835221160000000000e+13 0.000000000000000000e+00 0.000000000000000000e+00
1.882999999999999962e-04 -2.832405260000000000e+13 0.000000000000000000e+00 0.000000000000000000e+00
1.883999999999999987e-04 -2.829583410000000000e+13 0.000000000000000000e+00 0.000000000000000000e+00
1.885000000000000011e-04 -2.826755650000000000e+13 0.000000000000000000e+00 0.000000000000000000e+00
1.886000000000000035e-04 -2.823921980000000000e+13 0.000000000000000000e+00 0.000000000000000000e+00
1.887000000000000060e-04 -2.821082430000000000e+13 0.000000000000000000e+00 0.000000000000000000e+00
1.888000000000000084e-04 -2.818237020000000000e+13 0.000000000000000000e+00 0.000000000000000000e+00
1.889000000000000108e-04 -2.815385770000000000e+13 0.000000000000000000e+00 0.000000000000000000e+00
1.890000000000000133e-04 -2.812528690000000000e+13 0.000000000000000000e+00 0.000000000000000000e+00
1.890999999999999886e-04 -2.809665810000000000e+13 0.000000000000000000e+00 0.000000000000000000e+00
1.891999999999999910e-04 -2.806797140000000000e+13 0.000000000000000000e+00 0.000000000000000000e+00
1.892999999999999934e-04 -2.803922710000000000e+13 0.000000000000000000e+00 0.000000000000000000e+00
1.893999999999999959e-04 -2.801042530000000000e+13 0.000000000000000000e+00 0.000000000000000000e+00
1.894999999999999983e-04 -2.798156620000000000e+13 0.000000000000000000e+00 0.000000000000000000e+00
1.896000000000000007e-04 -2.795265000000000000e+13 0.000000000000000000e+00 0.000000000000000000e+00
1.897000000000000032e-04 -2.792367680000000000e+13 0.000000000000000000e+00 0.000000000000000000e+00
1.898000000000000056e-04 -2.789464700000000000e+13 0.000000000000000000e+00 0.000000000000000000e+00
1.899000000000000080e-04 -2.786556070000000000e+13 0.000000000000000000e+00 0.000000000000000000e+00
1.900000000000000105e-04 -2.783641800000000000e+13 0.000000000000000000e+00 0.000000000000000000e+00
1.901000000000000129e-04 -2.780721920000000000e+13 0.000000000000000000e+00 0.000000000000000000e+00
1.901999999999999882e-04 -2.777796440000000000e+13 0.000000000000000000e+00 0.000000000000000000e+00
1.902999999999999906e-04 -2.774865380000000000e+13 0.000000000000000000e+00 0.000000000000000000e+00
1.903999999999999931e-04 -2.771928770000000000e+13 0.000000000000000000e+00 0.000000000000000000e+00
1.904999999999999955e-04 -2.768986620000000000e+13 0.000000000000000000e+00 0.000000000000000000e+00
1.905999999999999979e-04 -2.766038950000000000e+13 0.000000000000000000e+00 0.000000000000000000e+00
1.907000000000000004e-04 -2.763085780000000000e+13 0.000000000000000000e+00 0.000000000000000000e+00
1.908000000000000028e-04 -2.760127120000000000e+13 0.000000000000000000e+00 0.000000000000000000e+00
1.909000000000000052e-04 -2.757163010000000000e+13 0.000000000000000000e+00 0.000000000000000000e+00
1.910000000000000077e-04 -2.754193450000000000e+13 0.000000000000000000e+00 0.000000000000000000e+00
1.911000000000000101e-04 -2.751218460000000000e+13 0.000000000000000000e+00 0.000000000000000000e+00
1.912000000000000125e-04 -2.748238070000000000e+13 0.000000000000000000e+00 0.000000000000000000e+00
1.912999999999999878e-04 -2.745252300000000000e+13 0.000000000000000000e+00 0.000000000000000000e+00
1.913999999999999903e-04 -2.742261150000000000e+13 0.000000000000000000e+00 0.000000000000000000e+00
1.914999999999999927e-04 -2.739264660000000000e+13 0.000000000000000000e+00 0.000000000000000000e+00
1.915999999999999951e-04 -2.736262830000000000e+13 0.000000000000000000e+00 0.000000000000000000e+00
1.916999999999999976e-04 -2.733255700000000000e+13 0.000000000000000000e+00 0.000000000000000000e+00
1.918000000000000000e-04 -2.730243270000000000e+13 0.000000000000000000e+00 0.000000000000000000e+00
1.919000000000000024e-04 -2.727225560000000000e+13 0.000000000000000000e+00 0.000000000000000000e+00
1.920000000000000049e-04 -2.724202610000000000e+13 0.000000000000000000e+00 0.000000000000000000e+00
1.921000000000000073e-04 -2.721174410000000000e+13 0.000000000000000000e+00 0.000000000000000000e+00
1.922000000000000097e-04 -2.718141000000000000e+13 0.000000000000000000e+00 0.000000000000000000e+00
1.923000000000000122e-04 -2.715102390000000000e+13 0.000000000000000000e+00 0.000000000000000000e+00
1.923999999999999875e-04 -2.712058600000000000e+13 0.000000000000000000e+00 0.000000000000000000e+00
1.924999999999999899e-04 -2.709009650000000000e+13 0.000000000000000000e+00 0.000000000000000000e+00
1.925999999999999923e-04 -2.705955560000000000e+13 0.000000000000000000e+00 0.000000000000000000e+00
1.926999999999999948e-04 -2.702896340000000000e+13 0.000000000000000000e+00 0.000000000000000000e+00
1.927999999999999972e-04 -2.699832020000000000e+13 0.000000000000000000e+00 0.000000000000000000e+00
1.928999999999999996e-04 -2.696762610000000000e+13 0.000000000000000000e+00 0.000000000000000000e+00
1.930000000000000021e-04 -2.693688140000000000e+13 0.000000000000000000e+00 0.000000000000000000e+00
1.931000000000000045e-04 -2.690608620000000000e+13 0.000000000000000000e+00 0.000000000000000000e+00
1.932000000000000069e-04 -2.687524060000000000e+13 0.000000000000000000e+00 0.000000000000000000e+00
1.933000000000000094e-04 -2.684434500000000000e+13 0.000000000000000000e+00 0.000000000000000000e+00
1.934000000000000118e-04 -2.681339950000000000e+13 0.000000000000000000e+00 0.000000000000000000e+00
1.934999999999999871e-04 -2.678240420000000000e+13 0.000000000000000000e+00 0.000000000000000000e+00
1.935999999999999895e-04 -2.675135930000000000e+13 0.000000000000000000e+00 0.000000000000000000e+00
1.936999999999999920e-04 -2.672026510000000000e+13 0.000000000000000000e+00 0.000000000000000000e+00
1.937999999999999944e-04 -2.668912170000000000e+13 0.000000000000000000e+00 0.000000000000000000e+00
1.938999999999999968e-04 -2.665792940000000000e+13 0.000000000000000000e+00 0.000000000000000000e+00
1.939999999999999993e-04 -2.662668820000000000e+13 0.000000000000000000e+00 0.000000000000000000e+00
1.941000000000000017e-04 -2.659539840000000000e+13 0.000000000000000000e+00 0.000000000000000000e+00
1.942000000000000041e-04 -2.656406020000000000e+13 0.000000000000000000e+00 0.000000000000000000e+00
1.943000000000000066e-04 -2.653267370000000000e+13 0.000000000000000000e+00 0.000000000000000000e+00
1.944000000000000090e-04 -2.650123920000000000e+13 0.000000000000000000e+00 0.000000000000000000e+00
1.945000000000000114e-04 -2.646975680000000000e+13 0.000000000000000000e+00 0.000000000000000000e+00
1.945999999999999867e-04 -2.643822670000000000e+13 0.000000000000000000e+00 0.000000000000000000e+00
1.946999999999999892e-04 -2.640664910000000000e+13 0.000000000000000000e+00 0.000000000000000000e+00
1.947999999999999916e-04 -2.637502420000000000e+13 0.000000000000000000e+00 0.000000000000000000e+00
1.948999999999999940e-04 -2.634335220000000000e+13 0.000000000000000000e+00 0.000000000000000000e+00
1.949999999999999965e-04 -2.631163320000000000e+13 0.000000000000000000e+00 0.000000000000000000e+00
1.950999999999999989e-04 -2.627986750000000000e+13 0.000000000000000000e+00 0.000000000000000000e+00
1.952000000000000013e-04 -2.624805520000000000e+13 0.000000000000000000e+00 0.000000000000000000e+00
1.953000000000000038e-04 -2.621619650000000000e+13 0.000000000000000000e+00 0.000000000000000000e+00
1.954000000000000062e-04 -2.618429160000000000e+13 0.000000000000000000e+00 0.000000000000000000e+00
1.955000000000000086e-04 -2.615234060000000000e+13 0.000000000000000000e+00 0.000000000000000000e+00
1.956000000000000111e-04 -2.612034390000000000e+13 0.000000000000000000e+00 0.000000000000000000e+00
1.957000000000000135e-04 -2.608830150000000000e+13 0.000000000000000000e+00 0.000000000000000000e+00
1.957999999999999888e-04 -2.605621360000000000e+13 0.000000000000000000e+00 0.000000000000000000e+00
1.958999999999999912e-04 -2.602408040000000000e+13 0.000000000000000000e+00 0.000000000000000000e+00
1.959999999999999937e-04 -2.599190210000000000e+13 0.000000000000000000e+00 0.000000000000000000e+00
1.960999999999999961e-04 -2.595967900000000000e+13 0.000000000000000000e+00 0.000000000000000000e+00
1.961999999999999985e-04 -2.592741110000000000e+13 0.000000000000000000e+00 0.000000000000000000e+00
1.963000000000000010e-04 -2.589509860000000000e+13 0.000000000000000000e+00 0.000000000000000000e+00
1.964000000000000034e-04 -2.586274180000000000e+13 0.000000000000000000e+00 0.000000000000000000e+00
1.965000000000000058e-04 -2.583034080000000000e+13 0.000000000000000000e+00 0.000000000000000000e+00
1.966000000000000083e-04 -2.579789580000000000e+13 0.000000000000000000e+00 0.000000000000000000e+00
1.967000000000000107e-04 -2.576540700000000000e+13 0.000000000000000000e+00 0.000000000000000000e+00
1.968000000000000131e-04 -2.573287450000000000e+13 0.000000000000000000e+00 0.000000000000000000e+00
1.968999999999999884e-04 -2.570029860000000000e+13 0.000000000000000000e+00 0.000000000000000000e+00
1.969999999999999909e-04 -2.566767950000000000e+13 0.000000000000000000e+00 0.000000000000000000e+00
1.970999999999999933e-04 -2.563501720000000000e+13 0.000000000000000000e+00 0.000000000000000000e+00
1.971999999999999957e-04 -2.560231210000000000e+13 0.000000000000000000e+00 0.000000000000000000e+00
1.972999999999999982e-04 -2.556956420000000000e+13 0.000000000000000000e+00 0.000000000000000000e+00
1.974000000000000006e-04 -2.553677390000000000e+13 0.000000000000000000e+00 0.000000000000000000e+00
1.975000000000000030e-04 -2.550394110000000000e+13 0.000000000000000000e+00 0.000000000000000000e+00
1.976000000000000055e-04 -2.547106620000000000e+13 0.000000000000000000e+00 0.000000000000000000e+00
1.977000000000000079e-04 -2.543814930000000000e+13 0.000000000000000000e+00 0.000000000000000000e+00
1.978000000000000103e-04 -2.540519060000000000e+13 0.000000000000000000e+00 0.000000000000000000e+00
1.979000000000000127e-04 -2.537219030000000000e+13 0.000000000000000000e+00 0.000000000000000000e+00
1.979999999999999881e-04 -2.533914860000000000e+13 0.000000000000000000e+00 0.000000000000000000e+00
1.980999999999999905e-04 -2.530606560000000000e+13 0.000000000000000000e+00 0.000000000000000000e+00
1.981999999999999929e-04 -2.527294150000000000e+13 0.000000000000000000e+00 0.000000000000000000e+00
1.982999999999999954e-04 -2.523977650000000000e+13 0.000000000000000000e+00 0.000000000000000000e+00
1.983999999999999978e-04 -2.520657080000000000e+13 0.000000000000000000e+00 0.000000000000000000e+00
1.985000000000000002e-04 -2.517332450000000000e+13 0.000000000000000000e+00 0.000000000000000000e+00
1.986000000000000027e-04 -2.514003790000000000e+13 0.000000000000000000e+00 0.000000000000000000e+00
1.987000000000000051e-04 -2.510671120000000000e+13 0.000000000000000000e+00 0.000000000000000000e+00
1.988000000000000075e-04 -2.507334440000000000e+13 0.000000000000000000e+00 0.000000000000000000e+00
1.989000000000000100e-04 -2.503993780000000000e+13 0.000000000000000000e+00 0.000000000000000000e+00
1.990000000000000124e-04 -2.500649160000000000e+13 0.000000000000000000e+00 0.000000000000000000e+00
1.990999999999999877e-04 -2.497300600000000000e+13 0.000000000000000000e+00 0.000000000000000000e+00
1.991999999999999901e-04 -2.493948110000000000e+13 0.000000000000000000e+00 0.000000000000000000e+00
1.992999999999999926e-04 -2.490591700000000000e+13 0.000000000000000000e+00 0.000000000000000000e+00
1.993999999999999950e-04 -2.487231410000000000e+13 0.000000000000000000e+00 0.000000000000000000e+00
1.994999999999999974e-04 -2.483867250000000000e+13 0.000000000000000000e+00 0.000000000000000000e+00
1.995999999999999999e-04 -2.480499230000000000e+13 0.000000000000000000e+00 0.000000000000000000e+00
1.997000000000000023e-04 -2.477127370000000000e+13 0.000000000000000000e+00 0.000000000000000000e+00
1.998000000000000047e-04 -2.473751690000000000e+13 0.000000000000000000e+00 0.000000000000000000e+00
1.999000000000000072e-04 -2.470372210000000000e+13 0.000000000000000000e+00 0.000000000000000000e+00
2.000000000000000096e-04 -2.466988950000000000e+13 0.000000000000000000e+00 0.000000000000000000e+00
2.001000000000000120e-04 -2.463601930000000000e+13 0.000000000000000000e+00 0.000000000000000000e+00
2.001999999999999873e-04 -2.460211150000000000e+13 0.000000000000000000e+00 0.000000000000000000e+00
2.002999999999999898e-04 -2.456816650000000000e+13 0.000000000000000000e+00 0.000000000000000000e+00
2.003999999999999922e-04 -2.453418430000000000e+13 0.000000000000000000e+00 0.000000000000000000e+00
2.004999999999999946e-04 -2.450016520000000000e+13 0.000000000000000000e+00 0.000000000000000000e+00
2.005999999999999971e-04 -2.446610940000000000e+13 0.000000000000000000e+00 0.000000000000000000e+00
2.006999999999999995e-04 -2.443201690000000000e+13 0.000000000000000000e+00 0.000000000000000000e+00
2.008000000000000019e-04 -2.439788810000000000e+13 0.000000000000000000e+00 0.000000000000000000e+00
2.009000000000000044e-04 -2.436372300000000000e+13 0.000000000000000000e+00 0.000000000000000000e+00
2.010000000000000068e-04 -2.432952190000000000e+13 0.000000000000000000e+00 0.000000000000000000e+00
2.011000000000000092e-04 -2.429528490000000000e+13 0.000000000000000000e+00 0.000000000000000000e+00
2.012000000000000116e-04 -2.426101220000000000e+13 0.000000000000000000e+00 0.000000000000000000e+00
2.012999999999999870e-04 -2.422670400000000000e+13 0.000000000000000000e+00 0.000000000000000000e+00
2.013999999999999894e-04 -2.419236040000000000e+13 0.000000000000000000e+00 0.000000000000000000e+00
2.014999999999999918e-04 -2.415798170000000000e+13 0.000000000000000000e+00 0.000000000000000000e+00
2.015999999999999943e-04 -2.412356800000000000e+13 0.000000000000000000e+00 0.000000000000000000e+00
2.016999999999999967e-04 -2.408911950000000000e+13 0.000000000000000000e+00 0.000000000000000000e+00
2.017999999999999991e-04 -2.405463640000000000e+13 0.000000000000000000e+00 0.000000000000000000e+00
2.019000000000000016e-04 -2.402011880000000000e+13 0.000000000000000000e+00 0.000000000000000000e+00
2.020000000000000040e-04 -2.398556690000000000e+13 0.000000000000000000e+00 0.000000000000000000e+00
2.021000000000000064e-04 -2.395098090000000000e+13 0.000000000000000000e+00 0.000000000000000000e+00
2.022000000000000088e-04 -2.391636100000000000e+13 0.000000000000000000e+00 0.000000000000000000e+00
2.023000000000000113e-04 -2.388170740000000000e+13 0.000000000000000000e+00 0.000000000000000000e+00
2.023999999999999866e-04 -2.384702020000000000e+13 0.000000000000000000e+00 0.000000000000000000e+00
2.024999999999999890e-04 -2.381229950000000000e+13 0.000000000000000000e+00 0.000000000000000000e+00
2.025999999999999915e-04 -2.377754570000000000e+13 0.000000000000000000e+00 0.000000000000000000e+00
2.026999999999999939e-04 -2.374275880000000000e+13 0.000000000000000000e+00 0.000000000000000000e+00
2.027999999999999963e-04 -2.370793900000000000e+13 0.000000000000000000e+00 0.000000000000000000e+00
2.028999999999999988e-04 -2.367308650000000000e+13 0.000000000000000000e+00 0.000000000000000000e+00
2.030000000000000012e-04 -2.363820150000000000e+13 0.000000000000000000e+00 0.000000000000000000e+00
2.031000000000000036e-04 -2.360328410000000000e+13 0.000000000000000000e+00 0.000000000000000000e+00
2.032000000000000061e-04 -2.356833460000000000e+13 0.000000000000000000e+00 0.000000000000000000e+00
2.033000000000000085e-04 -2.353335310000000000e+13 0.000000000000000000e+00 0.000000000000000000e+00
2.034000000000000109e-04 -2.349833970000000000e+13 0.000000000000000000e+00 0.000000000000000000e+00
2.035000000000000133e-04 -2.346329470000000000e+13 0.000000000000000000e+00 0.000000000000000000e+00
2.035999999999999887e-04 -2.342821830000000000e+13 0.000000000000000000e+00 0.000000000000000000e+00
2.036999999999999911e-04 -2.339311050000000000e+13 0.000000000000000000e+00 0.000000000000000000e+00
2.037999999999999935e-04 -2.335797160000000000e+13 0.000000000000000000e+00 0.000000000000000000e+00
2.038999999999999960e-04 -2.332280170000000000e+13 0.000000000000000000e+00 0.000000000000000000e+00
2.039999999999999984e-04 -2.328760100000000000e+13 0.000000000000000000e+00 0.000000000000000000e+00
2.041000000000000008e-04 -2.325236980000000000e+13 0.000000000000000000e+00 0.000000000000000000e+00
2.042000000000000033e-04 -2.321710810000000000e+13 0.000000000000000000e+00 0.000000000000000000e+00
2.043000000000000057e-04 -2.318181610000000000e+13 0.000000000000000000e+00 0.000000000000000000e+00
2.044000000000000081e-04 -2.314649400000000000e+13 0.000000000000000000e+00 0.000000000000000000e+00
2.045000000000000105e-04 -2.311114210000000000e+13 0.000000000000000000e+00 0.000000000000000000e+00
2.046000000000000130e-04 -2.307576030000000000e+13 0.000000000000000000e+00 0.000000000000000000e+00
2.046999999999999883e-04 -2.304034900000000000e+13 0.000000000000000000e+00 0.000000000000000000e+00
2.047999999999999907e-04 -2.300490840000000000e+13 0.000000000000000000e+00 0.000000000000000000e+00
2.048999999999999932e-04 -2.296943840000000000e+13 0.000000000000000000e+00 0.000000000000000000e+00
2.049999999999999956e-04 -2.293393940000000000e+13 0.000000000000000000e+00 0.000000000000000000e+00
2.050999999999999980e-04 -2.289841160000000000e+13 0.000000000000000000e+00 0.000000000000000000e+00
2.052000000000000005e-04 -2.286285500000000000e+13 0.000000000000000000e+00 0.000000000000000000e+00
2.053000000000000029e-04 -2.282726990000000000e+13 0.000000000000000000e+00 0.000000000000000000e+00
2.054000000000000053e-04 -2.279165640000000000e+13 0.000000000000000000e+00 0.000000000000000000e+00
2.055000000000000077e-04 -2.275601470000000000e+13 0.000000000000000000e+00 0.000000000000000000e+00
2.056000000000000102e-04 -2.272034500000000000e+13 0.000000000000000000e+00 0.000000000000000000e+00
2.057000000000000126e-04 -2.268464740000000000e+13 0.000000000000000000e+00 0.000000000000000000e+00
2.057999999999999879e-04 -2.264892210000000000e+13 0.000000000000000000e+00 0.000000000000000000e+00
2.058999999999999904e-04 -2.261316930000000000e+13 0.000000000000000000e+00 0.000000000000000000e+00
2.059999999999999928e-04 -2.257738920000000000e+13 0.000000000000000000e+00 0.000000000000000000e+00
2.060999999999999952e-04 -2.254158190000000000e+13 0.000000000000000000e+00 0.000000000000000000e+00
2.061999999999999977e-04 -2.250574750000000000e+13 0.000000000000000000e+00 0.000000000000000000e+00
2.063000000000000001e-04 -2.246988640000000000e+13 0.000000000000000000e+00 0.000000000000000000e+00
2.064000000000000025e-04 -2.243399860000000000e+13 0.000000000000000000e+00 0.000000000000000000e+00
2.065000000000000049e-04 -2.239808420000000000e+13 0.000000000000000000e+00 0.000000000000000000e+00
2.066000000000000074e-04 -2.236214360000000000e+13 0.000000000000000000e+00 0.000000000000000000e+00
2.067000000000000098e-04 -2.232617680000000000e+13 0.000000000000000000e+00 0.000000000000000000e+00
2.068000000000000122e-04 -2.229018400000000000e+13 0.000000000000000000e+00 0.000000000000000000e+00
2.068999999999999876e-04 -2.225416530000000000e+13 0.000000000000000000e+00 0.000000000000000000e+00
2.069999999999999900e-04 -2.221812110000000000e+13 0.000000000000000000e+00 0.000000000000000000e+00
2.070999999999999924e-04 -2.218205130000000000e+13 0.000000000000000000e+00 0.000000000000000000e+00
2.071999999999999949e-04 -2.214595620000000000e+13 0.000000000000000000e+00 0.000000000000000000e+00
2.072999999999999973e-04 -2.210983600000000000e+13 0.000000000000000000e+00 0.000000000000000000e+00
2.073999999999999997e-04 -2.207369080000000000e+13 0.000000000000000000e+00 0.000000000000000000e+00
2.075000000000000022e-04 -2.203752080000000000e+13 0.000000000000000000e+00 0.000000000000000000e+00
2.076000000000000046e-04 -2.200132610000000000e+13 0.000000000000000000e+00 0.000000000000000000e+00
2.077000000000000070e-04 -2.196510700000000000e+13 0.000000000000000000e+00 0.000000000000000000e+00
2.078000000000000094e-04 -2.192886350000000000e+13 0.000000000000000000e+00 0.000000000000000000e+00
2.079000000000000119e-04 -2.189259600000000000e+13 0.000000000000000000e+00 0.000000000000000000e+00
2.079999999999999872e-04 -2.185630440000000000e+13 0.000000000000000000e+00 0.000000000000000000e+00
2.080999999999999896e-04 -2.181998900000000000e+13 0.000000000000000000e+00 0.000000000000000000e+00
2.081999999999999921e-04 -2.178365000000000000e+13 0.000000000000000000e+00 0.000000000000000000e+00
2.082999999999999945e-04 -2.174728750000000000e+13 0.000000000000000000e+00 0.000000000000000000e+00
2.083999999999999969e-04 -2.171090170000000000e+13 0.000000000000000000e+00 0.000000000000000000e+00
2.084999999999999994e-04 -2.167449280000000000e+13 0.000000000000000000e+00 0.000000000000000000e+00
2.086000000000000018e-04 -2.163806090000000000e+13 0.000000000000000000e+00 0.000000000000000000e+00
2.087000000000000042e-04 -2.160160620000000000e+13 0.000000000000000000e+00 0.000000000000000000e+00
2.088000000000000066e-04 -2.156512880000000000e+13 0.000000000000000000e+00 0.000000000000000000e+00
2.089000000000000091e-04 -2.152862900000000000e+13 0.000000000000000000e+00 0.000000000000000000e+00
2.090000000000000115e-04 -2.149210680000000000e+13 0.000000000000000000e+00 0.000000000000000000e+00
2.090999999999999868e-04 -2.145556250000000000e+13 0.000000000000000000e+00 0.000000000000000000e+00
2.091999999999999893e-04 -2.141899620000000000e+13 0.000000000000000000e+00 0.000000000000000000e+00
2.092999999999999917e-04 -2.138240810000000000e+13 0.000000000000000000e+00 0.000000000000000000e+00
2.093999999999999941e-04 -2.134579830000000000e+13 0.000000000000000000e+00 0.000000000000000000e+00
2.094999999999999966e-04 -2.130916710000000000e+13 0.000000000000000000e+00 0.000000000000000000e+00
2.095999999999999990e-04 -2.127251450000000000e+13 0.000000000000000000e+00 0.000000000000000000e+00
2.097000000000000014e-04 -2.123584080000000000e+13 0.000000000000000000e+00 0.000000000000000000e+00
2.098000000000000038e-04 -2.119914600000000000e+13 0.000000000000000000e+00 0.000000000000000000e+00
2.099000000000000063e-04 -2.116243050000000000e+13 0.000000000000000000e+00 0.000000000000000000e+00
2.100000000000000087e-04 -2.112569420000000000e+13 0.000000000000000000e+00 0.000000000000000000e+00
2.101000000000000111e-04 -2.108893750000000000e+13 0.000000000000000000e+00 0.000000000000000000e+00
2.101999999999999865e-04 -2.105216040000000000e+13 0.000000000000000000e+00 0.000000000000000000e+00
2.102999999999999889e-04 -2.101536320000000000e+13 0.000000000000000000e+00 0.000000000000000000e+00
2.103999999999999913e-04 -2.097854590000000000e+13 0.000000000000000000e+00 0.000000000000000000e+00
2.104999999999999938e-04 -2.094170880000000000e+13 0.000000000000000000e+00 0.000000000000000000e+00
2.105999999999999962e-04 -2.090485190000000000e+13 0.000000000000000000e+00 0.000000000000000000e+00
2.106999999999999986e-04 -2.086797560000000000e+13 0.000000000000000000e+00 0.000000000000000000e+00
2.108000000000000010e-04 -2.083107990000000000e+13 0.000000000000000000e+00 0.000000000000000000e+00
2.109000000000000035e-04 -2.079416500000000000e+13 0.000000000000000000e+00 0.000000000000000000e+00
2.110000000000000059e-04 -2.075723100000000000e+13 0.000000000000000000e+00 0.000000000000000000e+00
2.111000000000000083e-04 -2.072027820000000000e+13 0.000000000000000000e+00 0.000000000000000000e+00
2.112000000000000108e-04 -2.068330660000000000e+13 0.000000000000000000e+00 0.000000000000000000e+00
2.113000000000000132e-04 -2.064631650000000000e+13 0.000000000000000000e+00 0.000000000000000000e+00
2.113999999999999885e-04 -2.060930800000000000e+13 0.000000000000000000e+00 0.000000000000000000e+00
2.114999999999999910e-04 -2.057228120000000000e+13 0.000000000000000000e+00 0.000000000000000000e+00
2.115999999999999934e-04 -2.053523640000000000e+13 0.000000000000000000e+00 0.000000000000000000e+00
2.116999999999999958e-04 -2.049817370000000000e+13 0.000000000000000000e+00 0.000000000000000000e+00
2.117999999999999983e-04 -2.046109320000000000e+13 0.000000000000000000e+00 0.000000000000000000e+00
2.119000000000000007e-04 -2.042399510000000000e+13 0.000000000000000000e+00 0.000000000000000000e+00
2.120000000000000031e-04 -2.038687960000000000e+13 0.000000000000000000e+00 0.000000000000000000e+00
2.121000000000000055e-04 -2.034974680000000000e+13 0.000000000000000000e+00 0.000000000000000000e+00
2.122000000000000080e-04 -2.031259690000000000e+13 0.000000000000000000e+00 0.000000000000000000e+00
2.123000000000000104e-04 -2.027543010000000000e+13 0.000000000000000000e+00 0.000000000000000000e+00
2.124000000000000128e-04 -2.023824640000000000e+13 0.000000000000000000e+00 0.000000000000000000e+00
2.124999999999999882e-04 -2.020104620000000000e+13 0.000000000000000000e+00 0.000000000000000000e+00
2.125999999999999906e-04 -2.016382940000000000e+13 0.000000000000000000e+00 0.000000000000000000e+00
2.126999999999999930e-04 -2.012659640000000000e+13 0.000000000000000000e+00 0.000000000000000000e+00
2.127999999999999955e-04 -2.008934710000000000e+13 0.000000000000000000e+00 0.000000000000000000e+00
2.128999999999999979e-04 -2.005208190000000000e+13 0.000000000000000000e+00 0.000000000000000000e+00
2.130000000000000003e-04 -2.001480080000000000e+13 0.000000000000000000e+00 0.000000000000000000e+00
2.131000000000000027e-04 -1.997750410000000000e+13 0.000000000000000000e+00 0.000000000000000000e+00
2.132000000000000052e-04 -1.994019180000000000e+13 0.000000000000000000e+00 0.000000000000000000e+00
2.133000000000000076e-04 -1.990286420000000000e+13 0.000000000000000000e+00 0.000000000000000000e+00
2.134000000000000100e-04 -1.986552130000000000e+13 0.000000000000000000e+00 0.000000000000000000e+00
2.135000000000000125e-04 -1.982816340000000000e+13 0.000000000000000000e+00 0.000000000000000000e+00
2.135999999999999878e-04 -1.979079060000000000e+13 0.000000000000000000e+00 0.000000000000000000e+00
2.136999999999999902e-04 -1.975340310000000000e+13 0.000000000000000000e+00 0.000000000000000000e+00
2.137999999999999927e-04 -1.971600100000000000e+13 0.000000000000000000e+00 0.000000000000000000e+00
2.138999999999999951e-04 -1.967858450000000000e+13 0.000000000000000000e+00 0.000000000000000000e+00
2.139999999999999975e-04 -1.964115370000000000e+13 0.000000000000000000e+00 0.000000000000000000e+00
2.140999999999999999e-04 -1.960370880000000000e+13 0.000000000000000000e+00 0.000000000000000000e+00
2.142000000000000024e-04 -1.956624990000000000e+13 0.000000000000000000e+00 0.000000000000000000e+00
2.143000000000000048e-04 -1.952877720000000000e+13 0.000000000000000000e+00 0.000000000000000000e+00
2.144000000000000072e-04 -1.949129090000000000e+13 0.000000000000000000e+00 0.000000000000000000e+00
2.145000000000000097e-04 -1.945379110000000000e+13 0.000000000000000000e+00 0.000000000000000000e+00
2.146000000000000121e-04 -1.941627800000000000e+13 0.000000000000000000e+00 0.000000000000000000e+00
2.146999999999999874e-04 -1.937875170000000000e+13 0.000000000000000000e+00 0.000000000000000000e+00
2.147999999999999899e-04 -1.934121230000000000e+13 0.000000000000000000e+00 0.000000000000000000e+00
2.148999999999999923e-04 -1.930366010000000000e+13 0.000000000000000000e+00 0.000000000000000000e+00
2.149999999999999947e-04 -1.926609520000000000e+13 0.000000000000000000e+00 0.000000000000000000e+00
2.150999999999999971e-04 -1.922851780000000000e+13 0.000000000000000000e+00 0.000000000000000000e+00
2.151999999999999996e-04 -1.919092790000000000e+13 0.000000000000000000e+00 0.000000000000000000e+00
2.153000000000000020e-04 -1.915332580000000000e+13 0.000000000000000000e+00 0.000000000000000000e+00
2.154000000000000044e-04 -1.911571160000000000e+13 0.000000000000000000e+00 0.000000000000000000e+00
2.155000000000000069e-04 -1.907808540000000000e+13 0.000000000000000000e+00 0.000000000000000000e+00
2.156000000000000093e-04 -1.904044750000000000e+13 0.000000000000000000e+00 0.000000000000000000e+00
2.157000000000000117e-04 -1.900279790000000000e+13 0.000000000000000000e+00 0.000000000000000000e+00
2.157999999999999871e-04 -1.896513680000000000e+13 0.000000000000000000e+00 0.000000000000000000e+00
2.158999999999999895e-04 -1.892746440000000000e+13 0.000000000000000000e+00 0.000000000000000000e+00
2.159999999999999919e-04 -1.888978080000000000e+13 0.000000000000000000e+00 0.000000000000000000e+00
2.160999999999999944e-04 -1.885208620000000000e+13 0.000000000000000000e+00 0.000000000000000000e+00
2.161999999999999968e-04 -1.881438080000000000e+13 0.000000000000000000e+00 0.000000000000000000e+00
2.162999999999999992e-04 -1.877666460000000000e+13 0.000000000000000000e+00 0.000000000000000000e+00
2.164000000000000016e-04 -1.873893780000000000e+13 0.000000000000000000e+00 0.000000000000000000e+00
2.165000000000000041e-04 -1.870120070000000000e+13 0.000000000000000000e+00 0.000000000000000000e+00
2.166000000000000065e-04 -1.866345320000000000e+13 0.000000000000000000e+00 0.000000000000000000e+00
2.167000000000000089e-04 -1.862569570000000000e+13 0.000000000000000000e+00 0.000000000000000000e+00
2.168000000000000114e-04 -1.858792820000000000e+13 0.000000000000000000e+00 0.000000000000000000e+00
2.168999999999999867e-04 -1.855015090000000000e+13 0.000000000000000000e+00 0.000000000000000000e+00
2.169999999999999891e-04 -1.851236390000000000e+13 0.000000000000000000e+00 0.000000000000000000e+00
2.170999999999999916e-04 -1.847456740000000000e+13 0.000000000000000000e+00 0.000000000000000000e+00
2.171999999999999940e-04 -1.843676160000000000e+13 0.000000000000000000e+00 0.000000000000000000e+00
2.172999999999999964e-04 -1.839894650000000000e+13 0.000000000000000000e+00 0.000000000000000000e+00
2.173999999999999988e-04 -1.836112240000000000e+13 0.000000000000000000e+00 0.000000000000000000e+00
2.175000000000000013e-04 -1.832328940000000000e+13 0.000000000000000000e+00 0.000000000000000000e+00
2.176000000000000037e-04 -1.828544760000000000e+13 0.000000000000000000e+00 0.000000000000000000e+00
2.177000000000000061e-04 -1.824759720000000000e+13 0.000000000000000000e+00 0.000000000000000000e+00
2.178000000000000086e-04 -1.820973830000000000e+13 0.000000000000000000e+00 0.000000000000000000e+00
2.179000000000000110e-04 -1.817187120000000000e+13 0.000000000000000000e+00 0.000000000000000000e+00
2.180000000000000134e-04 -1.813399590000000000e+13 0.000000000000000000e+00 0.000000000000000000e+00
2.180999999999999888e-04 -1.809611250000000000e+13 0.000000000000000000e+00 0.000000000000000000e+00
2.181999999999999912e-04 -1.805822130000000000e+13 0.000000000000000000e+00 0.000000000000000000e+00
2.182999999999999936e-04 -1.802032240000000000e+13 0.000000000000000000e+00 0.000000000000000000e+00
2.183999999999999960e-04 -1.798241590000000000e+13 0.000000000000000000e+00 0.000000000000000000e+00
2.184999999999999985e-04 -1.794450200000000000e+13 0.000000000000000000e+00 0.000000000000000000e+00
2.186000000000000009e-04 -1.790658090000000000e+13 0.000000000000000000e+00 0.000000000000000000e+00
2.187000000000000033e-04 -1.786865260000000000e+13 0.000000000000000000e+00 0.000000000000000000e+00
2.188000000000000058e-04 -1.783071730000000000e+13 0.000000000000000000e+00 0.000000000000000000e+00
2.189000000000000082e-04 -1.779277520000000000e+13 0.000000000000000000e+00 0.000000000000000000e+00
2.190000000000000106e-04 -1.775482640000000000e+13 0.000000000000000000e+00 0.000000000000000000e+00
2.191000000000000131e-04 -1.771687100000000000e+13 0.000000000000000000e+00 0.000000000000000000e+00
2.191999999999999884e-04 -1.767890930000000000e+13 0.000000000000000000e+00 0.000000000000000000e+00
2.192999999999999908e-04 -1.764094130000000000e+13 0.000000000000000000e+00 0.000000000000000000e+00
2.193999999999999932e-04 -1.760296730000000000e+13 0.000000000000000000e+00 0.000000000000000000e+00
2.194999999999999957e-04 -1.756498730000000000e+13 0.000000000000000000e+00 0.000000000000000000e+00
2.195999999999999981e-04 -1.752700140000000000e+13 0.000000000000000000e+00 0.000000000000000000e+00
2.197000000000000005e-04 -1.748900990000000000e+13 0.000000000000000000e+00 0.000000000000000000e+00
2.198000000000000030e-04 -1.745101290000000000e+13 0.000000000000000000e+00 0.000000000000000000e+00
2.199000000000000054e-04 -1.741301060000000000e+13 0.000000000000000000e+00 0.000000000000000000e+00
2.200000000000000078e-04 -1.737500300000000000e+13 0.000000000000000000e+00 0.000000000000000000e+00
2.201000000000000103e-04 -1.733699030000000000e+13 0.000000000000000000e+00 0.000000000000000000e+00
2.202000000000000127e-04 -1.729897270000000000e+13 0.000000000000000000e+00 0.000000000000000000e+00
2.202999999999999880e-04 -1.726095030000000000e+13 0.000000000000000000e+00 0.000000000000000000e+00
2.203999999999999905e-04 -1.722292320000000000e+13 0.000000000000000000e+00 0.000000000000000000e+00
2.204999999999999929e-04 -1.718489160000000000e+13 0.000000000000000000e+00 0.000000000000000000e+00
2.205999999999999953e-04 -1.714685570000000000e+13 0.000000000000000000e+00 0.000000000000000000e+00
2.206999999999999977e-04 -1.710881560000000000e+13 0.000000000000000000e+00 0.000000000000000000e+00
2.208000000000000002e-04 -1.707077140000000000e+13 0.000000000000000000e+00 0.000000000000000000e+00
2.209000000000000026e-04 -1.703272320000000000e+13 0.000000000000000000e+00 0.000000000000000000e+00
2.210000000000000050e-04 -1.699467130000000000e+13 0.000000000000000000e+00 0.000000000000000000e+00
2.211000000000000075e-04 -1.695661570000000000e+13 0.000000000000000000e+00 0.000000000000000000e+00
2.212000000000000099e-04 -1.691855660000000000e+13 0.000000000000000000e+00 0.000000000000000000e+00
2.213000000000000123e-04 -1.688049420000000000e+13 0.000000000000000000e+00 0.000000000000000000e+00
2.213999999999999877e-04 -1.684242860000000000e+13 0.000000000000000000e+00 0.000000000000000000e+00
2.214999999999999901e-04 -1.680435980000000000e+13 0.000000000000000000e+00 0.000000000000000000e+00
2.215999999999999925e-04 -1.676628820000000000e+13 0.000000000000000000e+00 0.000000000000000000e+00
2.216999999999999949e-04 -1.672821370000000000e+13 0.000000000000000000e+00 0.000000000000000000e+00
2.217999999999999974e-04 -1.669013660000000000e+13 0.000000000000000000e+00 0.000000000000000000e+00
2.218999999999999998e-04 -1.665205700000000000e+13 0.000000000000000000e+00 0.000000000000000000e+00
2.220000000000000022e-04 -1.661397500000000000e+13 0.000000000000000000e+00 0.000000000000000000e+00
2.221000000000000047e-04 -1.657589080000000000e+13 0.000000000000000000e+00 0.000000000000000000e+00
2.222000000000000071e-04 -1.653780450000000000e+13 0.000000000000000000e+00 0.000000000000000000e+00
2.223000000000000095e-04 -1.649971620000000000e+13 0.000000000000000000e+00 0.000000000000000000e+00
2.224000000000000120e-04 -1.646162610000000000e+13 0.000000000000000000e+00 0.000000000000000000e+00
2.224999999999999873e-04 -1.642353440000000000e+13 0.000000000000000000e+00 0.000000000000000000e+00
2.225999999999999897e-04 -1.638544120000000000e+13 0.000000000000000000e+00 0.000000000000000000e+00
2.226999999999999921e-04 -1.634734650000000000e+13 0.000000000000000000e+00 0.000000000000000000e+00
2.227999999999999946e-04 -1.630925060000000000e+13 0.000000000000000000e+00 0.000000000000000000e+00
2.228999999999999970e-04 -1.627115360000000000e+13 0.000000000000000000e+00 0.000000000000000000e+00
2.229999999999999994e-04 -1.623305560000000000e+13 0.000000000000000000e+00 0.000000000000000000e+00
2.231000000000000019e-04 -1.619495680000000000e+13 0.000000000000000000e+00 0.000000000000000000e+00
2.232000000000000043e-04 -1.615685730000000000e+13 0.000000000000000000e+00 0.000000000000000000e+00
2.233000000000000067e-04 -1.611875720000000000e+13 0.000000000000000000e+00 0.000000000000000000e+00
2.234000000000000092e-04 -1.608065670000000000e+13 0.000000000000000000e+00 0.000000000000000000e+00
2.235000000000000116e-04 -1.604255600000000000e+13 0.000000000000000000e+00 0.000000000000000000e+00
2.235999999999999869e-04 -1.600445510000000000e+13 0.000000000000000000e+00 0.000000000000000000e+00
2.236999999999999893e-04 -1.596635410000000000e+13 0.000000000000000000e+00 0.000000000000000000e+00
2.237999999999999918e-04 -1.592825330000000000e+13 0.000000000000000000e+00 0.000000000000000000e+00
2.238999999999999942e-04 -1.589015280000000000e+13 0.000000000000000000e+00 0.000000000000000000e+00
2.239999999999999966e-04 -1.585205270000000000e+13 0.000000000000000000e+00 0.000000000000000000e+00
2.240999999999999991e-04 -1.581395310000000000e+13 0.000000000000000000e+00 0.000000000000000000e+00
2.242000000000000015e-04 -1.577585430000000000e+13 0.000000000000000000e+00 0.000000000000000000e+00
2.243000000000000039e-04 -1.573775620000000000e+13 0.000000000000000000e+00 0.000000000000000000e+00
2.244000000000000064e-04 -1.569965900000000000e+13 0.000000000000000000e+00 0.000000000000000000e+00
2.245000000000000088e-04 -1.566156300000000000e+13 0.000000000000000000e+00 0.000000000000000000e+00
2.246000000000000112e-04 -1.562346820000000000e+13 0.000000000000000000e+00 0.000000000000000000e+00
2.246999999999999865e-04 -1.558537470000000000e+13 0.000000000000000000e+00 0.000000000000000000e+00
2.247999999999999890e-04 -1.554728270000000000e+13 0.000000000000000000e+00 0.000000000000000000e+00
2.248999999999999914e-04 -1.550919240000000000e+13 0.000000000000000000e+00 0.000000000000000000e+00
2.249999999999999938e-04 -1.547110380000000000e+13 0.000000000000000000e+00 0.000000000000000000e+00
2.250999999999999963e-04 -1.543301710000000000e+13 0.000000000000000000e+00 0.000000000000000000e+00
2.251999999999999987e-04 -1.539493240000000000e+13 0.000000000000000000e+00 0.000000000000000000e+00
2.253000000000000011e-04 -1.535684990000000000e+13 0.000000000000000000e+00 0.000000000000000000e+00
2.254000000000000036e-04 -1.531876970000000000e+13 0.000000000000000000e+00 0.000000000000000000e+00
2.255000000000000060e-04 -1.528069190000000000e+13 0.000000000000000000e+00 0.000000000000000000e+00
2.256000000000000084e-04 -1.524261670000000000e+13 0.000000000000000000e+00 0.000000000000000000e+00
2.257000000000000109e-04 -1.520454420000000000e+13 0.000000000000000000e+00 0.000000000000000000e+00
2.258000000000000133e-04 -1.516647450000000000e+13 0.000000000000000000e+00 0.000000000000000000e+00
2.258999999999999886e-04 -1.512840780000000000e+13 0.000000000000000000e+00 0.000000000000000000e+00
2.259999999999999910e-04 -1.509034420000000000e+13 0.000000000000000000e+00 0.000000000000000000e+00
2.260999999999999935e-04 -1.505228380000000000e+13 0.000000000000000000e+00 0.000000000000000000e+00
2.261999999999999959e-04 -1.501422680000000000e+13 0.000000000000000000e+00 0.000000000000000000e+00
2.262999999999999983e-04 -1.497617320000000000e+13 0.000000000000000000e+00 0.000000000000000000e+00
2.264000000000000008e-04 -1.493812330000000000e+13 0.000000000000000000e+00 0.000000000000000000e+00
2.265000000000000032e-04 -1.490007720000000000e+13 0.000000000000000000e+00 0.000000000000000000e+00
2.266000000000000056e-04 -1.486203490000000000e+13 0.000000000000000000e+00 0.000000000000000000e+00
2.267000000000000081e-04 -1.482399660000000000e+13 0.000000000000000000e+00 0.000000000000000000e+00
2.268000000000000105e-04 -1.478596250000000000e+13 0.000000000000000000e+00 0.000000000000000000e+00
2.269000000000000129e-04 -1.474793270000000000e+13 0.000000000000000000e+00 0.000000000000000000e+00
2.269999999999999882e-04 -1.470990730000000000e+13 0.000000000000000000e+00 0.000000000000000000e+00
2.270999999999999907e-04 -1.467188640000000000e+13 0.000000000000000000e+00 0.000000000000000000e+00
2.271999999999999931e-04 -1.463387020000000000e+13 0.000000000000000000e+00 0.000000000000000000e+00
2.272999999999999955e-04 -1.459585880000000000e+13 0.000000000000000000e+00 0.000000000000000000e+00
2.273999999999999980e-04 -1.455785230000000000e+13 0.000000000000000000e+00 0.000000000000000000e+00
2.275000000000000004e-04 -1.451985090000000000e+13 0.000000000000000000e+00 0.000000000000000000e+00
2.276000000000000028e-04 -1.448185470000000000e+13 0.000000000000000000e+00 0.000000000000000000e+00
2.277000000000000053e-04 -1.444386370000000000e+13 0.000000000000000000e+00 0.000000000000000000e+00
2.278000000000000077e-04 -1.440587830000000000e+13 0.000000000000000000e+00 0.000000000000000000e+00
2.279000000000000101e-04 -1.436789840000000000e+13 0.000000000000000000e+00 0.000000000000000000e+00
2.280000000000000126e-04 -1.432992420000000000e+13 0.000000000000000000e+00 0.000000000000000000e+00
2.280999999999999879e-04 -1.429195580000000000e+13 0.000000000000000000e+00 0.000000000000000000e+00
2.281999999999999903e-04 -1.425399340000000000e+13 0.000000000000000000e+00 0.000000000000000000e+00
2.282999999999999927e-04 -1.421603710000000000e+13 0.000000000000000000e+00 0.000000000000000000e+00
2.283999999999999952e-04 -1.417808700000000000e+13 0.000000000000000000e+00 0.000000000000000000e+00
2.284999999999999976e-04 -1.414014320000000000e+13 0.000000000000000000e+00 0.000000000000000000e+00
2.286000000000000000e-04 -1.410220590000000000e+13 0.000000000000000000e+00 0.000000000000000000e+00
2.287000000000000025e-04 -1.406427520000000000e+13 0.000000000000000000e+00 0.000000000000000000e+00
2.288000000000000049e-04 -1.402635120000000000e+13 0.000000000000000000e+00 0.000000000000000000e+00
2.289000000000000073e-04 -1.398843410000000000e+13 0.000000000000000000e+00 0.000000000000000000e+00
2.290000000000000098e-04 -1.395052390000000000e+13 0.000000000000000000e+00 0.000000000000000000e+00
2.291000000000000122e-04 -1.391262090000000000e+13 0.000000000000000000e+00 0.000000000000000000e+00
2.291999999999999875e-04 -1.387472500000000000e+13 0.000000000000000000e+00 0.000000000000000000e+00
2.292999999999999899e-04 -1.383683660000000000e+13 0.000000000000000000e+00 0.000000000000000000e+00
2.293999999999999924e-04 -1.379895560000000000e+13 0.000000000000000000e+00 0.000000000000000000e+00
2.294999999999999948e-04 -1.376108210000000000e+13 0.000000000000000000e+00 0.000000000000000000e+00
2.295999999999999972e-04 -1.372321650000000000e+13 0.000000000000000000e+00 0.000000000000000000e+00
2.296999999999999997e-04 -1.368535860000000000e+13 0.000000000000000000e+00 0.000000000000000000e+00
2.298000000000000021e-04 -1.364750880000000000e+13 0.000000000000000000e+00 0.000000000000000000e+00
2.299000000000000045e-04 -1.360966700000000000e+13 0.000000000000000000e+00 0.000000000000000000e+00
2.300000000000000070e-04 -1.357183350000000000e+13 0.000000000000000000e+00 0.000000000000000000e+00
2.301000000000000094e-04 -1.353400830000000000e+13 0.000000000000000000e+00 0.000000000000000000e+00
2.302000000000000118e-04 -1.349619160000000000e+13 0.000000000000000000e+00 0.000000000000000000e+00
2.302999999999999871e-04 -1.345838340000000000e+13 0.000000000000000000e+00 0.000000000000000000e+00
2.303999999999999896e-04 -1.342058400000000000e+13 0.000000000000000000e+00 0.000000000000000000e+00
2.304999999999999920e-04 -1.338279350000000000e+13 0.000000000000000000e+00 0.000000000000000000e+00
2.305999999999999944e-04 -1.334501190000000000e+13 0.000000000000000000e+00 0.000000000000000000e+00
2.306999999999999969e-04 -1.330723930000000000e+13 0.000000000000000000e+00 0.000000000000000000e+00
2.307999999999999993e-04 -1.326947600000000000e+13 0.000000000000000000e+00 0.000000000000000000e+00
2.309000000000000017e-04 -1.323172200000000000e+13 0.000000000000000000e+00 0.000000000000000000e+00
2.310000000000000042e-04 -1.319397750000000000e+13 0.000000000000000000e+00 0.000000000000000000e+00
2.311000000000000066e-04 -1.315624250000000000e+13 0.000000000000000000e+00 0.000000000000000000e+00
2.312000000000000090e-04 -1.311851730000000000e+13 0.000000000000000000e+00 0.000000000000000000e+00
2.313000000000000115e-04 -1.308080180000000000e+13 0.000000000000000000e+00 0.000000000000000000e+00
2.313999999999999868e-04 -1.304309630000000000e+13 0.000000000000000000e+00 0.000000000000000000e+00
2.314999999999999892e-04 -1.300540090000000000e+13 0.000000000000000000e+00 0.000000000000000000e+00
2.315999999999999916e-04 -1.296771560000000000e+13 0.000000000000000000e+00 0.000000000000000000e+00
2.316999999999999941e-04 -1.293004060000000000e+13 0.000000000000000000e+00 0.000000000000000000e+00
2.317999999999999965e-04 -1.289237600000000000e+13 0.000000000000000000e+00 0.000000000000000000e+00
2.318999999999999989e-04 -1.285472200000000000e+13 0.000000000000000000e+00 0.000000000000000000e+00
2.320000000000000014e-04 -1.281707860000000000e+13 0.000000000000000000e+00 0.000000000000000000e+00
2.321000000000000038e-04 -1.277944600000000000e+13 0.000000000000000000e+00 0.000000000000000000e+00
2.322000000000000062e-04 -1.274182430000000000e+13 0.000000000000000000e+00 0.000000000000000000e+00
2.323000000000000087e-04 -1.270421360000000000e+13 0.000000000000000000e+00 0.000000000000000000e+00
2.324000000000000111e-04 -1.266661410000000000e+13 0.000000000000000000e+00 0.000000000000000000e+00
2.325000000000000135e-04 -1.262902580000000000e+13 0.000000000000000000e+00 0.000000000000000000e+00
2.325999999999999888e-04 -1.259144880000000000e+13 0.000000000000000000e+00 0.000000000000000000e+00
2.326999999999999913e-04 -1.255388340000000000e+13 0.000000000000000000e+00 0.000000000000000000e+00
2.327999999999999937e-04 -1.251632960000000000e+13 0.000000000000000000e+00 0.000000000000000000e+00
2.328999999999999961e-04 -1.247878740000000000e+13 0.000000000000000000e+00 0.000000000000000000e+00
2.329999999999999986e-04 -1.244125720000000000e+13 0.000000000000000000e+00 0.000000000000000000e+00
2.331000000000000010e-04 -1.240373890000000000e+13 0.000000000000000000e+00 0.000000000000000000e+00
2.332000000000000034e-04 -1.236623260000000000e+13 0.000000000000000000e+00 0.000000000000000000e+00
2.333000000000000059e-04 -1.232873860000000000e+13 0.000000000000000000e+00 0.000000000000000000e+00
2.334000000000000083e-04 -1.229125680000000000e+13 0.000000000000000000e+00 0.000000000000000000e+00
2.335000000000000107e-04 -1.225378750000000000e+13 0.000000000000000000e+00 0.000000000000000000e+00
2.336000000000000131e-04 -1.221633070000000000e+13 0.000000000000000000e+00 0.000000000000000000e+00
2.336999999999999885e-04 -1.217888660000000000e+13 0.000000000000000000e+00 0.000000000000000000e+00
2.337999999999999909e-04 -1.214145530000000000e+13 0.000000000000000000e+00 0.000000000000000000e+00
2.338999999999999933e-04 -1.210403680000000000e+13 0.000000000000000000e+00 0.000000000000000000e+00
2.339999999999999958e-04 -1.206663140000000000e+13 0.000000000000000000e+00 0.000000000000000000e+00
2.340999999999999982e-04 -1.202923900000000000e+13 0.000000000000000000e+00 0.000000000000000000e+00
2.342000000000000006e-04 -1.199185990000000000e+13 0.000000000000000000e+00 0.000000000000000000e+00
2.343000000000000031e-04 -1.195449420000000000e+13 0.000000000000000000e+00 0.000000000000000000e+00
2.344000000000000055e-04 -1.191714190000000000e+13 0.000000000000000000e+00 0.000000000000000000e+00
2.345000000000000079e-04 -1.187980320000000000e+13 0.000000000000000000e+00 0.000000000000000000e+00
2.346000000000000103e-04 -1.184247810000000000e+13 0.000000000000000000e+00 0.000000000000000000e+00
2.347000000000000128e-04 -1.180516690000000000e+13 0.000000000000000000e+00 0.000000000000000000e+00
2.347999999999999881e-04 -1.176786960000000000e+13 0.000000000000000000e+00 0.000000000000000000e+00
2.348999999999999905e-04 -1.173058630000000000e+13 0.000000000000000000e+00 0.000000000000000000e+00
2.349999999999999930e-04 -1.169331720000000000e+13 0.000000000000000000e+00 0.000000000000000000e+00
2.350999999999999954e-04 -1.165606230000000000e+13 0.000000000000000000e+00 0.000000000000000000e+00
2.351999999999999978e-04 -1.161882180000000000e+13 0.000000000000000000e+00 0.000000000000000000e+00
2.353000000000000003e-04 -1.158159580000000000e+13 0.000000000000000000e+00 0.000000000000000000e+00
2.354000000000000027e-04 -1.154438440000000000e+13 0.000000000000000000e+00 0.000000000000000000e+00
2.355000000000000051e-04 -1.150718760000000000e+13 0.000000000000000000e+00 0.000000000000000000e+00
2.356000000000000075e-04 -1.147000570000000000e+13 0.000000000000000000e+00 0.000000000000000000e+00
2.357000000000000100e-04 -1.143283870000000000e+13 0.000000000000000000e+00 0.000000000000000000e+00
2.358000000000000124e-04 -1.139568680000000000e+13 0.000000000000000000e+00 0.000000000000000000e+00
2.358999999999999877e-04 -1.135855000000000000e+13 0.000000000000000000e+00 0.000000000000000000e+00
2.359999999999999902e-04 -1.132142850000000000e+13 0.000000000000000000e+00 0.000000000000000000e+00
2.360999999999999926e-04 -1.128432230000000000e+13 0.000000000000000000e+00 0.000000000000000000e+00
2.361999999999999950e-04 -1.124723160000000000e+13 0.000000000000000000e+00 0.000000000000000000e+00
2.362999999999999975e-04 -1.121015650000000000e+13 0.000000000000000000e+00 0.000000000000000000e+00
2.363999999999999999e-04 -1.117309710000000000e+13 0.000000000000000000e+00 0.000000000000000000e+00
2.365000000000000023e-04 -1.113605360000000000e+13 0.000000000000000000e+00 0.000000000000000000e+00
2.366000000000000048e-04 -1.109902590000000000e+13 0.000000000000000000e+00 0.000000000000000000e+00
2.367000000000000072e-04 -1.106201430000000000e+13 0.000000000000000000e+00 0.000000000000000000e+00
2.368000000000000096e-04 -1.102501880000000000e+13 0.000000000000000000e+00 0.000000000000000000e+00
2.369000000000000120e-04 -1.098803950000000000e+13 0.000000000000000000e+00 0.000000000000000000e+00
2.369999999999999874e-04 -1.095107670000000000e+13 0.000000000000000000e+00 0.000000000000000000e+00
2.370999999999999898e-04 -1.091413020000000000e+13 0.000000000000000000e+00 0.000000000000000000e+00
2.371999999999999922e-04 -1.087720040000000000e+13 0.000000000000000000e+00 0.000000000000000000e+00
2.372999999999999947e-04 -1.084028720000000000e+13 0.000000000000000000e+00 0.000000000000000000e+00
2.373999999999999971e-04 -1.080339090000000000e+13 0.000000000000000000e+00 0.000000000000000000e+00
2.374999999999999995e-04 -1.076651140000000000e+13 0.000000000000000000e+00 0.000000000000000000e+00
2.376000000000000020e-04 -1.072964890000000000e+13 0.000000000000000000e+00 0.000000000000000000e+00
2.377000000000000044e-04 -1.069280350000000000e+13 0.000000000000000000e+00 0.000000000000000000e+00
2.378000000000000068e-04 -1.065597540000000000e+13 0.000000000000000000e+00 0.000000000000000000e+00
2.379000000000000092e-04 -1.061916460000000000e+13 0.000000000000000000e+00 0.000000000000000000e+00
2.380000000000000117e-04 -1.058237120000000000e+13 0.000000000000000000e+00 0.000000000000000000e+00
2.380999999999999870e-04 -1.054559530000000000e+13 0.000000000000000000e+00 0.000000000000000000e+00
2.381999999999999894e-04 -1.050883710000000000e+13 0.000000000000000000e+00 0.000000000000000000e+00
2.382999999999999919e-04 -1.047209660000000000e+13 0.000000000000000000e+00 0.000000000000000000e+00
2.383999999999999943e-04 -1.043537400000000000e+13 0.000000000000000000e+00 0.000000000000000000e+00
2.384999999999999967e-04 -1.039866940000000000e+13 0.000000000000000000e+00 0.000000000000000000e+00
2.385999999999999992e-04 -1.036198280000000000e+13 0.000000000000000000e+00 0.000000000000000000e+00
2.387000000000000016e-04 -1.032531430000000000e+13 0.000000000000000000e+00 0.000000000000000000e+00
2.388000000000000040e-04 -1.028866420000000000e+13 0.000000000000000000e+00 0.000000000000000000e+00
2.389000000000000064e-04 -1.025203240000000000e+13 0.000000000000000000e+00 0.000000000000000000e+00
2.390000000000000089e-04 -1.021541910000000000e+13 0.000000000000000000e+00 0.000000000000000000e+00
2.391000000000000113e-04 -1.017882440000000000e+13 0.000000000000000000e+00 0.000000000000000000e+00
2.391999999999999866e-04 -1.014224840000000000e+13 0.000000000000000000e+00 0.000000000000000000e+00
2.392999999999999891e-04 -1.010569110000000000e+13 0.000000000000000000e+00 0.000000000000000000e+00
2.393999999999999915e-04 -1.006915280000000000e+13 0.000000000000000000e+00 0.000000000000000000e+00
2.394999999999999939e-04 -1.003263340000000000e+13 0.000000000000000000e+00 0.000000000000000000e+00
2.395999999999999964e-04 -9.996133210000000000e+12 0.000000000000000000e+00 0.000000000000000000e+00
2.396999999999999988e-04 -9.959652170000000000e+12 0.000000000000000000e+00 0.000000000000000000e+00
2.398000000000000012e-04 -9.923190440000000000e+12 0.000000000000000000e+00 0.000000000000000000e+00
2.399000000000000036e-04 -9.886748110000000000e+12 0.000000000000000000e+00 0.000000000000000000e+00
2.400000000000000061e-04 -9.850325300000000000e+12 0.000000000000000000e+00 0.000000000000000000e+00
2.401000000000000085e-04 -9.813922090000000000e+12 0.000000000000000000e+00 0.000000000000000000e+00
2.402000000000000109e-04 -9.777538600000000000e+12 0.000000000000000000e+00 0.000000000000000000e+00
2.403000000000000134e-04 -9.741174920000000000e+12 0.000000000000000000e+00 0.000000000000000000e+00
2.403999999999999887e-04 -9.704831160000000000e+12 0.000000000000000000e+00 0.000000000000000000e+00
2.404999999999999911e-04 -9.668507410000000000e+12 0.000000000000000000e+00 0.000000000000000000e+00
2.405999999999999936e-04 -9.632203780000000000e+12 0.000000000000000000e+00 0.000000000000000000e+00
2.406999999999999960e-04 -9.595920360000000000e+12 0.000000000000000000e+00 0.000000000000000000e+00
2.407999999999999984e-04 -9.559657260000000000e+12 0.000000000000000000e+00 0.000000000000000000e+00
2.409000000000000009e-04 -9.523414570000000000e+12 0.000000000000000000e+00 0.000000000000000000e+00
2.410000000000000033e-04 -9.487192400000000000e+12 0.000000000000000000e+00 0.000000000000000000e+00
2.411000000000000057e-04 -9.450990840000000000e+12 0.000000000000000000e+00 0.000000000000000000e+00
2.412000000000000081e-04 -9.414810000000000000e+12 0.000000000000000000e+00 0.000000000000000000e+00
2.413000000000000106e-04 -9.378649970000000000e+12 0.000000000000000000e+00 0.000000000000000000e+00
2.414000000000000130e-04 -9.342510850000000000e+12 0.000000000000000000e+00 0.000000000000000000e+00
2.414999999999999883e-04 -9.306392750000000000e+12 0.000000000000000000e+00 0.000000000000000000e+00
2.415999999999999908e-04 -9.270295750000000000e+12 0.000000000000000000e+00 0.000000000000000000e+00
2.416999999999999932e-04 -9.234219950000000000e+12 0.000000000000000000e+00 0.000000000000000000e+00
2.417999999999999956e-04 -9.198165470000000000e+12 0.000000000000000000e+00 0.000000000000000000e+00
2.418999999999999981e-04 -9.162132380000000000e+12 0.000000000000000000e+00 0.000000000000000000e+00
2.420000000000000005e-04 -9.126120790000000000e+12 0.000000000000000000e+00 0.000000000000000000e+00
2.421000000000000029e-04 -9.090130800000000000e+12 0.000000000000000000e+00 0.000000000000000000e+00
2.422000000000000053e-04 -9.054162500000000000e+12 0.000000000000000000e+00 0.000000000000000000e+00
2.423000000000000078e-04 -9.018215990000000000e+12 0.000000000000000000e+00 0.000000000000000000e+00
2.424000000000000102e-04 -8.982291370000000000e+12 0.000000000000000000e+00 0.000000000000000000e+00
2.425000000000000126e-04 -8.946388730000000000e+12 0.000000000000000000e+00 0.000000000000000000e+00
2.425999999999999880e-04 -8.910508170000000000e+12 0.000000000000000000e+00 0.000000000000000000e+00
2.426999999999999904e-04 -8.874649780000000000e+12 0.000000000000000000e+00 0.000000000000000000e+00
2.427999999999999928e-04 -8.838813660000000000e+12 0.000000000000000000e+00 0.000000000000000000e+00
2.428999999999999953e-04 -8.802999910000000000e+12 0.000000000000000000e+00 0.000000000000000000e+00
2.429999999999999977e-04 -8.767208610000000000e+12 0.000000000000000000e+00 0.000000000000000000e+00
2.431000000000000001e-04 -8.731439880000000000e+12 0.000000000000000000e+00 0.000000000000000000e+00
2.432000000000000025e-04 -8.695693790000000000e+12 0.000000000000000000e+00 0.000000000000000000e+00
2.433000000000000050e-04 -8.659970450000000000e+12 0.000000000000000000e+00 0.000000000000000000e+00
2.434000000000000074e-04 -8.624269940000000000e+12 0.000000000000000000e+00 0.000000000000000000e+00
2.435000000000000098e-04 -8.588592370000000000e+12 0.000000000000000000e+00 0.000000000000000000e+00
2.436000000000000123e-04 -8.552937820000000000e+12 0.000000000000000000e+00 0.000000000000000000e+00
2.436999999999999876e-04 -8.517306400000000000e+12 0.000000000000000000e+00 0.000000000000000000e+00
2.437999999999999900e-04 -8.481698180000000000e+12 0.000000000000000000e+00 0.000000000000000000e+00
2.438999999999999925e-04 -8.446113270000000000e+12 0.000000000000000000e+00 0.000000000000000000e+00
2.439999999999999949e-04 -8.410551770000000000e+12 0.000000000000000000e+00 0.000000000000000000e+00
2.440999999999999973e-04 -8.375013750000000000e+12 0.000000000000000000e+00 0.000000000000000000e+00
2.442000000000000269e-04 -8.339499320000000000e+12 0.000000000000000000e+00 0.000000000000000000e+00
2.442999999999999751e-04 -8.304008560000000000e+12 0.000000000000000000e+00 0.000000000000000000e+00
2.443999999999999775e-04 -8.268541570000000000e+12 0.000000000000000000e+00 0.000000000000000000e+00
2.444999999999999799e-04 -8.233098440000000000e+12 0.000000000000000000e+00 0.000000000000000000e+00
2.445999999999999824e-04 -8.197679270000000000e+12 0.000000000000000000e+00 0.000000000000000000e+00
2.446999999999999848e-04 -8.162284130000000000e+12 0.000000000000000000e+00 0.000000000000000000e+00
2.447999999999999872e-04 -8.126913130000000000e+12 0.000000000000000000e+00 0.000000000000000000e+00
2.448999999999999897e-04 -8.091566360000000000e+12 0.000000000000000000e+00 0.000000000000000000e+00
2.449999999999999921e-04 -8.056243900000000000e+12 0.000000000000000000e+00 0.000000000000000000e+00
2.450999999999999945e-04 -8.020945840000000000e+12 0.000000000000000000e+00 0.000000000000000000e+00
2.451999999999999970e-04 -7.985672280000000000e+12 0.000000000000000000e+00 0.000000000000000000e+00
2.452999999999999994e-04 -7.950423310000000000e+12 0.000000000000000000e+00 0.000000000000000000e+00
2.454000000000000018e-04 -7.915199010000000000e+12 0.000000000000000000e+00 0.000000000000000000e+00
2.455000000000000042e-04 -7.879999480000000000e+12 0.000000000000000000e+00 0.000000000000000000e+00
2.456000000000000067e-04 -7.844824800000000000e+12 0.000000000000000000e+00 0.000000000000000000e+00
2.457000000000000091e-04 -7.809675070000000000e+12 0.000000000000000000e+00 0.000000000000000000e+00
2.458000000000000115e-04 -7.774550360000000000e+12 0.000000000000000000e+00 0.000000000000000000e+00
2.459000000000000140e-04 -7.739450780000000000e+12 0.000000000000000000e+00 0.000000000000000000e+00
2.460000000000000164e-04 -7.704376410000000000e+12 0.000000000000000000e+00 0.000000000000000000e+00
2.461000000000000188e-04 -7.669327330000000000e+12 0.000000000000000000e+00 0.000000000000000000e+00
2.462000000000000213e-04 -7.634303640000000000e+12 0.000000000000000000e+00 0.000000000000000000e+00
2.463000000000000237e-04 -7.599305420000000000e+12 0.000000000000000000e+00 0.000000000000000000e+00
2.464000000000000261e-04 -7.564332770000000000e+12 0.000000000000000000e+00 0.000000000000000000e+00
2.464999999999999743e-04 -7.529385760000000000e+12 0.000000000000000000e+00 0.000000000000000000e+00
2.465999999999999768e-04 -7.494464480000000000e+12 0.000000000000000000e+00 0.000000000000000000e+00
2.466999999999999792e-04 -7.459569030000000000e+12 0.000000000000000000e+00 0.000000000000000000e+00
2.467999999999999816e-04 -7.424699480000000000e+12 0.000000000000000000e+00 0.000000000000000000e+00
2.468999999999999841e-04 -7.389855930000000000e+12 0.000000000000000000e+00 0.000000000000000000e+00
2.469999999999999865e-04 -7.355038460000000000e+12 0.000000000000000000e+00 0.000000000000000000e+00
2.470999999999999889e-04 -7.320247160000000000e+12 0.000000000000000000e+00 0.000000000000000000e+00
2.471999999999999914e-04 -7.285482100000000000e+12 0.000000000000000000e+00 0.000000000000000000e+00
2.472999999999999938e-04 -7.250743390000000000e+12 0.000000000000000000e+00 0.000000000000000000e+00
2.473999999999999962e-04 -7.216031100000000000e+12 0.000000000000000000e+00 0.000000000000000000e+00
2.474999999999999986e-04 -7.181345310000000000e+12 0.000000000000000000e+00 0.000000000000000000e+00
2.476000000000000011e-04 -7.146686120000000000e+12 0.000000000000000000e+00 0.000000000000000000e+00
2.477000000000000035e-04 -7.112053610000000000e+12 0.000000000000000000e+00 0.000000000000000000e+00
2.478000000000000059e-04 -7.077447850000000000e+12 0.000000000000000000e+00 0.000000000000000000e+00
2.479000000000000084e-04 -7.042868950000000000e+12 0.000000000000000000e+00 0.000000000000000000e+00
2.480000000000000108e-04 -7.008316970000000000e+12 0.000000000000000000e+00 0.000000000000000000e+00
2.481000000000000132e-04 -6.973792000000000000e+12 0.000000000000000000e+00 0.000000000000000000e+00
2.482000000000000157e-04 -6.939294140000000000e+12 0.000000000000000000e+00 0.000000000000000000e+00
2.483000000000000181e-04 -6.904823450000000000e+12 0.000000000000000000e+00 0.000000000000000000e+00
2.484000000000000205e-04 -6.870380020000000000e+12 0.000000000000000000e+00 0.000000000000000000e+00
2.485000000000000230e-04 -6.835963940000000000e+12 0.000000000000000000e+00 0.000000000000000000e+00
2.486000000000000254e-04 -6.801575290000000000e+12 0.000000000000000000e+00 0.000000000000000000e+00
2.486999999999999736e-04 -6.767214150000000000e+12 0.000000000000000000e+00 0.000000000000000000e+00
2.487999999999999760e-04 -6.732880600000000000e+12 0.000000000000000000e+00 0.000000000000000000e+00
2.488999999999999785e-04 -6.698574720000000000e+12 0.000000000000000000e+00 0.000000000000000000e+00
2.489999999999999809e-04 -6.664296610000000000e+12 0.000000000000000000e+00 0.000000000000000000e+00
2.490999999999999833e-04 -6.630046320000000000e+12 0.000000000000000000e+00 0.000000000000000000e+00
2.491999999999999858e-04 -6.595823960000000000e+12 0.000000000000000000e+00 0.000000000000000000e+00
2.492999999999999882e-04 -6.561629600000000000e+12 0.000000000000000000e+00 0.000000000000000000e+00
2.493999999999999906e-04 -6.527463320000000000e+12 0.000000000000000000e+00 0.000000000000000000e+00
2.494999999999999931e-04 -6.493325200000000000e+12 0.000000000000000000e+00 0.000000000000000000e+00
2.495999999999999955e-04 -6.459215320000000000e+12 0.000000000000000000e+00 0.000000000000000000e+00
2.496999999999999979e-04 -6.425133760000000000e+12 0.000000000000000000e+00 0.000000000000000000e+00
2.498000000000000003e-04 -6.391080600000000000e+12 0.000000000000000000e+00 0.000000000000000000e+00
2.499000000000000028e-04 -6.357055920000000000e+12 0.000000000000000000e+00 0.000000000000000000e+00
2.500000000000000052e-04 -6.323059810000000000e+12 0.000000000000000000e+00 0.000000000000000000e+00
2.501000000000000076e-04 -6.289092330000000000e+12 0.000000000000000000e+00 0.000000000000000000e+00
2.502000000000000101e-04 -6.255153570000000000e+12 0.000000000000000000e+00 0.000000000000000000e+00
2.503000000000000125e-04 -6.221243610000000000e+12 0.000000000000000000e+00 0.000000000000000000e+00
2.504000000000000149e-04 -6.187362530000000000e+12 0.000000000000000000e+00 0.000000000000000000e+00
2.505000000000000174e-04 -6.153510400000000000e+12 0.000000000000000000e+00 0.000000000000000000e+00
2.506000000000000198e-04 -6.119687300000000000e+12 0.000000000000000000e+00 0.000000000000000000e+00
2.507000000000000222e-04 -6.085893310000000000e+12 0.000000000000000000e+00 0.000000000000000000e+00
2.508000000000000246e-04 -6.052128510000000000e+12 0.000000000000000000e+00 0.000000000000000000e+00
2.509000000000000271e-04 -6.018392970000000000e+12 0.000000000000000000e+00 0.000000000000000000e+00
2.509999999999999753e-04 -5.984686780000000000e+12 0.000000000000000000e+00 0.000000000000000000e+00
2.510999999999999777e-04 -5.951010010000000000e+12 0.000000000000000000e+00 0.000000000000000000e+00
2.511999999999999802e-04 -5.917362730000000000e+12 0.000000000000000000e+00 0.000000000000000000e+00
2.512999999999999826e-04 -5.883745020000000000e+12 0.000000000000000000e+00 0.000000000000000000e+00
2.513999999999999850e-04 -5.850156970000000000e+12 0.000000000000000000e+00 0.000000000000000000e+00
2.514999999999999875e-04 -5.816598640000000000e+12 0.000000000000000000e+00 0.000000000000000000e+00
2.515999999999999899e-04 -5.783070100000000000e+12 0.000000000000000000e+00 0.000000000000000000e+00
2.516999999999999923e-04 -5.749571450000000000e+12 0.000000000000000000e+00 0.000000000000000000e+00
2.517999999999999947e-04 -5.716102750000000000e+12 0.000000000000000000e+00 0.000000000000000000e+00
2.518999999999999972e-04 -5.682664070000000000e+12 0.000000000000000000e+00 0.000000000000000000e+00
2.519999999999999996e-04 -5.649255500000000000e+12 0.000000000000000000e+00 0.000000000000000000e+00
2.521000000000000020e-04 -5.615877100000000000e+12 0.000000000000000000e+00 0.000000000000000000e+00
2.522000000000000045e-04 -5.582528960000000000e+12 0.000000000000000000e+00 0.000000000000000000e+00
2.523000000000000069e-04 -5.549211140000000000e+12 0.000000000000000000e+00 0.000000000000000000e+00
2.524000000000000093e-04 -5.515923720000000000e+12 0.000000000000000000e+00 0.000000000000000000e+00
2.525000000000000118e-04 -5.482666770000000000e+12 0.000000000000000000e+00 0.000000000000000000e+00
2.526000000000000142e-04 -5.449440370000000000e+12 0.000000000000000000e+00 0.000000000000000000e+00
2.527000000000000166e-04 -5.416244590000000000e+12 0.000000000000000000e+00 0.000000000000000000e+00
2.528000000000000191e-04 -5.383079510000000000e+12 0.000000000000000000e+00 0.000000000000000000e+00
2.529000000000000215e-04 -5.349945190000000000e+12 0.000000000000000000e+00 0.000000000000000000e+00
2.530000000000000239e-04 -5.316841710000000000e+12 0.000000000000000000e+00 0.000000000000000000e+00
2.531000000000000263e-04 -5.283769150000000000e+12 0.000000000000000000e+00 0.000000000000000000e+00
2.531999999999999746e-04 -5.250727570000000000e+12 0.000000000000000000e+00 0.000000000000000000e+00
2.532999999999999770e-04 -5.217717040000000000e+12 0.000000000000000000e+00 0.000000000000000000e+00
2.533999999999999794e-04 -5.184737650000000000e+12 0.000000000000000000e+00 0.000000000000000000e+00
2.534999999999999819e-04 -5.151789450000000000e+12 0.000000000000000000e+00 0.000000000000000000e+00
2.535999999999999843e-04 -5.118872530000000000e+12 0.000000000000000000e+00 0.000000000000000000e+00
2.536999999999999867e-04 -5.085986940000000000e+12 0.000000000000000000e+00 0.000000000000000000e+00
2.537999999999999892e-04 -5.053132780000000000e+12 0.000000000000000000e+00 0.000000000000000000e+00
2.538999999999999916e-04 -5.020310090000000000e+12 0.000000000000000000e+00 0.000000000000000000e+00
2.539999999999999940e-04 -4.987518960000000000e+12 0.000000000000000000e+00 0.000000000000000000e+00
2.540999999999999964e-04 -4.954759460000000000e+12 0.000000000000000000e+00 0.000000000000000000e+00
2.541999999999999989e-04 -4.922031650000000000e+12 0.000000000000000000e+00 0.000000000000000000e+00
2.543000000000000013e-04 -4.889335610000000000e+12 0.000000000000000000e+00 0.000000000000000000e+00
2.544000000000000037e-04 -4.856671400000000000e+12 0.000000000000000000e+00 0.000000000000000000e+00
2.545000000000000062e-04 -4.824039100000000000e+12 0.000000000000000000e+00 0.000000000000000000e+00
2.546000000000000086e-04 -4.791438770000000000e+12 0.000000000000000000e+00 0.000000000000000000e+00
2.547000000000000110e-04 -4.758870490000000000e+12 0.000000000000000000e+00 0.000000000000000000e+00
2.548000000000000135e-04 -4.726334310000000000e+12 0.000000000000000000e+00 0.000000000000000000e+00
2.549000000000000159e-04 -4.693830320000000000e+12 0.000000000000000000e+00 0.000000000000000000e+00
2.550000000000000183e-04 -4.661358570000000000e+12 0.000000000000000000e+00 0.000000000000000000e+00
2.551000000000000207e-04 -4.628919140000000000e+12 0.000000000000000000e+00 0.000000000000000000e+00
2.552000000000000232e-04 -4.596512100000000000e+12 0.000000000000000000e+00 0.000000000000000000e+00
2.553000000000000256e-04 -4.564137510000000000e+12 0.000000000000000000e+00 0.000000000000000000e+00
2.553999999999999738e-04 -4.531795430000000000e+12 0.000000000000000000e+00 0.000000000000000000e+00
2.554999999999999763e-04 -4.499485950000000000e+12 0.000000000000000000e+00 0.000000000000000000e+00
2.555999999999999787e-04 -4.467209120000000000e+12 0.000000000000000000e+00 0.000000000000000000e+00
2.556999999999999811e-04 -4.434965010000000000e+12 0.000000000000000000e+00 0.000000000000000000e+00
2.557999999999999836e-04 -4.402753680000000000e+12 0.000000000000000000e+00 0.000000000000000000e+00
2.558999999999999860e-04 -4.370575210000000000e+12 0.000000000000000000e+00 0.000000000000000000e+00
2.559999999999999884e-04 -4.338429670000000000e+12 0.000000000000000000e+00 0.000000000000000000e+00
2.560999999999999908e-04 -4.306317100000000000e+12 0.000000000000000000e+00 0.000000000000000000e+00
2.561999999999999933e-04 -4.274237590000000000e+12 0.000000000000000000e+00 0.000000000000000000e+00
2.562999999999999957e-04 -4.242191200000000000e+12 0.000000000000000000e+00 0.000000000000000000e+00
2.563999999999999981e-04 -4.210177980000000000e+12 0.000000000000000000e+00 0.000000000000000000e+00
2.565000000000000006e-04 -4.178198020000000000e+12 0.000000000000000000e+00 0.000000000000000000e+00
2.566000000000000030e-04 -4.146251370000000000e+12 0.000000000000000000e+00 0.000000000000000000e+00
2.567000000000000054e-04 -4.114338090000000000e+12 0.000000000000000000e+00 0.000000000000000000e+00
2.568000000000000079e-04 -4.082458260000000000e+12 0.000000000000000000e+00 0.000000000000000000e+00
2.569000000000000103e-04 -4.050611930000000000e+12 0.000000000000000000e+00 0.000000000000000000e+00
2.570000000000000127e-04 -4.018799170000000000e+12 0.000000000000000000e+00 0.000000000000000000e+00
2.571000000000000152e-04 -3.987020050000000000e+12 0.000000000000000000e+00 0.000000000000000000e+00
2.572000000000000176e-04 -3.955274620000000000e+12 0.000000000000000000e+00 0.000000000000000000e+00
2.573000000000000200e-04 -3.923562960000000000e+12 0.000000000000000000e+00 0.000000000000000000e+00
2.574000000000000224e-04 -3.891885110000000000e+12 0.000000000000000000e+00 0.000000000000000000e+00
2.575000000000000249e-04 -3.860241150000000000e+12 0.000000000000000000e+00 0.000000000000000000e+00
2.575999999999999731e-04 -3.828631140000000000e+12 0.000000000000000000e+00 0.000000000000000000e+00
2.576999999999999755e-04 -3.797055150000000000e+12 0.000000000000000000e+00 0.000000000000000000e+00
2.577999999999999780e-04 -3.765513220000000000e+12 0.000000000000000000e+00 0.000000000000000000e+00
2.578999999999999804e-04 -3.734005440000000000e+12 0.000000000000000000e+00 0.000000000000000000e+00
2.579999999999999828e-04 -3.702531850000000000e+12 0.000000000000000000e+00 0.000000000000000000e+00
2.580999999999999852e-04 -3.671092520000000000e+12 0.000000000000000000e+00 0.000000000000000000e+00
2.581999999999999877e-04 -3.639687500000000000e+12 0.000000000000000000e+00 0.000000000000000000e+00
2.582999999999999901e-04 -3.608316880000000000e+12 0.000000000000000000e+00 0.000000000000000000e+00
2.583999999999999925e-04 -3.576980690000000000e+12 0.000000000000000000e+00 0.000000000000000000e+00
2.584999999999999950e-04 -3.545679010000000000e+12 0.000000000000000000e+00 0.000000000000000000e+00
2.585999999999999974e-04 -3.514411890000000000e+12 0.000000000000000000e+00 0.000000000000000000e+00
2.586999999999999998e-04 -3.483179390000000000e+12 0.000000000000000000e+00 0.000000000000000000e+00
2.588000000000000023e-04 -3.451981580000000000e+12 0.000000000000000000e+00 0.000000000000000000e+00
2.589000000000000047e-04 -3.420818520000000000e+12 0.000000000000000000e+00 0.000000000000000000e+00
2.590000000000000071e-04 -3.389690250000000000e+12 0.000000000000000000e+00 0.000000000000000000e+00
2.591000000000000096e-04 -3.358596850000000000e+12 0.000000000000000000e+00 0.000000000000000000e+00
2.592000000000000120e-04 -3.327538380000000000e+12 0.000000000000000000e+00 0.000000000000000000e+00
2.593000000000000144e-04 -3.296514880000000000e+12 0.000000000000000000e+00 0.000000000000000000e+00
2.594000000000000168e-04 -3.265526430000000000e+12 0.000000000000000000e+00 0.000000000000000000e+00
2.595000000000000193e-04 -3.234573070000000000e+12 0.000000000000000000e+00 0.000000000000000000e+00
2.596000000000000217e-04 -3.203654870000000000e+12 0.000000000000000000e+00 0.000000000000000000e+00
2.597000000000000241e-04 -3.172771880000000000e+12 0.000000000000000000e+00 0.000000000000000000e+00
2.598000000000000266e-04 -3.141924170000000000e+12 0.000000000000000000e+00 0.000000000000000000e+00
2.598999999999999748e-04 -3.111111790000000000e+12 0.000000000000000000e+00 0.000000000000000000e+00
2.599999999999999772e-04 -3.080334800000000000e+12 0.000000000000000000e+00 0.000000000000000000e+00
2.600999999999999797e-04 -3.049593260000000000e+12 0.000000000000000000e+00 0.000000000000000000e+00
2.601999999999999821e-04 -3.018887210000000000e+12 0.000000000000000000e+00 0.000000000000000000e+00
2.602999999999999845e-04 -2.988216730000000000e+12 0.000000000000000000e+00 0.000000000000000000e+00
2.603999999999999869e-04 -2.957581860000000000e+12 0.000000000000000000e+00 0.000000000000000000e+00
2.604999999999999894e-04 -2.926982670000000000e+12 0.000000000000000000e+00 0.000000000000000000e+00
2.605999999999999918e-04 -2.896419200000000000e+12 0.000000000000000000e+00 0.000000000000000000e+00
2.606999999999999942e-04 -2.865891520000000000e+12 0.000000000000000000e+00 0.000000000000000000e+00
2.607999999999999967e-04 -2.835399680000000000e+12 0.000000000000000000e+00 0.000000000000000000e+00
2.608999999999999991e-04 -2.804943740000000000e+12 0.000000000000000000e+00 0.000000000000000000e+00
2.610000000000000015e-04 -2.774523750000000000e+12 0.000000000000000000e+00 0.000000000000000000e+00
2.611000000000000040e-04 -2.744139760000000000e+12 0.000000000000000000e+00 0.000000000000000000e+00
2.612000000000000064e-04 -2.713791840000000000e+12 0.000000000000000000e+00 0.000000000000000000e+00
2.613000000000000088e-04 -2.683480030000000000e+12 0.000000000000000000e+00 0.000000000000000000e+00
2.614000000000000113e-04 -2.653204400000000000e+12 0.000000000000000000e+00 0.000000000000000000e+00
2.615000000000000137e-04 -2.622964990000000000e+12 0.000000000000000000e+00 0.000000000000000000e+00
2.616000000000000161e-04 -2.592761850000000000e+12 0.000000000000000000e+00 0.000000000000000000e+00
2.617000000000000185e-04 -2.562595060000000000e+12 0.000000000000000000e+00 0.000000000000000000e+00
2.618000000000000210e-04 -2.532464650000000000e+12 0.000000000000000000e+00 0.000000000000000000e+00
2.619000000000000234e-04 -2.502370680000000000e+12 0.000000000000000000e+00 0.000000000000000000e+00
2.620000000000000258e-04 -2.472313200000000000e+12 0.000000000000000000e+00 0.000000000000000000e+00
2.620999999999999741e-04 -2.442292270000000000e+12 0.000000000000000000e+00 0.000000000000000000e+00
2.621999999999999765e-04 -2.412307940000000000e+12 0.000000000000000000e+00 0.000000000000000000e+00
2.622999999999999789e-04 -2.382360260000000000e+12 0.000000000000000000e+00 0.000000000000000000e+00
2.623999999999999813e-04 -2.352449280000000000e+12 0.000000000000000000e+00 0.000000000000000000e+00
2.624999999999999838e-04 -2.322575070000000000e+12 0.000000000000000000e+00 0.000000000000000000e+00
2.625999999999999862e-04 -2.292737660000000000e+12 0.000000000000000000e+00 0.000000000000000000e+00
2.626999999999999886e-04 -2.262937110000000000e+12 0.000000000000000000e+00 0.000000000000000000e+00
2.627999999999999911e-04 -2.233173470000000000e+12 0.000000000000000000e+00 0.000000000000000000e+00
2.628999999999999935e-04 -2.203446800000000000e+12 0.000000000000000000e+00 0.000000000000000000e+00
2.629999999999999959e-04 -2.173757140000000000e+12 0.000000000000000000e+00 0.000000000000000000e+00
2.630999999999999984e-04 -2.144104550000000000e+12 0.000000000000000000e+00 0.000000000000000000e+00
2.632000000000000008e-04 -2.114489070000000000e+12 0.000000000000000000e+00 0.000000000000000000e+00
2.633000000000000032e-04 -2.084910760000000000e+12 0.000000000000000000e+00 0.000000000000000000e+00
2.634000000000000057e-04 -2.055369660000000000e+12 0.000000000000000000e+00 0.000000000000000000e+00
2.635000000000000081e-04 -2.025865830000000000e+12 0.000000000000000000e+00 0.000000000000000000e+00
2.636000000000000105e-04 -1.996399320000000000e+12 0.000000000000000000e+00 0.000000000000000000e+00
2.637000000000000129e-04 -1.966970180000000000e+12 0.000000000000000000e+00 0.000000000000000000e+00
2.638000000000000154e-04 -1.937578450000000000e+12 0.000000000000000000e+00 0.000000000000000000e+00
2.639000000000000178e-04 -1.908224190000000000e+12 0.000000000000000000e+00 0.000000000000000000e+00
2.640000000000000202e-04 -1.878907440000000000e+12 0.000000000000000000e+00 0.000000000000000000e+00
2.641000000000000227e-04 -1.849628250000000000e+12 0.000000000000000000e+00 0.000000000000000000e+00
2.642000000000000251e-04 -1.820386670000000000e+12 0.000000000000000000e+00 0.000000000000000000e+00
2.642999999999999733e-04 -1.791182760000000000e+12 0.000000000000000000e+00 0.000000000000000000e+00
2.643999999999999758e-04 -1.762016550000000000e+12 0.000000000000000000e+00 0.000000000000000000e+00
2.644999999999999782e-04 -1.732888100000000000e+12 0.000000000000000000e+00 0.000000000000000000e+00
2.645999999999999806e-04 -1.703797450000000000e+12 0.000000000000000000e+00 0.000000000000000000e+00
2.646999999999999830e-04 -1.674744650000000000e+12 0.000000000000000000e+00 0.000000000000000000e+00
2.647999999999999855e-04 -1.645729760000000000e+12 0.000000000000000000e+00 0.000000000000000000e+00
2.648999999999999879e-04 -1.616752810000000000e+12 0.000000000000000000e+00 0.000000000000000000e+00
2.649999999999999903e-04 -1.587813850000000000e+12 0.000000000000000000e+00 0.000000000000000000e+00
2.650999999999999928e-04 -1.558912930000000000e+12 0.000000000000000000e+00 0.000000000000000000e+00
2.651999999999999952e-04 -1.530050090000000000e+12 0.000000000000000000e+00 0.000000000000000000e+00
2.652999999999999976e-04 -1.501225390000000000e+12 0.000000000000000000e+00 0.000000000000000000e+00
2.654000000000000001e-04 -1.472438870000000000e+12 0.000000000000000000e+00 0.000000000000000000e+00
2.655000000000000025e-04 -1.443690570000000000e+12 0.000000000000000000e+00 0.000000000000000000e+00
2.656000000000000049e-04 -1.414980540000000000e+12 0.000000000000000000e+00 0.000000000000000000e+00
2.657000000000000074e-04 -1.386308830000000000e+12 0.000000000000000000e+00 0.000000000000000000e+00
2.658000000000000098e-04 -1.357675480000000000e+12 0.000000000000000000e+00 0.000000000000000000e+00
2.659000000000000122e-04 -1.329080540000000000e+12 0.000000000000000000e+00 0.000000000000000000e+00
2.660000000000000146e-04 -1.300524040000000000e+12 0.000000000000000000e+00 0.000000000000000000e+00
2.661000000000000171e-04 -1.272006040000000000e+12 0.000000000000000000e+00 0.000000000000000000e+00
2.662000000000000195e-04 -1.243526580000000000e+12 0.000000000000000000e+00 0.000000000000000000e+00
2.663000000000000219e-04 -1.215085710000000000e+12 0.000000000000000000e+00 0.000000000000000000e+00
2.664000000000000244e-04 -1.186683460000000000e+12 0.000000000000000000e+00 0.000000000000000000e+00
2.665000000000000268e-04 -1.158319890000000000e+12 0.000000000000000000e+00 0.000000000000000000e+00
2.665999999999999750e-04 -1.129995030000000000e+12 0.000000000000000000e+00 0.000000000000000000e+00
2.666999999999999774e-04 -1.101708930000000000e+12 0.000000000000000000e+00 0.000000000000000000e+00
2.667999999999999799e-04 -1.073461630000000000e+12 0.000000000000000000e+00 0.000000000000000000e+00
2.668999999999999823e-04 -1.045253180000000000e+12 0.000000000000000000e+00 0.000000000000000000e+00
2.669999999999999847e-04 -1.017083610000000000e+12 0.000000000000000000e+00 0.000000000000000000e+00
2.670999999999999872e-04 -9.889529820000000000e+11 0.000000000000000000e+00 0.000000000000000000e+00
2.671999999999999896e-04 -9.608613220000000000e+11 0.000000000000000000e+00 0.000000000000000000e+00
2.672999999999999920e-04 -9.328086780000000000e+11 0.000000000000000000e+00 0.000000000000000000e+00
2.673999999999999945e-04 -9.047950910000000000e+11 0.000000000000000000e+00 0.000000000000000000e+00
2.674999999999999969e-04 -8.768206030000000000e+11 0.000000000000000000e+00 0.000000000000000000e+00
2.675999999999999993e-04 -8.488852560000000000e+11 0.000000000000000000e+00 0.000000000000000000e+00
2.677000000000000018e-04 -8.209890910000000000e+11 0.000000000000000000e+00 0.000000000000000000e+00
2.678000000000000042e-04 -7.931321500000000000e+11 0.000000000000000000e+00 0.000000000000000000e+00
2.679000000000000066e-04 -7.653144730000000000e+11 0.000000000000000000e+00 0.000000000000000000e+00
2.680000000000000090e-04 -7.375361010000000000e+11 0.000000000000000000e+00 0.000000000000000000e+00
2.681000000000000115e-04 -7.097970750000000000e+11 0.000000000000000000e+00 0.000000000000000000e+00
2.682000000000000139e-04 -6.820974340000000000e+11 0.000000000000000000e+00 0.000000000000000000e+00
2.683000000000000163e-04 -6.544372200000000000e+11 0.000000000000000000e+00 0.000000000000000000e+00
2.684000000000000188e-04 -6.268164720000000000e+11 0.000000000000000000e+00 0.000000000000000000e+00
2.685000000000000212e-04 -5.992352300000000000e+11 0.000000000000000000e+00 0.000000000000000000e+00
2.686000000000000236e-04 -5.716935340000000000e+11 0.000000000000000000e+00 0.000000000000000000e+00
2.687000000000000261e-04 -5.441914220000000000e+11 0.000000000000000000e+00 0.000000000000000000e+00
2.687999999999999743e-04 -5.167289350000000000e+11 0.000000000000000000e+00 0.000000000000000000e+00
2.688999999999999767e-04 -4.893061100000000000e+11 0.000000000000000000e+00 0.000000000000000000e+00
2.689999999999999791e-04 -4.619229870000000000e+11 0.000000000000000000e+00 0.000000000000000000e+00
2.690999999999999816e-04 -4.345796040000000000e+11 0.000000000000000000e+00 0.000000000000000000e+00
2.691999999999999840e-04 -4.072760000000000000e+11 0.000000000000000000e+00 0.000000000000000000e+00
2.692999999999999864e-04 -3.800122120000000000e+11 0.000000000000000000e+00 0.000000000000000000e+00
2.693999999999999889e-04 -3.527882800000000000e+11 0.000000000000000000e+00 0.000000000000000000e+00
2.694999999999999913e-04 -3.256042390000000000e+11 0.000000000000000000e+00 0.000000000000000000e+00
2.695999999999999937e-04 -2.984601290000000000e+11 0.000000000000000000e+00 0.000000000000000000e+00
2.696999999999999962e-04 -2.713559860000000000e+11 0.000000000000000000e+00 0.000000000000000000e+00
2.697999999999999986e-04 -2.442918470000000000e+11 0.000000000000000000e+00 0.000000000000000000e+00
2.699000000000000010e-04 -2.172677500000000000e+11 0.000000000000000000e+00 0.000000000000000000e+00
2.700000000000000035e-04 -1.902837310000000000e+11 0.000000000000000000e+00 0.000000000000000000e+00
2.701000000000000059e-04 -1.633398260000000000e+11 0.000000000000000000e+00 0.000000000000000000e+00
2.702000000000000083e-04 -1.364360730000000000e+11 0.000000000000000000e+00 0.000000000000000000e+00
2.703000000000000107e-04 -1.095725060000000000e+11 0.000000000000000000e+00 0.000000000000000000e+00
2.704000000000000132e-04 -8.274916310000000000e+10 0.000000000000000000e+00 0.000000000000000000e+00
2.705000000000000156e-04 -5.596607880000000000e+10 0.000000000000000000e+00 0.000000000000000000e+00
2.706000000000000180e-04 -2.922328880000000000e+10 0.000000000000000000e+00 0.000000000000000000e+00
2.707000000000000205e-04 -2.520828540000000000e+09 0.000000000000000000e+00 0.000000000000000000e+00
2.708000000000000229e-04 2.414126680000000000e+10 0.000000000000000000e+00 0.000000000000000000e+00
2.709000000000000253e-04 5.076296230000000000e+10 0.000000000000000000e+00 0.000000000000000000e+00
2.709999999999999735e-04 7.734422330000000000e+10 0.000000000000000000e+00 0.000000000000000000e+00
2.710999999999999760e-04 1.038850150000000000e+11 0.000000000000000000e+00 0.000000000000000000e+00
2.711999999999999784e-04 1.303853030000000000e+11 0.000000000000000000e+00 0.000000000000000000e+00
2.712999999999999808e-04 1.568450540000000000e+11 0.000000000000000000e+00 0.000000000000000000e+00
2.713999999999999833e-04 1.832642330000000000e+11 0.000000000000000000e+00 0.000000000000000000e+00
2.714999999999999857e-04 2.096428070000000000e+11 0.000000000000000000e+00 0.000000000000000000e+00
2.715999999999999881e-04 2.359807420000000000e+11 0.000000000000000000e+00 0.000000000000000000e+00
2.716999999999999906e-04 2.622780040000000000e+11 0.000000000000000000e+00 0.000000000000000000e+00
2.717999999999999930e-04 2.885345610000000000e+11 0.000000000000000000e+00 0.000000000000000000e+00
2.718999999999999954e-04 3.147503790000000000e+11 0.000000000000000000e+00 0.000000000000000000e+00
2.719999999999999979e-04 3.409254270000000000e+11 0.000000000000000000e+00 0.000000000000000000e+00
2.721000000000000003e-04 3.670596700000000000e+11 0.000000000000000000e+00 0.000000000000000000e+00
2.722000000000000027e-04 3.931530780000000000e+11 0.000000000000000000e+00 0.000000000000000000e+00
2.723000000000000051e-04 4.192056160000000000e+11 0.000000000000000000e+00 0.000000000000000000e+00
2.724000000000000076e-04 4.452172550000000000e+11 0.000000000000000000e+00 0.000000000000000000e+00
2.725000000000000100e-04 4.711879610000000000e+11 0.000000000000000000e+00 0.000000000000000000e+00
2.726000000000000124e-04 4.971177040000000000e+11 0.000000000000000000e+00 0.000000000000000000e+00
2.727000000000000149e-04 5.230064510000000000e+11 0.000000000000000000e+00 0.000000000000000000e+00
2.728000000000000173e-04 5.488541720000000000e+11 0.000000000000000000e+00 0.000000000000000000e+00
2.729000000000000197e-04 5.746608360000000000e+11 0.000000000000000000e+00 0.000000000000000000e+00
2.730000000000000222e-04 6.004264110000000000e+11 0.000000000000000000e+00 0.000000000000000000e+00
2.731000000000000246e-04 6.261508670000000000e+11 0.000000000000000000e+00 0.000000000000000000e+00
2.732000000000000270e-04 6.518341750000000000e+11 0.000000000000000000e+00 0.000000000000000000e+00
2.732999999999999752e-04 6.774763020000000000e+11 0.000000000000000000e+00 0.000000000000000000e+00
2.733999999999999777e-04 7.030772200000000000e+11 0.000000000000000000e+00 0.000000000000000000e+00
2.734999999999999801e-04 7.286368990000000000e+11 0.000000000000000000e+00 0.000000000000000000e+00
2.735999999999999825e-04 7.541553080000000000e+11 0.000000000000000000e+00 0.000000000000000000e+00
2.736999999999999850e-04 7.796324190000000000e+11 0.000000000000000000e+00 0.000000000000000000e+00
2.737999999999999874e-04 8.050682020000000000e+11 0.000000000000000000e+00 0.000000000000000000e+00
2.738999999999999898e-04 8.304626280000000000e+11 0.000000000000000000e+00 0.000000000000000000e+00
2.739999999999999923e-04 8.558156690000000000e+11 0.000000000000000000e+00 0.000000000000000000e+00
2.740999999999999947e-04 8.811272950000000000e+11 0.000000000000000000e+00 0.000000000000000000e+00
2.741999999999999971e-04 9.063974770000000000e+11 0.000000000000000000e+00 0.000000000000000000e+00
2.742999999999999996e-04 9.316261890000000000e+11 0.000000000000000000e+00 0.000000000000000000e+00
2.744000000000000020e-04 9.568134010000000000e+11 0.000000000000000000e+00 0.000000000000000000e+00
2.745000000000000044e-04 9.819590860000000000e+11 0.000000000000000000e+00 0.000000000000000000e+00
2.746000000000000068e-04 1.007063220000000000e+12 0.000000000000000000e+00 0.000000000000000000e+00
2.747000000000000093e-04 1.032125760000000000e+12 0.000000000000000000e+00 0.000000000000000000e+00
2.748000000000000117e-04 1.057146700000000000e+12 0.000000000000000000e+00 0.000000000000000000e+00
2.749000000000000141e-04 1.082126000000000000e+12 0.000000000000000000e+00 0.000000000000000000e+00
2.750000000000000166e-04 1.107063640000000000e+12 0.000000000000000000e+00 0.000000000000000000e+00
2.751000000000000190e-04 1.131959580000000000e+12 0.000000000000000000e+00 0.000000000000000000e+00
2.752000000000000214e-04 1.156813810000000000e+12 0.000000000000000000e+00 0.000000000000000000e+00
2.753000000000000239e-04 1.181626290000000000e+12 0.000000000000000000e+00 0.000000000000000000e+00
2.754000000000000263e-04 1.206397010000000000e+12 0.000000000000000000e+00 0.000000000000000000e+00
2.754999999999999745e-04 1.231125920000000000e+12 0.000000000000000000e+00 0.000000000000000000e+00
2.755999999999999769e-04 1.255813020000000000e+12 0.000000000000000000e+00 0.000000000000000000e+00
2.756999999999999794e-04 1.280458270000000000e+12 0.000000000000000000e+00 0.000000000000000000e+00
2.757999999999999818e-04 1.305061640000000000e+12 0.000000000000000000e+00 0.000000000000000000e+00
2.758999999999999842e-04 1.329623120000000000e+12 0.000000000000000000e+00 0.000000000000000000e+00
2.759999999999999867e-04 1.354142670000000000e+12 0.000000000000000000e+00 0.000000000000000000e+00
2.760999999999999891e-04 1.378620280000000000e+12 0.000000000000000000e+00 0.000000000000000000e+00
2.761999999999999915e-04 1.403055910000000000e+12 0.000000000000000000e+00 0.000000000000000000e+00
2.762999999999999940e-04 1.427449550000000000e+12 0.000000000000000000e+00 0.000000000000000000e+00
2.763999999999999964e-04 1.451801160000000000e+12 0.000000000000000000e+00 0.000000000000000000e+00
2.764999999999999988e-04 1.476110730000000000e+12 0.000000000000000000e+00 0.000000000000000000e+00
2.766000000000000012e-04 1.500378220000000000e+12 0.000000000000000000e+00 0.000000000000000000e+00
2.767000000000000037e-04 1.524603630000000000e+12 0.000000000000000000e+00 0.000000000000000000e+00
2.768000000000000061e-04 1.548786920000000000e+12 0.000000000000000000e+00 0.000000000000000000e+00
2.769000000000000085e-04 1.572928060000000000e+12 0.000000000000000000e+00 0.000000000000000000e+00
2.770000000000000110e-04 1.597027050000000000e+12 0.000000000000000000e+00 0.000000000000000000e+00
2.771000000000000134e-04 1.621083840000000000e+12 0.000000000000000000e+00 0.000000000000000000e+00
2.772000000000000158e-04 1.645098430000000000e+12 0.000000000000000000e+00 0.000000000000000000e+00
2.773000000000000183e-04 1.669070780000000000e+12 0.000000000000000000e+00 0.000000000000000000e+00
2.774000000000000207e-04 1.693000880000000000e+12 0.000000000000000000e+00 0.000000000000000000e+00
2.775000000000000231e-04 1.716888710000000000e+12 0.000000000000000000e+00 0.000000000000000000e+00
2.776000000000000256e-04 1.740734230000000000e+12 0.000000000000000000e+00 0.000000000000000000e+00
2.776999999999999738e-04 1.764537440000000000e+12 0.000000000000000000e+00 0.000000000000000000e+00
2.777999999999999762e-04 1.788298300000000000e+12 0.000000000000000000e+00 0.000000000000000000e+00
2.778999999999999786e-04 1.812016800000000000e+12 0.000000000000000000e+00 0.000000000000000000e+00
2.779999999999999811e-04 1.835692910000000000e+12 0.000000000000000000e+00 0.000000000000000000e+00
2.780999999999999835e-04 1.859326610000000000e+12 0.000000000000000000e+00 0.000000000000000000e+00
2.781999999999999859e-04 1.882917890000000000e+12 0.000000000000000000e+00 0.000000000000000000e+00
2.782999999999999884e-04 1.906466720000000000e+12 0.000000000000000000e+00 0.000000000000000000e+00
2.783999999999999908e-04 1.929973080000000000e+12 0.000000000000000000e+00 0.000000000000000000e+00
2.784999999999999932e-04 1.953436950000000000e+12 0.000000000000000000e+00 0.000000000000000000e+00
2.785999999999999957e-04 1.976858320000000000e+12 0.000000000000000000e+00 0.000000000000000000e+00
2.786999999999999981e-04 2.000237150000000000e+12 0.000000000000000000e+00 0.000000000000000000e+00
2.788000000000000005e-04 2.023573430000000000e+12 0.000000000000000000e+00 0.000000000000000000e+00
2.789000000000000029e-04 2.046867150000000000e+12 0.000000000000000000e+00 0.000000000000000000e+00
2.790000000000000054e-04 2.070118280000000000e+12 0.000000000000000000e+00 0.000000000000000000e+00
2.791000000000000078e-04 2.093326790000000000e+12 0.000000000000000000e+00 0.000000000000000000e+00
2.792000000000000102e-04 2.116492690000000000e+12 0.000000000000000000e+00 0.000000000000000000e+00
2.793000000000000127e-04 2.139615930000000000e+12 0.000000000000000000e+00 0.000000000000000000e+00
2.794000000000000151e-04 2.162696510000000000e+12 0.000000000000000000e+00 0.000000000000000000e+00
2.795000000000000175e-04 2.185734410000000000e+12 0.000000000000000000e+00 0.000000000000000000e+00
2.796000000000000200e-04 2.208729610000000000e+12 0.000000000000000000e+00 0.000000000000000000e+00
2.797000000000000224e-04 2.231682090000000000e+12 0.000000000000000000e+00 0.000000000000000000e+00
2.798000000000000248e-04 2.254591820000000000e+12 0.000000000000000000e+00 0.000000000000000000e+00
2.798999999999999730e-04 2.277458810000000000e+12 0.000000000000000000e+00 0.000000000000000000e+00
2.799999999999999755e-04 2.300283020000000000e+12 0.000000000000000000e+00 0.000000000000000000e+00
2.800999999999999779e-04 2.323064440000000000e+12 0.000000000000000000e+00 0.000000000000000000e+00
2.801999999999999803e-04 2.345803050000000000e+12 0.000000000000000000e+00 0.000000000000000000e+00
2.802999999999999828e-04 2.368498830000000000e+12 0.000000000000000000e+00 0.000000000000000000e+00
2.803999999999999852e-04 2.391151780000000000e+12 0.000000000000000000e+00 0.000000000000000000e+00
2.804999999999999876e-04 2.413761860000000000e+12 0.000000000000000000e+00 0.000000000000000000e+00
2.805999999999999901e-04 2.436329070000000000e+12 0.000000000000000000e+00 0.000000000000000000e+00
2.806999999999999925e-04 2.458853390000000000e+12 0.000000000000000000e+00 0.000000000000000000e+00
2.807999999999999949e-04 2.481334790000000000e+12 0.000000000000000000e+00 0.000000000000000000e+00
2.808999999999999973e-04 2.503773280000000000e+12 0.000000000000000000e+00 0.000000000000000000e+00
2.809999999999999998e-04 2.526168820000000000e+12 0.000000000000000000e+00 0.000000000000000000e+00
2.811000000000000022e-04 2.548521410000000000e+12 0.000000000000000000e+00 0.000000000000000000e+00
2.812000000000000046e-04 2.570831030000000000e+12 0.000000000000000000e+00 0.000000000000000000e+00
2.813000000000000071e-04 2.593097660000000000e+12 0.000000000000000000e+00 0.000000000000000000e+00
2.814000000000000095e-04 2.615321280000000000e+12 0.000000000000000000e+00 0.000000000000000000e+00
2.815000000000000119e-04 2.637501900000000000e+12 0.000000000000000000e+00 0.000000000000000000e+00
2.816000000000000144e-04 2.659639480000000000e+12 0.000000000000000000e+00 0.000000000000000000e+00
2.817000000000000168e-04 2.681734010000000000e+12 0.000000000000000000e+00 0.000000000000000000e+00
2.818000000000000192e-04 2.703785480000000000e+12 0.000000000000000000e+00 0.000000000000000000e+00
2.819000000000000217e-04 2.725793880000000000e+12 0.000000000000000000e+00 0.000000000000000000e+00
2.820000000000000241e-04 2.747759190000000000e+12 0.000000000000000000e+00 0.000000000000000000e+00
2.821000000000000265e-04 2.769681390000000000e+12 0.000000000000000000e+00 0.000000000000000000e+00
2.821999999999999747e-04 2.791560480000000000e+12 0.000000000000000000e+00 0.000000000000000000e+00
2.822999999999999772e-04 2.813396440000000000e+12 0.000000000000000000e+00 0.000000000000000000e+00
2.823999999999999796e-04 2.835189250000000000e+12 0.000000000000000000e+00 0.000000000000000000e+00
2.824999999999999820e-04 2.856938910000000000e+12 0.000000000000000000e+00 0.000000000000000000e+00
2.825999999999999845e-04 2.878645390000000000e+12 0.000000000000000000e+00 0.000000000000000000e+00
2.826999999999999869e-04 2.900308700000000000e+12 0.000000000000000000e+00 0.000000000000000000e+00
2.827999999999999893e-04 2.921928810000000000e+12 0.000000000000000000e+00 0.000000000000000000e+00
2.828999999999999918e-04 2.943505710000000000e+12 0.000000000000000000e+00 0.000000000000000000e+00
2.829999999999999942e-04 2.965039390000000000e+12 0.000000000000000000e+00 0.000000000000000000e+00
2.830999999999999966e-04 2.986529830000000000e+12 0.000000000000000000e+00 0.000000000000000000e+00
2.831999999999999990e-04 3.007977040000000000e+12 0.000000000000000000e+00 0.000000000000000000e+00
2.833000000000000015e-04 3.029380980000000000e+12 0.000000000000000000e+00 0.000000000000000000e+00
2.834000000000000039e-04 3.050741660000000000e+12 0.000000000000000000e+00 0.000000000000000000e+00
2.835000000000000063e-04 3.072059060000000000e+12 0.000000000000000000e+00 0.000000000000000000e+00
2.836000000000000088e-04 3.093333170000000000e+12 0.000000000000000000e+00 0.000000000000000000e+00
2.837000000000000112e-04 3.114563970000000000e+12 0.000000000000000000e+00 0.000000000000000000e+00
2.838000000000000136e-04 3.135751470000000000e+12 0.000000000000000000e+00 0.000000000000000000e+00
2.839000000000000161e-04 3.156895630000000000e+12 0.000000000000000000e+00 0.000000000000000000e+00
2.840000000000000185e-04 3.177996470000000000e+12 0.000000000000000000e+00 0.000000000000000000e+00
2.841000000000000209e-04 3.199053960000000000e+12 0.000000000000000000e+00 0.000000000000000000e+00
2.842000000000000234e-04 3.220068090000000000e+12 0.000000000000000000e+00 0.000000000000000000e+00
2.843000000000000258e-04 3.241038860000000000e+12 0.000000000000000000e+00 0.000000000000000000e+00
2.843999999999999740e-04 3.261966260000000000e+12 0.000000000000000000e+00 0.000000000000000000e+00
2.844999999999999764e-04 3.282850270000000000e+12 0.000000000000000000e+00 0.000000000000000000e+00
2.845999999999999789e-04 3.303690880000000000e+12 0.000000000000000000e+00 0.000000000000000000e+00
2.846999999999999813e-04 3.324488090000000000e+12 0.000000000000000000e+00 0.000000000000000000e+00
2.847999999999999837e-04 3.345241890000000000e+12 0.000000000000000000e+00 0.000000000000000000e+00
2.848999999999999862e-04 3.365952270000000000e+12 0.000000000000000000e+00 0.000000000000000000e+00
2.849999999999999886e-04 3.386619210000000000e+12 0.000000000000000000e+00 0.000000000000000000e+00
2.850999999999999910e-04 3.407242720000000000e+12 0.000000000000000000e+00 0.000000000000000000e+00
2.851999999999999934e-04 3.427822770000000000e+12 0.000000000000000000e+00 0.000000000000000000e+00
2.852999999999999959e-04 3.448359370000000000e+12 0.000000000000000000e+00 0.000000000000000000e+00
2.853999999999999983e-04 3.468852510000000000e+12 0.000000000000000000e+00 0.000000000000000000e+00
2.855000000000000007e-04 3.489302170000000000e+12 0.000000000000000000e+00 0.000000000000000000e+00
2.856000000000000032e-04 3.509708350000000000e+12 0.000000000000000000e+00 0.000000000000000000e+00
2.857000000000000056e-04 3.530071040000000000e+12 0.000000000000000000e+00 0.000000000000000000e+00
2.858000000000000080e-04 3.550390240000000000e+12 0.000000000000000000e+00 0.000000000000000000e+00
2.859000000000000105e-04 3.570665930000000000e+12 0.000000000000000000e+00 0.000000000000000000e+00
2.860000000000000129e-04 3.590898120000000000e+12 0.000000000000000000e+00 0.000000000000000000e+00
2.861000000000000153e-04 3.611086780000000000e+12 0.000000000000000000e+00 0.000000000000000000e+00
2.862000000000000178e-04 3.631231920000000000e+12 0.000000000000000000e+00 0.000000000000000000e+00
2.863000000000000202e-04 3.651333530000000000e+12 0.000000000000000000e+00 0.000000000000000000e+00
2.864000000000000226e-04 3.671391600000000000e+12 0.000000000000000000e+00 0.000000000000000000e+00
2.865000000000000250e-04 3.691406120000000000e+12 0.000000000000000000e+00 0.000000000000000000e+00
2.865999999999999733e-04 3.711377100000000000e+12 0.000000000000000000e+00 0.000000000000000000e+00
2.866999999999999757e-04 3.731304520000000000e+12 0.000000000000000000e+00 0.000000000000000000e+00
2.867999999999999781e-04 3.751188370000000000e+12 0.000000000000000000e+00 0.000000000000000000e+00
2.868999999999999806e-04 3.771028660000000000e+12 0.000000000000000000e+00 0.000000000000000000e+00
2.869999999999999830e-04 3.790825380000000000e+12 0.000000000000000000e+00 0.000000000000000000e+00
2.870999999999999854e-04 3.810578510000000000e+12 0.000000000000000000e+00 0.000000000000000000e+00
2.871999999999999879e-04 3.830288060000000000e+12 0.000000000000000000e+00 0.000000000000000000e+00
2.872999999999999903e-04 3.849954020000000000e+12 0.000000000000000000e+00 0.000000000000000000e+00
2.873999999999999927e-04 3.869576390000000000e+12 0.000000000000000000e+00 0.000000000000000000e+00
2.874999999999999951e-04 3.889155160000000000e+12 0.000000000000000000e+00 0.000000000000000000e+00
2.875999999999999976e-04 3.908690320000000000e+12 0.000000000000000000e+00 0.000000000000000000e+00
2.877000000000000000e-04 3.928181880000000000e+12 0.000000000000000000e+00 0.000000000000000000e+00
2.878000000000000024e-04 3.947629830000000000e+12 0.000000000000000000e+00 0.000000000000000000e+00
2.879000000000000049e-04 3.967034150000000000e+12 0.000000000000000000e+00 0.000000000000000000e+00
2.880000000000000073e-04 3.986394860000000000e+12 0.000000000000000000e+00 0.000000000000000000e+00
2.881000000000000097e-04 4.005711950000000000e+12 0.000000000000000000e+00 0.000000000000000000e+00
2.882000000000000122e-04 4.024985400000000000e+12 0.000000000000000000e+00 0.000000000000000000e+00
2.883000000000000146e-04 4.044215230000000000e+12 0.000000000000000000e+00 0.000000000000000000e+00
2.884000000000000170e-04 4.063401420000000000e+12 0.000000000000000000e+00 0.000000000000000000e+00
2.885000000000000194e-04 4.082543980000000000e+12 0.000000000000000000e+00 0.000000000000000000e+00
2.886000000000000219e-04 4.101642890000000000e+12 0.000000000000000000e+00 0.000000000000000000e+00
2.887000000000000243e-04 4.120698160000000000e+12 0.000000000000000000e+00 0.000000000000000000e+00
2.888000000000000267e-04 4.139709790000000000e+12 0.000000000000000000e+00 0.000000000000000000e+00
2.888999999999999750e-04 4.158677770000000000e+12 0.000000000000000000e+00 0.000000000000000000e+00
2.889999999999999774e-04 4.177602090000000000e+12 0.000000000000000000e+00 0.000000000000000000e+00
2.890999999999999798e-04 4.196482770000000000e+12 0.000000000000000000e+00 0.000000000000000000e+00
2.891999999999999823e-04 4.215319790000000000e+12 0.000000000000000000e+00 0.000000000000000000e+00
2.892999999999999847e-04 4.234113150000000000e+12 0.000000000000000000e+00 0.000000000000000000e+00
2.893999999999999871e-04 4.252862860000000000e+12 0.000000000000000000e+00 0.000000000000000000e+00
2.894999999999999895e-04 4.271568910000000000e+12 0.000000000000000000e+00 0.000000000000000000e+00
2.895999999999999920e-04 4.290231290000000000e+12 0.000000000000000000e+00 0.000000000000000000e+00
2.896999999999999944e-04 4.308850020000000000e+12 0.000000000000000000e+00 0.000000000000000000e+00
2.897999999999999968e-04 4.327425080000000000e+12 0.000000000000000000e+00 0.000000000000000000e+00
2.898999999999999993e-04 4.345956480000000000e+12 0.000000000000000000e+00 0.000000000000000000e+00
2.900000000000000017e-04 4.364444210000000000e+12 0.000000000000000000e+00 0.000000000000000000e+00
2.901000000000000041e-04 4.382888280000000000e+12 0.000000000000000000e+00 0.000000000000000000e+00
2.902000000000000066e-04 4.401288690000000000e+12 0.000000000000000000e+00 0.000000000000000000e+00
2.903000000000000090e-04 4.419645430000000000e+12 0.000000000000000000e+00 0.000000000000000000e+00
2.904000000000000114e-04 4.437958500000000000e+12 0.000000000000000000e+00 0.000000000000000000e+00
2.905000000000000139e-04 4.456227910000000000e+12 0.000000000000000000e+00 0.000000000000000000e+00
2.906000000000000163e-04 4.474453650000000000e+12 0.000000000000000000e+00 0.000000000000000000e+00
2.907000000000000187e-04 4.492635720000000000e+12 0.000000000000000000e+00 0.000000000000000000e+00
2.908000000000000211e-04 4.510774140000000000e+12 0.000000000000000000e+00 0.000000000000000000e+00
2.909000000000000236e-04 4.528868890000000000e+12 0.000000000000000000e+00 0.000000000000000000e+00
2.910000000000000260e-04 4.546919970000000000e+12 0.000000000000000000e+00 0.000000000000000000e+00
2.910999999999999742e-04 4.564927400000000000e+12 0.000000000000000000e+00 0.000000000000000000e+00
2.911999999999999767e-04 4.582891160000000000e+12 0.000000000000000000e+00 0.000000000000000000e+00
2.912999999999999791e-04 4.600811270000000000e+12 0.000000000000000000e+00 0.000000000000000000e+00
2.913999999999999815e-04 4.618687720000000000e+12 0.000000000000000000e+00 0.000000000000000000e+00
2.914999999999999840e-04 4.636520510000000000e+12 0.000000000000000000e+00 0.000000000000000000e+00
2.915999999999999864e-04 4.654309650000000000e+12 0.000000000000000000e+00 0.000000000000000000e+00
2.916999999999999888e-04 4.672055140000000000e+12 0.000000000000000000e+00 0.000000000000000000e+00
2.917999999999999912e-04 4.689756970000000000e+12 0.000000000000000000e+00 0.000000000000000000e+00
2.918999999999999937e-04 4.707415160000000000e+12 0.000000000000000000e+00 0.000000000000000000e+00
2.919999999999999961e-04 4.725029700000000000e+12 0.000000000000000000e+00 0.000000000000000000e+00
2.920999999999999985e-04 4.742600600000000000e+12 0.000000000000000000e+00 0.000000000000000000e+00
2.922000000000000010e-04 4.760127870000000000e+12 0.000000000000000000e+00 0.000000000000000000e+00
2.923000000000000034e-04 4.777611490000000000e+12 0.000000000000000000e+00 0.000000000000000000e+00
2.924000000000000058e-04 4.795051480000000000e+12 0.000000000000000000e+00 0.000000000000000000e+00
2.925000000000000083e-04 4.812447840000000000e+12 0.000000000000000000e+00 0.000000000000000000e+00
2.926000000000000107e-04 4.829800570000000000e+12 0.000000000000000000e+00 0.000000000000000000e+00
2.927000000000000131e-04 4.847109670000000000e+12 0.000000000000000000e+00 0.000000000000000000e+00
2.928000000000000155e-04 4.864375160000000000e+12 0.000000000000000000e+00 0.000000000000000000e+00
2.929000000000000180e-04 4.881597030000000000e+12 0.000000000000000000e+00 0.000000000000000000e+00
2.930000000000000204e-04 4.898775290000000000e+12 0.000000000000000000e+00 0.000000000000000000e+00
2.931000000000000228e-04 4.915909940000000000e+12 0.000000000000000000e+00 0.000000000000000000e+00
2.932000000000000253e-04 4.933000980000000000e+12 0.000000000000000000e+00 0.000000000000000000e+00
2.932999999999999735e-04 4.950048430000000000e+12 0.000000000000000000e+00 0.000000000000000000e+00
2.933999999999999759e-04 4.967052280000000000e+12 0.000000000000000000e+00 0.000000000000000000e+00
2.934999999999999784e-04 4.984012540000000000e+12 0.000000000000000000e+00 0.000000000000000000e+00
2.935999999999999808e-04 5.000929210000000000e+12 0.000000000000000000e+00 0.000000000000000000e+00
2.936999999999999832e-04 5.017802300000000000e+12 0.000000000000000000e+00 0.000000000000000000e+00
2.937999999999999856e-04 5.034631820000000000e+12 0.000000000000000000e+00 0.000000000000000000e+00
2.938999999999999881e-04 5.051417760000000000e+12 0.000000000000000000e+00 0.000000000000000000e+00
2.939999999999999905e-04 5.068160140000000000e+12 0.000000000000000000e+00 0.000000000000000000e+00
2.940999999999999929e-04 5.084858970000000000e+12 0.000000000000000000e+00 0.000000000000000000e+00
2.941999999999999954e-04 5.101514240000000000e+12 0.000000000000000000e+00 0.000000000000000000e+00
2.942999999999999978e-04 5.118125960000000000e+12 0.000000000000000000e+00 0.000000000000000000e+00
2.944000000000000002e-04 5.134694140000000000e+12 0.000000000000000000e+00 0.000000000000000000e+00
2.945000000000000027e-04 5.151218780000000000e+12 0.000000000000000000e+00 0.000000000000000000e+00
2.946000000000000051e-04 5.167699900000000000e+12 0.000000000000000000e+00 0.000000000000000000e+00
2.947000000000000075e-04 5.184137490000000000e+12 0.000000000000000000e+00 0.000000000000000000e+00
2.948000000000000100e-04 5.200531570000000000e+12 0.000000000000000000e+00 0.000000000000000000e+00
2.949000000000000124e-04 5.216882130000000000e+12 0.000000000000000000e+00 0.000000000000000000e+00
2.950000000000000148e-04 5.233189200000000000e+12 0.000000000000000000e+00 0.000000000000000000e+00
2.951000000000000172e-04 5.249452770000000000e+12 0.000000000000000000e+00 0.000000000000000000e+00
2.952000000000000197e-04 5.265672850000000000e+12 0.000000000000000000e+00 0.000000000000000000e+00
2.953000000000000221e-04 5.281849450000000000e+12 0.000000000000000000e+00 0.000000000000000000e+00
2.954000000000000245e-04 5.297982580000000000e+12 0.000000000000000000e+00 0.000000000000000000e+00
2.955000000000000270e-04 5.314072240000000000e+12 0.000000000000000000e+00 0.000000000000000000e+00
2.955999999999999752e-04 5.330118450000000000e+12 0.000000000000000000e+00 0.000000000000000000e+00
2.956999999999999776e-04 5.346121210000000000e+12 0.000000000000000000e+00 0.000000000000000000e+00
2.957999999999999800e-04 5.362080520000000000e+12 0.000000000000000000e+00 0.000000000000000000e+00
2.958999999999999825e-04 5.377996400000000000e+12 0.000000000000000000e+00 0.000000000000000000e+00
2.959999999999999849e-04 5.393868860000000000e+12 0.000000000000000000e+00 0.000000000000000000e+00
2.960999999999999873e-04 5.409697900000000000e+12 0.000000000000000000e+00 0.000000000000000000e+00
2.961999999999999898e-04 5.425483530000000000e+12 0.000000000000000000e+00 0.000000000000000000e+00
2.962999999999999922e-04 5.441225760000000000e+12 0.000000000000000000e+00 0.000000000000000000e+00
2.963999999999999946e-04 5.456924610000000000e+12 0.000000000000000000e+00 0.000000000000000000e+00
2.964999999999999971e-04 5.472580070000000000e+12 0.000000000000000000e+00 0.000000000000000000e+00
2.965999999999999995e-04 5.488192160000000000e+12 0.000000000000000000e+00 0.000000000000000000e+00
2.967000000000000019e-04 5.503760890000000000e+12 0.000000000000000000e+00 0.000000000000000000e+00
2.968000000000000044e-04 5.519286260000000000e+12 0.000000000000000000e+00 0.000000000000000000e+00
2.969000000000000068e-04 5.534768290000000000e+12 0.000000000000000000e+00 0.000000000000000000e+00
2.970000000000000092e-04 5.550206990000000000e+12 0.000000000000000000e+00 0.000000000000000000e+00
2.971000000000000116e-04 5.565602370000000000e+12 0.000000000000000000e+00 0.000000000000000000e+00
2.972000000000000141e-04 5.580954430000000000e+12 0.000000000000000000e+00 0.000000000000000000e+00
2.973000000000000165e-04 5.596263190000000000e+12 0.000000000000000000e+00 0.000000000000000000e+00
2.974000000000000189e-04 5.611528650000000000e+12 0.000000000000000000e+00 0.000000000000000000e+00
2.975000000000000214e-04 5.626750840000000000e+12 0.000000000000000000e+00 0.000000000000000000e+00
2.976000000000000238e-04 5.641929750000000000e+12 0.000000000000000000e+00 0.000000000000000000e+00
2.977000000000000262e-04 5.657065400000000000e+12 0.000000000000000000e+00 0.000000000000000000e+00
2.977999999999999745e-04 5.672157800000000000e+12 0.000000000000000000e+00 0.000000000000000000e+00
2.978999999999999769e-04 5.687206960000000000e+12 0.000000000000000000e+00 0.000000000000000000e+00
2.979999999999999793e-04 5.702212900000000000e+12 0.000000000000000000e+00 0.000000000000000000e+00
2.980999999999999817e-04 5.717175620000000000e+12 0.000000000000000000e+00 0.000000000000000000e+00
2.981999999999999842e-04 5.732095130000000000e+12 0.000000000000000000e+00 0.000000000000000000e+00
2.982999999999999866e-04 5.746971450000000000e+12 0.000000000000000000e+00 0.000000000000000000e+00
2.983999999999999890e-04 5.761804590000000000e+12 0.000000000000000000e+00 0.000000000000000000e+00
2.984999999999999915e-04 5.776594560000000000e+12 0.000000000000000000e+00 0.000000000000000000e+00
2.985999999999999939e-04 5.791341370000000000e+12 0.000000000000000000e+00 0.000000000000000000e+00
2.986999999999999963e-04 5.806045040000000000e+12 0.000000000000000000e+00 0.000000000000000000e+00
2.987999999999999988e-04 5.820705580000000000e+12 0.000000000000000000e+00 0.000000000000000000e+00
2.989000000000000012e-04 5.835322990000000000e+12 0.000000000000000000e+00 0.000000000000000000e+00
2.990000000000000036e-04 5.849897290000000000e+12 0.000000000000000000e+00 0.000000000000000000e+00
2.991000000000000061e-04 5.864428500000000000e+12 0.000000000000000000e+00 0.000000000000000000e+00
2.992000000000000085e-04 5.878916630000000000e+12 0.000000000000000000e+00 0.000000000000000000e+00
2.993000000000000109e-04 5.893361690000000000e+12 0.000000000000000000e+00 0.000000000000000000e+00
2.994000000000000133e-04 5.907763690000000000e+12 0.000000000000000000e+00 0.000000000000000000e+00
2.995000000000000158e-04 5.922122650000000000e+12 0.000000000000000000e+00 0.000000000000000000e+00
2.996000000000000182e-04 5.936438580000000000e+12 0.000000000000000000e+00 0.000000000000000000e+00
2.997000000000000206e-04 5.950711490000000000e+12 0.000000000000000000e+00 0.000000000000000000e+00
2.998000000000000231e-04 5.964941400000000000e+12 0.000000000000000000e+00 0.000000000000000000e+00
2.999000000000000255e-04 5.979128320000000000e+12 0.000000000000000000e+00 0.000000000000000000e+00
2.999999999999999737e-04 5.993272270000000000e+12 0.000000000000000000e+00 0.000000000000000000e+00
3.000999999999999761e-04 6.007373260000000000e+12 0.000000000000000000e+00 0.000000000000000000e+00
3.001999999999999786e-04 6.021431300000000000e+12 0.000000000000000000e+00 0.000000000000000000e+00
3.002999999999999810e-04 6.035446400000000000e+12 0.000000000000000000e+00 0.000000000000000000e+00
3.003999999999999834e-04 6.049418590000000000e+12 0.000000000000000000e+00 0.000000000000000000e+00
3.004999999999999859e-04 6.063347880000000000e+12 0.000000000000000000e+00 0.000000000000000000e+00
3.005999999999999883e-04 6.077234280000000000e+12 0.000000000000000000e+00 0.000000000000000000e+00
3.006999999999999907e-04 6.091077800000000000e+12 0.000000000000000000e+00 0.000000000000000000e+00
3.007999999999999932e-04 6.104878470000000000e+12 0.000000000000000000e+00 0.000000000000000000e+00
3.008999999999999956e-04 6.118636290000000000e+12 0.000000000000000000e+00 0.000000000000000000e+00
3.009999999999999980e-04 6.132351280000000000e+12 0.000000000000000000e+00 0.000000000000000000e+00
3.011000000000000005e-04 6.146023460000000000e+12 0.000000000000000000e+00 0.000000000000000000e+00
3.012000000000000029e-04 6.159652850000000000e+12 0.000000000000000000e+00 0.000000000000000000e+00
3.013000000000000053e-04 6.173239450000000000e+12 0.000000000000000000e+00 0.000000000000000000e+00
3.014000000000000077e-04 6.186783280000000000e+12 0.000000000000000000e+00 0.000000000000000000e+00
3.015000000000000102e-04 6.200284370000000000e+12 0.000000000000000000e+00 0.000000000000000000e+00
3.016000000000000126e-04 6.213742720000000000e+12 0.000000000000000000e+00 0.000000000000000000e+00
3.017000000000000150e-04 6.227158360000000000e+12 0.000000000000000000e+00 0.000000000000000000e+00
3.018000000000000175e-04 6.240531290000000000e+12 0.000000000000000000e+00 0.000000000000000000e+00
3.019000000000000199e-04 6.253861540000000000e+12 0.000000000000000000e+00 0.000000000000000000e+00
3.020000000000000223e-04 6.267149120000000000e+12 0.000000000000000000e+00 0.000000000000000000e+00
3.021000000000000248e-04 6.280394040000000000e+12 0.000000000000000000e+00 0.000000000000000000e+00
3.021999999999999730e-04 6.293596340000000000e+12 0.000000000000000000e+00 0.000000000000000000e+00
3.022999999999999754e-04 6.306756010000000000e+12 0.000000000000000000e+00 0.000000000000000000e+00
3.023999999999999778e-04 6.319873080000000000e+12 0.000000000000000000e+00 0.000000000000000000e+00
3.024999999999999803e-04 6.332947570000000000e+12 0.000000000000000000e+00 0.000000000000000000e+00
3.025999999999999827e-04 6.345979500000000000e+12 0.000000000000000000e+00 0.000000000000000000e+00
3.026999999999999851e-04 6.358968870000000000e+12 0.000000000000000000e+00 0.000000000000000000e+00
3.027999999999999876e-04 6.371915710000000000e+12 0.000000000000000000e+00 0.000000000000000000e+00
3.028999999999999900e-04 6.384820040000000000e+12 0.000000000000000000e+00 0.000000000000000000e+00
3.029999999999999924e-04 6.397681870000000000e+12 0.000000000000000000e+00 0.000000000000000000e+00
3.030999999999999949e-04 6.410501230000000000e+12 0.000000000000000000e+00 0.000000000000000000e+00
3.031999999999999973e-04 6.423278120000000000e+12 0.000000000000000000e+00 0.000000000000000000e+00
3.032999999999999997e-04 6.436012570000000000e+12 0.000000000000000000e+00 0.000000000000000000e+00
3.034000000000000022e-04 6.448704600000000000e+12 0.000000000000000000e+00 0.000000000000000000e+00
3.035000000000000046e-04 6.461354230000000000e+12 0.000000000000000000e+00 0.000000000000000000e+00
3.036000000000000070e-04 6.473961470000000000e+12 0.000000000000000000e+00 0.000000000000000000e+00
3.037000000000000094e-04 6.486526340000000000e+12 0.000000000000000000e+00 0.000000000000000000e+00
3.038000000000000119e-04 6.499048860000000000e+12 0.000000000000000000e+00 0.000000000000000000e+00
3.039000000000000143e-04 6.511529050000000000e+12 0.000000000000000000e+00 0.000000000000000000e+00
3.040000000000000167e-04 6.523966930000000000e+12 0.000000000000000000e+00 0.000000000000000000e+00
3.041000000000000192e-04 6.536362520000000000e+12 0.000000000000000000e+00 0.000000000000000000e+00
3.042000000000000216e-04 6.548715840000000000e+12 0.000000000000000000e+00 0.000000000000000000e+00
3.043000000000000240e-04 6.561026900000000000e+12 0.000000000000000000e+00 0.000000000000000000e+00
3.044000000000000265e-04 6.573295730000000000e+12 0.000000000000000000e+00 0.000000000000000000e+00
3.044999999999999747e-04 6.585522350000000000e+12 0.000000000000000000e+00 0.000000000000000000e+00
3.045999999999999771e-04 6.597706770000000000e+12 0.000000000000000000e+00 0.000000000000000000e+00
3.046999999999999795e-04 6.609849020000000000e+12 0.000000000000000000e+00 0.000000000000000000e+00
3.047999999999999820e-04 6.621949110000000000e+12 0.000000000000000000e+00 0.000000000000000000e+00
3.048999999999999844e-04 6.634007080000000000e+12 0.000000000000000000e+00 0.000000000000000000e+00
3.049999999999999868e-04 6.646022920000000000e+12 0.000000000000000000e+00 0.000000000000000000e+00
3.050999999999999893e-04 6.657996680000000000e+12 0.000000000000000000e+00 0.000000000000000000e+00
3.051999999999999917e-04 6.669928360000000000e+12 0.000000000000000000e+00 0.000000000000000000e+00
3.052999999999999941e-04 6.681818000000000000e+12 0.000000000000000000e+00 0.000000000000000000e+00
3.053999999999999966e-04 6.693665600000000000e+12 0.000000000000000000e+00 0.000000000000000000e+00
3.054999999999999990e-04 6.705471190000000000e+12 0.000000000000000000e+00 0.000000000000000000e+00
3.056000000000000014e-04 6.717234790000000000e+12 0.000000000000000000e+00 0.000000000000000000e+00
3.057000000000000038e-04 6.728956420000000000e+12 0.000000000000000000e+00 0.000000000000000000e+00
3.058000000000000063e-04 6.740636110000000000e+12 0.000000000000000000e+00 0.000000000000000000e+00
3.059000000000000087e-04 6.752273870000000000e+12 0.000000000000000000e+00 0.000000000000000000e+00
3.060000000000000111e-04 6.763869730000000000e+12 0.000000000000000000e+00 0.000000000000000000e+00
3.061000000000000136e-04 6.775423700000000000e+12 0.000000000000000000e+00 0.000000000000000000e+00
3.062000000000000160e-04 6.786935820000000000e+12 0.000000000000000000e+00 0.000000000000000000e+00
3.063000000000000184e-04 6.798406100000000000e+12 0.000000000000000000e+00 0.000000000000000000e+00
3.064000000000000209e-04 6.809834560000000000e+12 0.000000000000000000e+00 0.000000000000000000e+00
3.065000000000000233e-04 6.821221220000000000e+12 0.000000000000000000e+00 0.000000000000000000e+00
3.066000000000000257e-04 6.832566120000000000e+12 0.000000000000000000e+00 0.000000000000000000e+00
3.066999999999999739e-04 6.843869260000000000e+12 0.000000000000000000e+00 0.000000000000000000e+00
3.067999999999999764e-04 6.855130680000000000e+12 0.000000000000000000e+00 0.000000000000000000e+00
3.068999999999999788e-04 6.866350390000000000e+12 0.000000000000000000e+00 0.000000000000000000e+00
3.069999999999999812e-04 6.877528420000000000e+12 0.000000000000000000e+00 0.000000000000000000e+00
3.070999999999999837e-04 6.888664790000000000e+12 0.000000000000000000e+00 0.000000000000000000e+00
3.071999999999999861e-04 6.899759520000000000e+12 0.000000000000000000e+00 0.000000000000000000e+00
3.072999999999999885e-04 6.910812640000000000e+12 0.000000000000000000e+00 0.000000000000000000e+00
3.073999999999999910e-04 6.921824170000000000e+12 0.000000000000000000e+00 0.000000000000000000e+00
3.074999999999999934e-04 6.932794130000000000e+12 0.000000000000000000e+00 0.000000000000000000e+00
3.075999999999999958e-04 6.943722550000000000e+12 0.000000000000000000e+00 0.000000000000000000e+00
3.076999999999999983e-04 6.954609440000000000e+12 0.000000000000000000e+00 0.000000000000000000e+00
3.078000000000000007e-04 6.965454840000000000e+12 0.000000000000000000e+00 0.000000000000000000e+00
3.079000000000000031e-04 6.976258770000000000e+12 0.000000000000000000e+00 0.000000000000000000e+00
3.080000000000000055e-04 6.987021250000000000e+12 0.000000000000000000e+00 0.000000000000000000e+00
3.081000000000000080e-04 6.997742300000000000e+12 0.000000000000000000e+00 0.000000000000000000e+00
3.082000000000000104e-04 7.008421950000000000e+12 0.000000000000000000e+00 0.000000000000000000e+00
3.083000000000000128e-04 7.019060230000000000e+12 0.000000000000000000e+00 0.000000000000000000e+00
3.084000000000000153e-04 7.029657150000000000e+12 0.000000000000000000e+00 0.000000000000000000e+00
3.085000000000000177e-04 7.040212740000000000e+12 0.000000000000000000e+00 0.000000000000000000e+00
3.086000000000000201e-04 7.050727030000000000e+12 0.000000000000000000e+00 0.000000000000000000e+00
3.087000000000000226e-04 7.061200040000000000e+12 0.000000000000000000e+00 0.000000000000000000e+00
3.088000000000000250e-04 7.071631790000000000e+12 0.000000000000000000e+00 0.000000000000000000e+00
3.088999999999999732e-04 7.082022320000000000e+12 0.000000000000000000e+00 0.000000000000000000e+00
3.089999999999999756e-04 7.092371640000000000e+12 0.000000000000000000e+00 0.000000000000000000e+00
3.090999999999999781e-04 7.102679770000000000e+12 0.000000000000000000e+00 0.000000000000000000e+00
3.091999999999999805e-04 7.112946760000000000e+12 0.000000000000000000e+00 0.000000000000000000e+00
3.092999999999999829e-04 7.123172610000000000e+12 0.000000000000000000e+00 0.000000000000000000e+00
3.093999999999999854e-04 7.133357370000000000e+12 0.000000000000000000e+00 0.000000000000000000e+00
3.094999999999999878e-04 7.143501040000000000e+12 0.000000000000000000e+00 0.000000000000000000e+00
3.095999999999999902e-04 7.153603660000000000e+12 0.000000000000000000e+00 0.000000000000000000e+00
3.096999999999999927e-04 7.163665250000000000e+12 0.000000000000000000e+00 0.000000000000000000e+00
3.097999999999999951e-04 7.173685840000000000e+12 0.000000000000000000e+00 0.000000000000000000e+00
3.098999999999999975e-04 7.183665450000000000e+12 0.000000000000000000e+00 0.000000000000000000e+00
3.099999999999999999e-04 7.193604120000000000e+12 0.000000000000000000e+00 0.000000000000000000e+00
3.101000000000000024e-04 7.203501860000000000e+12 0.000000000000000000e+00 0.000000000000000000e+00
3.102000000000000048e-04 7.213358700000000000e+12 0.000000000000000000e+00 0.000000000000000000e+00
3.103000000000000072e-04 7.223174680000000000e+12 0.000000000000000000e+00 0.000000000000000000e+00
3.104000000000000097e-04 7.232949810000000000e+12 0.000000000000000000e+00 0.000000000000000000e+00
3.105000000000000121e-04 7.242684120000000000e+12 0.000000000000000000e+00 0.000000000000000000e+00
3.106000000000000145e-04 7.252377640000000000e+12 0.000000000000000000e+00 0.000000000000000000e+00
3.107000000000000170e-04 7.262030390000000000e+12 0.000000000000000000e+00 0.000000000000000000e+00
3.108000000000000194e-04 7.271642410000000000e+12 0.000000000000000000e+00 0.000000000000000000e+00
3.109000000000000218e-04 7.281213720000000000e+12 0.000000000000000000e+00 0.000000000000000000e+00
3.110000000000000243e-04 7.290744350000000000e+12 0.000000000000000000e+00 0.000000000000000000e+00
3.111000000000000267e-04 7.300234310000000000e+12 0.000000000000000000e+00 0.000000000000000000e+00
3.111999999999999749e-04 7.309683650000000000e+12 0.000000000000000000e+00 0.000000000000000000e+00
3.112999999999999773e-04 7.319092390000000000e+12 0.000000000000000000e+00 0.000000000000000000e+00
3.113999999999999798e-04 7.328460550000000000e+12 0.000000000000000000e+00 0.000000000000000000e+00
3.114999999999999822e-04 7.337788170000000000e+12 0.000000000000000000e+00 0.000000000000000000e+00
3.115999999999999846e-04 7.347075270000000000e+12 0.000000000000000000e+00 0.000000000000000000e+00
3.116999999999999871e-04 7.356321880000000000e+12 0.000000000000000000e+00 0.000000000000000000e+00
3.117999999999999895e-04 7.365528020000000000e+12 0.000000000000000000e+00 0.000000000000000000e+00
3.118999999999999919e-04 7.374693730000000000e+12 0.000000000000000000e+00 0.000000000000000000e+00
3.119999999999999944e-04 7.383819040000000000e+12 0.000000000000000000e+00 0.000000000000000000e+00
3.120999999999999968e-04 7.392903960000000000e+12 0.000000000000000000e+00 0.000000000000000000e+00
3.121999999999999992e-04 7.401948540000000000e+12 0.000000000000000000e+00 0.000000000000000000e+00
3.123000000000000016e-04 7.410952790000000000e+12 0.000000000000000000e+00 0.000000000000000000e+00
3.124000000000000041e-04 7.419916750000000000e+12 0.000000000000000000e+00 0.000000000000000000e+00
3.125000000000000065e-04 7.428840450000000000e+12 0.000000000000000000e+00 0.000000000000000000e+00
3.126000000000000089e-04 7.437723910000000000e+12 0.000000000000000000e+00 0.000000000000000000e+00
3.127000000000000114e-04 7.446567160000000000e+12 0.000000000000000000e+00 0.000000000000000000e+00
3.128000000000000138e-04 7.455370240000000000e+12 0.000000000000000000e+00 0.000000000000000000e+00
3.129000000000000162e-04 7.464133170000000000e+12 0.000000000000000000e+00 0.000000000000000000e+00
3.130000000000000187e-04 7.472855980000000000e+12 0.000000000000000000e+00 0.000000000000000000e+00
3.131000000000000211e-04 7.481538690000000000e+12 0.000000000000000000e+00 0.000000000000000000e+00
3.132000000000000235e-04 7.490181350000000000e+12 0.000000000000000000e+00 0.000000000000000000e+00
3.133000000000000260e-04 7.498783970000000000e+12 0.000000000000000000e+00 0.000000000000000000e+00
3.133999999999999742e-04 7.507346600000000000e+12 0.000000000000000000e+00 0.000000000000000000e+00
3.134999999999999766e-04 7.515869250000000000e+12 0.000000000000000000e+00 0.000000000000000000e+00
3.135999999999999790e-04 7.524351950000000000e+12 0.000000000000000000e+00 0.000000000000000000e+00
3.136999999999999815e-04 7.532794750000000000e+12 0.000000000000000000e+00 0.000000000000000000e+00
3.137999999999999839e-04 7.541197660000000000e+12 0.000000000000000000e+00 0.000000000000000000e+00
3.138999999999999863e-04 7.549560720000000000e+12 0.000000000000000000e+00 0.000000000000000000e+00
3.139999999999999888e-04 7.557883960000000000e+12 0.000000000000000000e+00 0.000000000000000000e+00
3.140999999999999912e-04 7.566167400000000000e+12 0.000000000000000000e+00 0.000000000000000000e+00
3.141999999999999936e-04 7.574411080000000000e+12 0.000000000000000000e+00 0.000000000000000000e+00
3.142999999999999960e-04 7.582615040000000000e+12 0.000000000000000000e+00 0.000000000000000000e+00
3.143999999999999985e-04 7.590779290000000000e+12 0.000000000000000000e+00 0.000000000000000000e+00
3.145000000000000009e-04 7.598903870000000000e+12 0.000000000000000000e+00 0.000000000000000000e+00
3.146000000000000033e-04 7.606988810000000000e+12 0.000000000000000000e+00 0.000000000000000000e+00
3.147000000000000058e-04 7.615034140000000000e+12 0.000000000000000000e+00 0.000000000000000000e+00
3.148000000000000082e-04 7.623039890000000000e+12 0.000000000000000000e+00 0.000000000000000000e+00
3.149000000000000106e-04 7.631006100000000000e+12 0.000000000000000000e+00 0.000000000000000000e+00
3.150000000000000131e-04 7.638932790000000000e+12 0.000000000000000000e+00 0.000000000000000000e+00
3.151000000000000155e-04 7.646819990000000000e+12 0.000000000000000000e+00 0.000000000000000000e+00
3.152000000000000179e-04 7.654667750000000000e+12 0.000000000000000000e+00 0.000000000000000000e+00
3.153000000000000204e-04 7.662476080000000000e+12 0.000000000000000000e+00 0.000000000000000000e+00
3.154000000000000228e-04 7.670245020000000000e+12 0.000000000000000000e+00 0.000000000000000000e+00
3.155000000000000252e-04 7.677974600000000000e+12 0.000000000000000000e+00 0.000000000000000000e+00
3.155999999999999734e-04 7.685664860000000000e+12 0.000000000000000000e+00 0.000000000000000000e+00
3.156999999999999759e-04 7.693315820000000000e+12 0.000000000000000000e+00 0.000000000000000000e+00
3.157999999999999783e-04 7.700927520000000000e+12 0.000000000000000000e+00 0.000000000000000000e+00
3.158999999999999807e-04 7.708499980000000000e+12 0.000000000000000000e+00 0.000000000000000000e+00
3.159999999999999832e-04 7.716033250000000000e+12 0.000000000000000000e+00 0.000000000000000000e+00
3.160999999999999856e-04 7.723527350000000000e+12 0.000000000000000000e+00 0.000000000000000000e+00
3.161999999999999880e-04 7.730982310000000000e+12 0.000000000000000000e+00 0.000000000000000000e+00
3.162999999999999905e-04 7.738398170000000000e+12 0.000000000000000000e+00 0.000000000000000000e+00
3.163999999999999929e-04 7.745774960000000000e+12 0.000000000000000000e+00 0.000000000000000000e+00
3.164999999999999953e-04 7.753112720000000000e+12 0.000000000000000000e+00 0.000000000000000000e+00
3.165999999999999977e-04 7.760411460000000000e+12 0.000000000000000000e+00 0.000000000000000000e+00
3.167000000000000002e-04 7.767671240000000000e+12 0.000000000000000000e+00 0.000000000000000000e+00
3.168000000000000026e-04 7.774892080000000000e+12 0.000000000000000000e+00 0.000000000000000000e+00
3.169000000000000050e-04 7.782074010000000000e+12 0.000000000000000000e+00 0.000000000000000000e+00
3.170000000000000075e-04 7.789217060000000000e+12 0.000000000000000000e+00 0.000000000000000000e+00
3.171000000000000099e-04 7.796321280000000000e+12 0.000000000000000000e+00 0.000000000000000000e+00
3.172000000000000123e-04 7.803386690000000000e+12 0.000000000000000000e+00 0.000000000000000000e+00
3.173000000000000148e-04 7.810413320000000000e+12 0.000000000000000000e+00 0.000000000000000000e+00
3.174000000000000172e-04 7.817401210000000000e+12 0.000000000000000000e+00 0.000000000000000000e+00
3.175000000000000196e-04 7.824350400000000000e+12 0.000000000000000000e+00 0.000000000000000000e+00
3.176000000000000221e-04 7.831260910000000000e+12 0.000000000000000000e+00 0.000000000000000000e+00
3.177000000000000245e-04 7.838132780000000000e+12 0.000000000000000000e+00 0.000000000000000000e+00
3.178000000000000269e-04 7.844966040000000000e+12 0.000000000000000000e+00 0.000000000000000000e+00
3.178999999999999751e-04 7.851760730000000000e+12 0.000000000000000000e+00 0.000000000000000000e+00
3.179999999999999776e-04 7.858516890000000000e+12 0.000000000000000000e+00 0.000000000000000000e+00
3.180999999999999800e-04 7.865234530000000000e+12 0.000000000000000000e+00 0.000000000000000000e+00
3.181999999999999824e-04 7.871913710000000000e+12 0.000000000000000000e+00 0.000000000000000000e+00
3.182999999999999849e-04 7.878554450000000000e+12 0.000000000000000000e+00 0.000000000000000000e+00
3.183999999999999873e-04 7.885156780000000000e+12 0.000000000000000000e+00 0.000000000000000000e+00
3.184999999999999897e-04 7.891720750000000000e+12 0.000000000000000000e+00 0.000000000000000000e+00
3.185999999999999921e-04 7.898246380000000000e+12 0.000000000000000000e+00 0.000000000000000000e+00
3.186999999999999946e-04 7.904733720000000000e+12 0.000000000000000000e+00 0.000000000000000000e+00
3.187999999999999970e-04 7.911182790000000000e+12 0.000000000000000000e+00 0.000000000000000000e+00
3.188999999999999994e-04 7.917593620000000000e+12 0.000000000000000000e+00 0.000000000000000000e+00
3.190000000000000019e-04 7.923966270000000000e+12 0.000000000000000000e+00 0.000000000000000000e+00
3.191000000000000043e-04 7.930300750000000000e+12 0.000000000000000000e+00 0.000000000000000000e+00
3.192000000000000067e-04 7.936597100000000000e+12 0.000000000000000000e+00 0.000000000000000000e+00
3.193000000000000092e-04 7.942855370000000000e+12 0.000000000000000000e+00 0.000000000000000000e+00
3.194000000000000116e-04 7.949075580000000000e+12 0.000000000000000000e+00 0.000000000000000000e+00
3.195000000000000140e-04 7.955257760000000000e+12 0.000000000000000000e+00 0.000000000000000000e+00
3.196000000000000165e-04 7.961401970000000000e+12 0.000000000000000000e+00 0.000000000000000000e+00
3.197000000000000189e-04 7.967508220000000000e+12 0.000000000000000000e+00 0.000000000000000000e+00
3.198000000000000213e-04 7.973576560000000000e+12 0.000000000000000000e+00 0.000000000000000000e+00
3.199000000000000237e-04 7.979607010000000000e+12 0.000000000000000000e+00 0.000000000000000000e+00
3.200000000000000262e-04 7.985599630000000000e+12 0.000000000000000000e+00 0.000000000000000000e+00
3.200999999999999744e-04 7.991554430000000000e+12 0.000000000000000000e+00 0.000000000000000000e+00
3.201999999999999768e-04 7.997471470000000000e+12 0.000000000000000000e+00 0.000000000000000000e+00
3.202999999999999793e-04 8.003350760000000000e+12 0.000000000000000000e+00 0.000000000000000000e+00
3.203999999999999817e-04 8.009192360000000000e+12 0.000000000000000000e+00 0.000000000000000000e+00
3.204999999999999841e-04 8.014996290000000000e+12 0.000000000000000000e+00 0.000000000000000000e+00
3.205999999999999866e-04 8.020762590000000000e+12 0.000000000000000000e+00 0.000000000000000000e+00
3.206999999999999890e-04 8.026491310000000000e+12 0.000000000000000000e+00 0.000000000000000000e+00
3.207999999999999914e-04 8.032182460000000000e+12 0.000000000000000000e+00 0.000000000000000000e+00
3.208999999999999938e-04 8.037836090000000000e+12 0.000000000000000000e+00 0.000000000000000000e+00
3.209999999999999963e-04 8.043452240000000000e+12 0.000000000000000000e+00 0.000000000000000000e+00
3.210999999999999987e-04 8.049030950000000000e+12 0.000000000000000000e+00 0.000000000000000000e+00
3.212000000000000011e-04 8.054572240000000000e+12 0.000000000000000000e+00 0.000000000000000000e+00
3.213000000000000036e-04 8.060076160000000000e+12 0.000000000000000000e+00 0.000000000000000000e+00
3.214000000000000060e-04 8.065542740000000000e+12 0.000000000000000000e+00 0.000000000000000000e+00
3.215000000000000084e-04 8.070972020000000000e+12 0.000000000000000000e+00 0.000000000000000000e+00
3.216000000000000109e-04 8.076364030000000000e+12 0.000000000000000000e+00 0.000000000000000000e+00
3.217000000000000133e-04 8.081718820000000000e+12 0.000000000000000000e+00 0.000000000000000000e+00
3.218000000000000157e-04 8.087036420000000000e+12 0.000000000000000000e+00 0.000000000000000000e+00
3.219000000000000182e-04 8.092316870000000000e+12 0.000000000000000000e+00 0.000000000000000000e+00
3.220000000000000206e-04 8.097560200000000000e+12 0.000000000000000000e+00 0.000000000000000000e+00
3.221000000000000230e-04 8.102766450000000000e+12 0.000000000000000000e+00 0.000000000000000000e+00
3.222000000000000254e-04 8.107935670000000000e+12 0.000000000000000000e+00 0.000000000000000000e+00
3.222999999999999737e-04 8.113067880000000000e+12 0.000000000000000000e+00 0.000000000000000000e+00
3.223999999999999761e-04 8.118163120000000000e+12 0.000000000000000000e+00 0.000000000000000000e+00
3.224999999999999785e-04 8.123221430000000000e+12 0.000000000000000000e+00 0.000000000000000000e+00
3.225999999999999810e-04 8.128242860000000000e+12 0.000000000000000000e+00 0.000000000000000000e+00
3.226999999999999834e-04 8.133227430000000000e+12 0.000000000000000000e+00 0.000000000000000000e+00
3.227999999999999858e-04 8.138175180000000000e+12 0.000000000000000000e+00 0.000000000000000000e+00
3.228999999999999882e-04 8.143086160000000000e+12 0.000000000000000000e+00 0.000000000000000000e+00
3.229999999999999907e-04 8.147960390000000000e+12 0.000000000000000000e+00 0.000000000000000000e+00
3.230999999999999931e-04 8.152797930000000000e+12 0.000000000000000000e+00 0.000000000000000000e+00
3.231999999999999955e-04 8.157598800000000000e+12 0.000000000000000000e+00 0.000000000000000000e+00
3.232999999999999980e-04 8.162363050000000000e+12 0.000000000000000000e+00 0.000000000000000000e+00
3.234000000000000004e-04 8.167090710000000000e+12 0.000000000000000000e+00 0.000000000000000000e+00
3.235000000000000028e-04 8.171781820000000000e+12 0.000000000000000000e+00 0.000000000000000000e+00
3.236000000000000053e-04 8.176436420000000000e+12 0.000000000000000000e+00 0.000000000000000000e+00
3.237000000000000077e-04 8.181054550000000000e+12 0.000000000000000000e+00 0.000000000000000000e+00
3.238000000000000101e-04 8.185636240000000000e+12 0.000000000000000000e+00 0.000000000000000000e+00
3.239000000000000126e-04 8.190181540000000000e+12 0.000000000000000000e+00 0.000000000000000000e+00
3.240000000000000150e-04 8.194690480000000000e+12 0.000000000000000000e+00 0.000000000000000000e+00
3.241000000000000174e-04 8.199163110000000000e+12 0.000000000000000000e+00 0.000000000000000000e+00
3.242000000000000198e-04 8.203599460000000000e+12 0.000000000000000000e+00 0.000000000000000000e+00
3.243000000000000223e-04 8.207999560000000000e+12 0.000000000000000000e+00 0.000000000000000000e+00
3.244000000000000247e-04 8.212363470000000000e+12 0.000000000000000000e+00 0.000000000000000000e+00
3.244999999999999729e-04 8.216691210000000000e+12 0.000000000000000000e+00 0.000000000000000000e+00
3.245999999999999754e-04 8.220982830000000000e+12 0.000000000000000000e+00 0.000000000000000000e+00
3.246999999999999778e-04 8.225238370000000000e+12 0.000000000000000000e+00 0.000000000000000000e+00
3.247999999999999802e-04 8.229457860000000000e+12 0.000000000000000000e+00 0.000000000000000000e+00
3.248999999999999827e-04 8.233641350000000000e+12 0.000000000000000000e+00 0.000000000000000000e+00
3.249999999999999851e-04 8.237788870000000000e+12 0.000000000000000000e+00 0.000000000000000000e+00
3.250999999999999875e-04 8.241900470000000000e+12 0.000000000000000000e+00 0.000000000000000000e+00
3.251999999999999899e-04 8.245976180000000000e+12 0.000000000000000000e+00 0.000000000000000000e+00
3.252999999999999924e-04 8.250016040000000000e+12 0.000000000000000000e+00 0.000000000000000000e+00
3.253999999999999948e-04 8.254020100000000000e+12 0.000000000000000000e+00 0.000000000000000000e+00
3.254999999999999972e-04 8.257988380000000000e+12 0.000000000000000000e+00 0.000000000000000000e+00
3.255999999999999997e-04 8.261920940000000000e+12 0.000000000000000000e+00 0.000000000000000000e+00
3.257000000000000021e-04 8.265817810000000000e+12 0.000000000000000000e+00 0.000000000000000000e+00
3.258000000000000045e-04 8.269679040000000000e+12 0.000000000000000000e+00 0.000000000000000000e+00
3.259000000000000070e-04 8.273504650000000000e+12 0.000000000000000000e+00 0.000000000000000000e+00
3.260000000000000094e-04 8.277294700000000000e+12 0.000000000000000000e+00 0.000000000000000000e+00
3.261000000000000118e-04 8.281049220000000000e+12 0.000000000000000000e+00 0.000000000000000000e+00
3.262000000000000142e-04 8.284768250000000000e+12 0.000000000000000000e+00 0.000000000000000000e+00
3.263000000000000167e-04 8.288451830000000000e+12 0.000000000000000000e+00 0.000000000000000000e+00
3.264000000000000191e-04 8.292100010000000000e+12 0.000000000000000000e+00 0.000000000000000000e+00
3.265000000000000215e-04 8.295712820000000000e+12 0.000000000000000000e+00 0.000000000000000000e+00
3.266000000000000240e-04 8.299290300000000000e+12 0.000000000000000000e+00 0.000000000000000000e+00
3.267000000000000264e-04 8.302832500000000000e+12 0.000000000000000000e+00 0.000000000000000000e+00
3.267999999999999746e-04 8.306339450000000000e+12 0.000000000000000000e+00 0.000000000000000000e+00
3.268999999999999771e-04 8.309811200000000000e+12 0.000000000000000000e+00 0.000000000000000000e+00
3.269999999999999795e-04 8.313247780000000000e+12 0.000000000000000000e+00 0.000000000000000000e+00
3.270999999999999819e-04 8.316649240000000000e+12 0.000000000000000000e+00 0.000000000000000000e+00
3.271999999999999843e-04 8.320015620000000000e+12 0.000000000000000000e+00 0.000000000000000000e+00
3.272999999999999868e-04 8.323346960000000000e+12 0.000000000000000000e+00 0.000000000000000000e+00
3.273999999999999892e-04 8.326643300000000000e+12 0.000000000000000000e+00 0.000000000000000000e+00
3.274999999999999916e-04 8.329904680000000000e+12 0.000000000000000000e+00 0.000000000000000000e+00
3.275999999999999941e-04 8.333131140000000000e+12 0.000000000000000000e+00 0.000000000000000000e+00
3.276999999999999965e-04 8.336322720000000000e+12 0.000000000000000000e+00 0.000000000000000000e+00
3.277999999999999989e-04 8.339479470000000000e+12 0.000000000000000000e+00 0.000000000000000000e+00
3.279000000000000014e-04 8.342601420000000000e+12 0.000000000000000000e+00 0.000000000000000000e+00
3.280000000000000038e-04 8.345688620000000000e+12 0.000000000000000000e+00 0.000000000000000000e+00
3.281000000000000062e-04 8.348741110000000000e+12 0.000000000000000000e+00 0.000000000000000000e+00
3.282000000000000087e-04 8.351758930000000000e+12 0.000000000000000000e+00 0.000000000000000000e+00
3.283000000000000111e-04 8.354742120000000000e+12 0.000000000000000000e+00 0.000000000000000000e+00
3.284000000000000135e-04 8.357690730000000000e+12 0.000000000000000000e+00 0.000000000000000000e+00
3.285000000000000159e-04 8.360604790000000000e+12 0.000000000000000000e+00 0.000000000000000000e+00
3.286000000000000184e-04 8.363484340000000000e+12 0.000000000000000000e+00 0.000000000000000000e+00
3.287000000000000208e-04 8.366329440000000000e+12 0.000000000000000000e+00 0.000000000000000000e+00
3.288000000000000232e-04 8.369140110000000000e+12 0.000000000000000000e+00 0.000000000000000000e+00
3.289000000000000257e-04 8.371916410000000000e+12 0.000000000000000000e+00 0.000000000000000000e+00
3.289999999999999739e-04 8.374658370000000000e+12 0.000000000000000000e+00 0.000000000000000000e+00
3.290999999999999763e-04 8.377366030000000000e+12 0.000000000000000000e+00 0.000000000000000000e+00
3.291999999999999788e-04 8.380039450000000000e+12 0.000000000000000000e+00 0.000000000000000000e+00
3.292999999999999812e-04 8.382678660000000000e+12 0.000000000000000000e+00 0.000000000000000000e+00
3.293999999999999836e-04 8.385283690000000000e+12 0.000000000000000000e+00 0.000000000000000000e+00
3.294999999999999860e-04 8.387854610000000000e+12 0.000000000000000000e+00 0.000000000000000000e+00
3.295999999999999885e-04 8.390391440000000000e+12 0.000000000000000000e+00 0.000000000000000000e+00
3.296999999999999909e-04 8.392894230000000000e+12 0.000000000000000000e+00 0.000000000000000000e+00
3.297999999999999933e-04 8.395363020000000000e+12 0.000000000000000000e+00 0.000000000000000000e+00
3.298999999999999958e-04 8.397797860000000000e+12 0.000000000000000000e+00 0.000000000000000000e+00
3.299999999999999982e-04 8.400198790000000000e+12 0.000000000000000000e+00 0.000000000000000000e+00
3.301000000000000006e-04 8.402565840000000000e+12 0.000000000000000000e+00 0.000000000000000000e+00
3.302000000000000031e-04 8.404899070000000000e+12 0.000000000000000000e+00 0.000000000000000000e+00
3.303000000000000055e-04 8.407198510000000000e+12 0.000000000000000000e+00 0.000000000000000000e+00
3.304000000000000079e-04 8.409464210000000000e+12 0.000000000000000000e+00 0.000000000000000000e+00
3.305000000000000103e-04 8.411696210000000000e+12 0.000000000000000000e+00 0.000000000000000000e+00
3.306000000000000128e-04 8.413894560000000000e+12 0.000000000000000000e+00 0.000000000000000000e+00
3.307000000000000152e-04 8.416059290000000000e+12 0.000000000000000000e+00 0.000000000000000000e+00
3.308000000000000176e-04 8.418190460000000000e+12 0.000000000000000000e+00 0.000000000000000000e+00
3.309000000000000201e-04 8.420288090000000000e+12 0.000000000000000000e+00 0.000000000000000000e+00
3.310000000000000225e-04 8.422352240000000000e+12 0.000000000000000000e+00 0.000000000000000000e+00
3.311000000000000249e-04 8.424382960000000000e+12 0.000000000000000000e+00 0.000000000000000000e+00
3.311999999999999732e-04 8.426380270000000000e+12 0.000000000000000000e+00 0.000000000000000000e+00
3.312999999999999756e-04 8.428344230000000000e+12 0.000000000000000000e+00 0.000000000000000000e+00
3.313999999999999780e-04 8.430274880000000000e+12 0.000000000000000000e+00 0.000000000000000000e+00
3.314999999999999804e-04 8.432172260000000000e+12 0.000000000000000000e+00 0.000000000000000000e+00
3.315999999999999829e-04 8.434036420000000000e+12 0.000000000000000000e+00 0.000000000000000000e+00
3.316999999999999853e-04 8.435867400000000000e+12 0.000000000000000000e+00 0.000000000000000000e+00
3.317999999999999877e-04 8.437665240000000000e+12 0.000000000000000000e+00 0.000000000000000000e+00
3.318999999999999902e-04 8.439429990000000000e+12 0.000000000000000000e+00 0.000000000000000000e+00
3.319999999999999926e-04 8.441161690000000000e+12 0.000000000000000000e+00 0.000000000000000000e+00
3.320999999999999950e-04 8.442860380000000000e+12 0.000000000000000000e+00 0.000000000000000000e+00
3.321999999999999975e-04 8.444526110000000000e+12 0.000000000000000000e+00 0.000000000000000000e+00
3.322999999999999999e-04 8.446158930000000000e+12 0.000000000000000000e+00 0.000000000000000000e+00
3.324000000000000023e-04 8.447758870000000000e+12 0.000000000000000000e+00 0.000000000000000000e+00
3.325000000000000048e-04 8.449325970000000000e+12 0.000000000000000000e+00 0.000000000000000000e+00
3.326000000000000072e-04 8.450860300000000000e+12 0.000000000000000000e+00 0.000000000000000000e+00
3.327000000000000096e-04 8.452361880000000000e+12 0.000000000000000000e+00 0.000000000000000000e+00
3.328000000000000120e-04 8.453830760000000000e+12 0.000000000000000000e+00 0.000000000000000000e+00
3.329000000000000145e-04 8.455266990000000000e+12 0.000000000000000000e+00 0.000000000000000000e+00
3.330000000000000169e-04 8.456670610000000000e+12 0.000000000000000000e+00 0.000000000000000000e+00
3.331000000000000193e-04 8.458041660000000000e+12 0.000000000000000000e+00 0.000000000000000000e+00
3.332000000000000218e-04 8.459380190000000000e+12 0.000000000000000000e+00 0.000000000000000000e+00
3.333000000000000242e-04 8.460686250000000000e+12 0.000000000000000000e+00 0.000000000000000000e+00
3.334000000000000266e-04 8.461959870000000000e+12 0.000000000000000000e+00 0.000000000000000000e+00
3.334999999999999748e-04 8.463201110000000000e+12 0.000000000000000000e+00 0.000000000000000000e+00
3.335999999999999773e-04 8.464410000000000000e+12 0.000000000000000000e+00 0.000000000000000000e+00
3.336999999999999797e-04 8.465586590000000000e+12 0.000000000000000000e+00 0.000000000000000000e+00
3.337999999999999821e-04 8.466730930000000000e+12 0.000000000000000000e+00 0.000000000000000000e+00
3.338999999999999846e-04 8.467843060000000000e+12 0.000000000000000000e+00 0.000000000000000000e+00
3.339999999999999870e-04 8.468923030000000000e+12 0.000000000000000000e+00 0.000000000000000000e+00
3.340999999999999894e-04 8.469970870000000000e+12 0.000000000000000000e+00 0.000000000000000000e+00
3.341999999999999919e-04 8.470986640000000000e+12 0.000000000000000000e+00 0.000000000000000000e+00
3.342999999999999943e-04 8.471970380000000000e+12 0.000000000000000000e+00 0.000000000000000000e+00
3.343999999999999967e-04 8.472922130000000000e+12 0.000000000000000000e+00 0.000000000000000000e+00
3.344999999999999992e-04 8.473841940000000000e+12 0.000000000000000000e+00 0.000000000000000000e+00
3.346000000000000016e-04 8.474729860000000000e+12 0.000000000000000000e+00 0.000000000000000000e+00
3.347000000000000040e-04 8.475585920000000000e+12 0.000000000000000000e+00 0.000000000000000000e+00
3.348000000000000064e-04 8.476410180000000000e+12 0.000000000000000000e+00 0.000000000000000000e+00
3.349000000000000089e-04 8.477202680000000000e+12 0.000000000000000000e+00 0.000000000000000000e+00
3.350000000000000113e-04 8.477963470000000000e+12 0.000000000000000000e+00 0.000000000000000000e+00
3.351000000000000137e-04 8.478692580000000000e+12 0.000000000000000000e+00 0.000000000000000000e+00
3.352000000000000162e-04 8.479390070000000000e+12 0.000000000000000000e+00 0.000000000000000000e+00
3.353000000000000186e-04 8.480055980000000000e+12 0.000000000000000000e+00 0.000000000000000000e+00
3.354000000000000210e-04 8.480690350000000000e+12 0.000000000000000000e+00 0.000000000000000000e+00
3.355000000000000235e-04 8.481293240000000000e+12 0.000000000000000000e+00 0.000000000000000000e+00
3.356000000000000259e-04 8.481864680000000000e+12 0.000000000000000000e+00 0.000000000000000000e+00
3.356999999999999741e-04 8.482404730000000000e+12 0.000000000000000000e+00 0.000000000000000000e+00
3.357999999999999765e-04 8.482913420000000000e+12 0.000000000000000000e+00 0.000000000000000000e+00
3.358999999999999790e-04 8.483390810000000000e+12 0.000000000000000000e+00 0.000000000000000000e+00
3.359999999999999814e-04 8.483836930000000000e+12 0.000000000000000000e+00 0.000000000000000000e+00
3.360999999999999838e-04 8.484251840000000000e+12 0.000000000000000000e+00 0.000000000000000000e+00
3.361999999999999863e-04 8.484635580000000000e+12 0.000000000000000000e+00 0.000000000000000000e+00
3.362999999999999887e-04 8.484988200000000000e+12 0.000000000000000000e+00 0.000000000000000000e+00
3.363999999999999911e-04 8.485309730000000000e+12 0.000000000000000000e+00 0.000000000000000000e+00
3.364999999999999936e-04 8.485600240000000000e+12 0.000000000000000000e+00 0.000000000000000000e+00
3.365999999999999960e-04 8.485859760000000000e+12 0.000000000000000000e+00 0.000000000000000000e+00
3.366999999999999984e-04 8.486088340000000000e+12 0.000000000000000000e+00 0.000000000000000000e+00
3.368000000000000009e-04 8.486286020000000000e+12 0.000000000000000000e+00 0.000000000000000000e+00
3.369000000000000033e-04 8.486452850000000000e+12 0.000000000000000000e+00 0.000000000000000000e+00
3.370000000000000057e-04 8.486588880000000000e+12 0.000000000000000000e+00 0.000000000000000000e+00
3.371000000000000081e-04 8.486694160000000000e+12 0.000000000000000000e+00 0.000000000000000000e+00
3.372000000000000106e-04 8.486768720000000000e+12 0.000000000000000000e+00 0.000000000000000000e+00
3.373000000000000130e-04 8.486812620000000000e+12 0.000000000000000000e+00 0.000000000000000000e+00
3.374000000000000154e-04 8.486825910000000000e+12 0.000000000000000000e+00 0.000000000000000000e+00
3.375000000000000179e-04 8.486808620000000000e+12 0.000000000000000000e+00 0.000000000000000000e+00
3.376000000000000203e-04 8.486760800000000000e+12 0.000000000000000000e+00 0.000000000000000000e+00
3.377000000000000227e-04 8.486682510000000000e+12 0.000000000000000000e+00 0.000000000000000000e+00
3.378000000000000252e-04 8.486573780000000000e+12 0.000000000000000000e+00 0.000000000000000000e+00
3.378999999999999734e-04 8.486434670000000000e+12 0.000000000000000000e+00 0.000000000000000000e+00
3.379999999999999758e-04 8.486265210000000000e+12 0.000000000000000000e+00 0.000000000000000000e+00
3.380999999999999782e-04 8.486065470000000000e+12 0.000000000000000000e+00 0.000000000000000000e+00
3.381999999999999807e-04 8.485835470000000000e+12 0.000000000000000000e+00 0.000000000000000000e+00
3.382999999999999831e-04 8.485575280000000000e+12 0.000000000000000000e+00 0.000000000000000000e+00
3.383999999999999855e-04 8.485284930000000000e+12 0.000000000000000000e+00 0.000000000000000000e+00
3.384999999999999880e-04 8.484964470000000000e+12 0.000000000000000000e+00 0.000000000000000000e+00
3.385999999999999904e-04 8.484613960000000000e+12 0.000000000000000000e+00 0.000000000000000000e+00
3.386999999999999928e-04 8.484233430000000000e+12 0.000000000000000000e+00 0.000000000000000000e+00
3.387999999999999953e-04 8.483822930000000000e+12 0.000000000000000000e+00 0.000000000000000000e+00
3.388999999999999977e-04 8.483382520000000000e+12 0.000000000000000000e+00 0.000000000000000000e+00
3.390000000000000001e-04 8.482912220000000000e+12 0.000000000000000000e+00 0.000000000000000000e+00
3.391000000000000025e-04 8.482412110000000000e+12 0.000000000000000000e+00 0.000000000000000000e+00
3.392000000000000050e-04 8.481882210000000000e+12 0.000000000000000000e+00 0.000000000000000000e+00
3.393000000000000074e-04 8.481322580000000000e+12 0.000000000000000000e+00 0.000000000000000000e+00
3.394000000000000098e-04 8.480733270000000000e+12 0.000000000000000000e+00 0.000000000000000000e+00
3.395000000000000123e-04 8.480114310000000000e+12 0.000000000000000000e+00 0.000000000000000000e+00
3.396000000000000147e-04 8.479465770000000000e+12 0.000000000000000000e+00 0.000000000000000000e+00
3.397000000000000171e-04 8.478787680000000000e+12 0.000000000000000000e+00 0.000000000000000000e+00
3.398000000000000196e-04 8.478080090000000000e+12 0.000000000000000000e+00 0.000000000000000000e+00
3.399000000000000220e-04 8.477343050000000000e+12 0.000000000000000000e+00 0.000000000000000000e+00
3.400000000000000244e-04 8.476576610000000000e+12 0.000000000000000000e+00 0.000000000000000000e+00
3.401000000000000269e-04 8.475780810000000000e+12 0.000000000000000000e+00 0.000000000000000000e+00
3.401999999999999751e-04 8.474955710000000000e+12 0.000000000000000000e+00 0.000000000000000000e+00
3.402999999999999775e-04 8.474101340000000000e+12 0.000000000000000000e+00 0.000000000000000000e+00
3.403999999999999799e-04 8.473217760000000000e+12 0.000000000000000000e+00 0.000000000000000000e+00
3.404999999999999824e-04 8.472305010000000000e+12 0.000000000000000000e+00 0.000000000000000000e+00
3.405999999999999848e-04 8.471363140000000000e+12 0.000000000000000000e+00 0.000000000000000000e+00
3.406999999999999872e-04 8.470392200000000000e+12 0.000000000000000000e+00 0.000000000000000000e+00
3.407999999999999897e-04 8.469392240000000000e+12 0.000000000000000000e+00 0.000000000000000000e+00
3.408999999999999921e-04 8.468363300000000000e+12 0.000000000000000000e+00 0.000000000000000000e+00
3.409999999999999945e-04 8.467305430000000000e+12 0.000000000000000000e+00 0.000000000000000000e+00
3.410999999999999970e-04 8.466218670000000000e+12 0.000000000000000000e+00 0.000000000000000000e+00
3.411999999999999994e-04 8.465103090000000000e+12 0.000000000000000000e+00 0.000000000000000000e+00
3.413000000000000018e-04 8.463958710000000000e+12 0.000000000000000000e+00 0.000000000000000000e+00
3.414000000000000042e-04 8.462785600000000000e+12 0.000000000000000000e+00 0.000000000000000000e+00
3.415000000000000067e-04 8.461583800000000000e+12 0.000000000000000000e+00 0.000000000000000000e+00
3.416000000000000091e-04 8.460353350000000000e+12 0.000000000000000000e+00 0.000000000000000000e+00
3.417000000000000115e-04 8.459094300000000000e+12 0.000000000000000000e+00 0.000000000000000000e+00
3.418000000000000140e-04 8.457806710000000000e+12 0.000000000000000000e+00 0.000000000000000000e+00
3.419000000000000164e-04 8.456490620000000000e+12 0.000000000000000000e+00 0.000000000000000000e+00
3.420000000000000188e-04 8.455146070000000000e+12 0.000000000000000000e+00 0.000000000000000000e+00
3.421000000000000213e-04 8.453773120000000000e+12 0.000000000000000000e+00 0.000000000000000000e+00
3.422000000000000237e-04 8.452371820000000000e+12 0.000000000000000000e+00 0.000000000000000000e+00
3.423000000000000261e-04 8.450942200000000000e+12 0.000000000000000000e+00 0.000000000000000000e+00
3.423999999999999743e-04 8.449484320000000000e+12 0.000000000000000000e+00 0.000000000000000000e+00
3.424999999999999768e-04 8.447998230000000000e+12 0.000000000000000000e+00 0.000000000000000000e+00
3.425999999999999792e-04 8.446483980000000000e+12 0.000000000000000000e+00 0.000000000000000000e+00
3.426999999999999816e-04 8.444941610000000000e+12 0.000000000000000000e+00 0.000000000000000000e+00
3.427999999999999841e-04 8.443371170000000000e+12 0.000000000000000000e+00 0.000000000000000000e+00
3.428999999999999865e-04 8.441772700000000000e+12 0.000000000000000000e+00 0.000000000000000000e+00
3.429999999999999889e-04 8.440146270000000000e+12 0.000000000000000000e+00 0.000000000000000000e+00
3.430999999999999914e-04 8.438491910000000000e+12 0.000000000000000000e+00 0.000000000000000000e+00
3.431999999999999938e-04 8.436809680000000000e+12 0.000000000000000000e+00 0.000000000000000000e+00
3.432999999999999962e-04 8.435099610000000000e+12 0.000000000000000000e+00 0.000000000000000000e+00
3.433999999999999986e-04 8.433361770000000000e+12 0.000000000000000000e+00 0.000000000000000000e+00
3.435000000000000011e-04 8.431596200000000000e+12 0.000000000000000000e+00 0.000000000000000000e+00
3.436000000000000035e-04 8.429802940000000000e+12 0.000000000000000000e+00 0.000000000000000000e+00
3.437000000000000059e-04 8.427982040000000000e+12 0.000000000000000000e+00 0.000000000000000000e+00
3.438000000000000084e-04 8.426133560000000000e+12 0.000000000000000000e+00 0.000000000000000000e+00
3.439000000000000108e-04 8.424257550000000000e+12 0.000000000000000000e+00 0.000000000000000000e+00
3.440000000000000132e-04 8.422354040000000000e+12 0.000000000000000000e+00 0.000000000000000000e+00
3.441000000000000157e-04 8.420423090000000000e+12 0.000000000000000000e+00 0.000000000000000000e+00
3.442000000000000181e-04 8.418464750000000000e+12 0.000000000000000000e+00 0.000000000000000000e+00
3.443000000000000205e-04 8.416479060000000000e+12 0.000000000000000000e+00 0.000000000000000000e+00
3.444000000000000230e-04 8.414466070000000000e+12 0.000000000000000000e+00 0.000000000000000000e+00
3.445000000000000254e-04 8.412425840000000000e+12 0.000000000000000000e+00 0.000000000000000000e+00
3.445999999999999736e-04 8.410358410000000000e+12 0.000000000000000000e+00 0.000000000000000000e+00
3.446999999999999760e-04 8.408263830000000000e+12 0.000000000000000000e+00 0.000000000000000000e+00
3.447999999999999785e-04 8.406142150000000000e+12 0.000000000000000000e+00 0.000000000000000000e+00
3.448999999999999809e-04 8.403993410000000000e+12 0.000000000000000000e+00 0.000000000000000000e+00
3.449999999999999833e-04 8.401817670000000000e+12 0.000000000000000000e+00 0.000000000000000000e+00
3.450999999999999858e-04 8.399614980000000000e+12 0.000000000000000000e+00 0.000000000000000000e+00
3.451999999999999882e-04 8.397385370000000000e+12 0.000000000000000000e+00 0.000000000000000000e+00
3.452999999999999906e-04 8.395128910000000000e+12 0.000000000000000000e+00 0.000000000000000000e+00
3.453999999999999931e-04 8.392845640000000000e+12 0.000000000000000000e+00 0.000000000000000000e+00
3.454999999999999955e-04 8.390535600000000000e+12 0.000000000000000000e+00 0.000000000000000000e+00
3.455999999999999979e-04 8.388198860000000000e+12 0.000000000000000000e+00 0.000000000000000000e+00
3.457000000000000003e-04 8.385835450000000000e+12 0.000000000000000000e+00 0.000000000000000000e+00
3.458000000000000028e-04 8.383445420000000000e+12 0.000000000000000000e+00 0.000000000000000000e+00
3.459000000000000052e-04 8.381028830000000000e+12 0.000000000000000000e+00 0.000000000000000000e+00
3.460000000000000076e-04 8.378585730000000000e+12 0.000000000000000000e+00 0.000000000000000000e+00
3.461000000000000101e-04 8.376116150000000000e+12 0.000000000000000000e+00 0.000000000000000000e+00
3.462000000000000125e-04 8.373620160000000000e+12 0.000000000000000000e+00 0.000000000000000000e+00
3.463000000000000149e-04 8.371097790000000000e+12 0.000000000000000000e+00 0.000000000000000000e+00
3.464000000000000174e-04 8.368549110000000000e+12 0.000000000000000000e+00 0.000000000000000000e+00
3.465000000000000198e-04 8.365974150000000000e+12 0.000000000000000000e+00 0.000000000000000000e+00
3.466000000000000222e-04 8.363372970000000000e+12 0.000000000000000000e+00 0.000000000000000000e+00
3.467000000000000247e-04 8.360745610000000000e+12 0.000000000000000000e+00 0.000000000000000000e+00
3.468000000000000271e-04 8.358092130000000000e+12 0.000000000000000000e+00 0.000000000000000000e+00
3.468999999999999753e-04 8.355412570000000000e+12 0.000000000000000000e+00 0.000000000000000000e+00
3.469999999999999777e-04 8.352706990000000000e+12 0.000000000000000000e+00 0.000000000000000000e+00
3.470999999999999802e-04 8.349975420000000000e+12 0.000000000000000000e+00 0.000000000000000000e+00
3.471999999999999826e-04 8.347217930000000000e+12 0.000000000000000000e+00 0.000000000000000000e+00
3.472999999999999850e-04 8.344434560000000000e+12 0.000000000000000000e+00 0.000000000000000000e+00
3.473999999999999875e-04 8.341625360000000000e+12 0.000000000000000000e+00 0.000000000000000000e+00
3.474999999999999899e-04 8.338790370000000000e+12 0.000000000000000000e+00 0.000000000000000000e+00
3.475999999999999923e-04 8.335929660000000000e+12 0.000000000000000000e+00 0.000000000000000000e+00
3.476999999999999947e-04 8.333043260000000000e+12 0.000000000000000000e+00 0.000000000000000000e+00
3.477999999999999972e-04 8.330131230000000000e+12 0.000000000000000000e+00 0.000000000000000000e+00
3.478999999999999996e-04 8.327193610000000000e+12 0.000000000000000000e+00 0.000000000000000000e+00
3.480000000000000020e-04 8.324230450000000000e+12 0.000000000000000000e+00 0.000000000000000000e+00
3.481000000000000045e-04 8.321241820000000000e+12 0.000000000000000000e+00 0.000000000000000000e+00
3.482000000000000069e-04 8.318227740000000000e+12 0.000000000000000000e+00 0.000000000000000000e+00
3.483000000000000093e-04 8.315188280000000000e+12 0.000000000000000000e+00 0.000000000000000000e+00
3.484000000000000118e-04 8.312123470000000000e+12 0.000000000000000000e+00 0.000000000000000000e+00
3.485000000000000142e-04 8.309033380000000000e+12 0.000000000000000000e+00 0.000000000000000000e+00
3.486000000000000166e-04 8.305918050000000000e+12 0.000000000000000000e+00 0.000000000000000000e+00
3.487000000000000191e-04 8.302777530000000000e+12 0.000000000000000000e+00 0.000000000000000000e+00
3.488000000000000215e-04 8.299611870000000000e+12 0.000000000000000000e+00 0.000000000000000000e+00
3.489000000000000239e-04 8.296421120000000000e+12 0.000000000000000000e+00 0.000000000000000000e+00
3.490000000000000263e-04 8.293205320000000000e+12 0.000000000000000000e+00 0.000000000000000000e+00
3.490999999999999746e-04 8.289964540000000000e+12 0.000000000000000000e+00 0.000000000000000000e+00
3.491999999999999770e-04 8.286698810000000000e+12 0.000000000000000000e+00 0.000000000000000000e+00
3.492999999999999794e-04 8.283408180000000000e+12 0.000000000000000000e+00 0.000000000000000000e+00
3.493999999999999819e-04 8.280092720000000000e+12 0.000000000000000000e+00 0.000000000000000000e+00
3.494999999999999843e-04 8.276752450000000000e+12 0.000000000000000000e+00 0.000000000000000000e+00
3.495999999999999867e-04 8.273387450000000000e+12 0.000000000000000000e+00 0.000000000000000000e+00
3.496999999999999892e-04 8.269997750000000000e+12 0.000000000000000000e+00 0.000000000000000000e+00
3.497999999999999916e-04 8.266583400000000000e+12 0.000000000000000000e+00 0.000000000000000000e+00
3.498999999999999940e-04 8.263144450000000000e+12 0.000000000000000000e+00 0.000000000000000000e+00
3.499999999999999964e-04 8.259680960000000000e+12 0.000000000000000000e+00 0.000000000000000000e+00
3.500999999999999989e-04 8.256192970000000000e+12 0.000000000000000000e+00 0.000000000000000000e+00
3.502000000000000013e-04 8.252680530000000000e+12 0.000000000000000000e+00 0.000000000000000000e+00
3.503000000000000037e-04 8.249143700000000000e+12 0.000000000000000000e+00 0.000000000000000000e+00
3.504000000000000062e-04 8.245582520000000000e+12 0.000000000000000000e+00 0.000000000000000000e+00
3.505000000000000086e-04 8.241997040000000000e+12 0.000000000000000000e+00 0.000000000000000000e+00
3.506000000000000110e-04 8.238387300000000000e+12 0.000000000000000000e+00 0.000000000000000000e+00
3.507000000000000135e-04 8.234753370000000000e+12 0.000000000000000000e+00 0.000000000000000000e+00
3.508000000000000159e-04 8.231095290000000000e+12 0.000000000000000000e+00 0.000000000000000000e+00
3.509000000000000183e-04 8.227413110000000000e+12 0.000000000000000000e+00 0.000000000000000000e+00
3.510000000000000208e-04 8.223706880000000000e+12 0.000000000000000000e+00 0.000000000000000000e+00
3.511000000000000232e-04 8.219976650000000000e+12 0.000000000000000000e+00 0.000000000000000000e+00
3.512000000000000256e-04 8.216222470000000000e+12 0.000000000000000000e+00 0.000000000000000000e+00
3.512999999999999738e-04 8.212444380000000000e+12 0.000000000000000000e+00 0.000000000000000000e+00
3.513999999999999763e-04 8.208642450000000000e+12 0.000000000000000000e+00 0.000000000000000000e+00
3.514999999999999787e-04 8.204816710000000000e+12 0.000000000000000000e+00 0.000000000000000000e+00
3.515999999999999811e-04 8.200967220000000000e+12 0.000000000000000000e+00 0.000000000000000000e+00
3.516999999999999836e-04 8.197094030000000000e+12 0.000000000000000000e+00 0.000000000000000000e+00
3.517999999999999860e-04 8.193197190000000000e+12 0.000000000000000000e+00 0.000000000000000000e+00
3.518999999999999884e-04 8.189276740000000000e+12 0.000000000000000000e+00 0.000000000000000000e+00
3.519999999999999908e-04 8.185332740000000000e+12 0.000000000000000000e+00 0.000000000000000000e+00
3.520999999999999933e-04 8.181365240000000000e+12 0.000000000000000000e+00 0.000000000000000000e+00
3.521999999999999957e-04 8.177374280000000000e+12 0.000000000000000000e+00 0.000000000000000000e+00
3.522999999999999981e-04 8.173359920000000000e+12 0.000000000000000000e+00 0.000000000000000000e+00
3.524000000000000006e-04 8.169322210000000000e+12 0.000000000000000000e+00 0.000000000000000000e+00
3.525000000000000030e-04 8.165261190000000000e+12 0.000000000000000000e+00 0.000000000000000000e+00
3.526000000000000054e-04 8.161176920000000000e+12 0.000000000000000000e+00 0.000000000000000000e+00
3.527000000000000079e-04 8.157069450000000000e+12 0.000000000000000000e+00 0.000000000000000000e+00
3.528000000000000103e-04 8.152938820000000000e+12 0.000000000000000000e+00 0.000000000000000000e+00
3.529000000000000127e-04 8.148785090000000000e+12 0.000000000000000000e+00 0.000000000000000000e+00
3.530000000000000152e-04 8.144608300000000000e+12 0.000000000000000000e+00 0.000000000000000000e+00
3.531000000000000176e-04 8.140408510000000000e+12 0.000000000000000000e+00 0.000000000000000000e+00
3.532000000000000200e-04 8.136185760000000000e+12 0.000000000000000000e+00 0.000000000000000000e+00
3.533000000000000224e-04 8.131940110000000000e+12 0.000000000000000000e+00 0.000000000000000000e+00
3.534000000000000249e-04 8.127671610000000000e+12 0.000000000000000000e+00 0.000000000000000000e+00
3.534999999999999731e-04 8.123380290000000000e+12 0.000000000000000000e+00 0.000000000000000000e+00
3.535999999999999755e-04 8.119066230000000000e+12 0.000000000000000000e+00 0.000000000000000000e+00
3.536999999999999780e-04 8.114729460000000000e+12 0.000000000000000000e+00 0.000000000000000000e+00
3.537999999999999804e-04 8.110370030000000000e+12 0.000000000000000000e+00 0.000000000000000000e+00
3.538999999999999828e-04 8.105988000000000000e+12 0.000000000000000000e+00 0.000000000000000000e+00
3.539999999999999853e-04 8.101583420000000000e+12 0.000000000000000000e+00 0.000000000000000000e+00
3.540999999999999877e-04 8.097156320000000000e+12 0.000000000000000000e+00 0.000000000000000000e+00
3.541999999999999901e-04 8.092706780000000000e+12 0.000000000000000000e+00 0.000000000000000000e+00
3.542999999999999925e-04 8.088234830000000000e+12 0.000000000000000000e+00 0.000000000000000000e+00
3.543999999999999950e-04 8.083740520000000000e+12 0.000000000000000000e+00 0.000000000000000000e+00
3.544999999999999974e-04 8.079223910000000000e+12 0.000000000000000000e+00 0.000000000000000000e+00
3.545999999999999998e-04 8.074685040000000000e+12 0.000000000000000000e+00 0.000000000000000000e+00
3.547000000000000023e-04 8.070123970000000000e+12 0.000000000000000000e+00 0.000000000000000000e+00
3.548000000000000047e-04 8.065540740000000000e+12 0.000000000000000000e+00 0.000000000000000000e+00
3.549000000000000071e-04 8.060935410000000000e+12 0.000000000000000000e+00 0.000000000000000000e+00
3.550000000000000096e-04 8.056308020000000000e+12 0.000000000000000000e+00 0.000000000000000000e+00
3.551000000000000120e-04 8.051658620000000000e+12 0.000000000000000000e+00 0.000000000000000000e+00
3.552000000000000144e-04 8.046987270000000000e+12 0.000000000000000000e+00 0.000000000000000000e+00
3.553000000000000169e-04 8.042294020000000000e+12 0.000000000000000000e+00 0.000000000000000000e+00
3.554000000000000193e-04 8.037578910000000000e+12 0.000000000000000000e+00 0.000000000000000000e+00
3.555000000000000217e-04 8.032841990000000000e+12 0.000000000000000000e+00 0.000000000000000000e+00
3.556000000000000241e-04 8.028083320000000000e+12 0.000000000000000000e+00 0.000000000000000000e+00
3.557000000000000266e-04 8.023302950000000000e+12 0.000000000000000000e+00 0.000000000000000000e+00
3.557999999999999748e-04 8.018500920000000000e+12 0.000000000000000000e+00 0.000000000000000000e+00
3.558999999999999772e-04 8.013677280000000000e+12 0.000000000000000000e+00 0.000000000000000000e+00
3.559999999999999797e-04 8.008832090000000000e+12 0.000000000000000000e+00 0.000000000000000000e+00
3.560999999999999821e-04 8.003965390000000000e+12 0.000000000000000000e+00 0.000000000000000000e+00
3.561999999999999845e-04 7.999077240000000000e+12 0.000000000000000000e+00 0.000000000000000000e+00
3.562999999999999869e-04 7.994167680000000000e+12 0.000000000000000000e+00 0.000000000000000000e+00
3.563999999999999894e-04 7.989236770000000000e+12 0.000000000000000000e+00 0.000000000000000000e+00
3.564999999999999918e-04 7.984284560000000000e+12 0.000000000000000000e+00 0.000000000000000000e+00
3.565999999999999942e-04 7.979311080000000000e+12 0.000000000000000000e+00 0.000000000000000000e+00
3.566999999999999967e-04 7.974316410000000000e+12 0.000000000000000000e+00 0.000000000000000000e+00
3.567999999999999991e-04 7.969300580000000000e+12 0.000000000000000000e+00 0.000000000000000000e+00
3.569000000000000015e-04 7.964263640000000000e+12 0.000000000000000000e+00 0.000000000000000000e+00
3.570000000000000040e-04 7.959205650000000000e+12 0.000000000000000000e+00 0.000000000000000000e+00
3.571000000000000064e-04 7.954126660000000000e+12 0.000000000000000000e+00 0.000000000000000000e+00
3.572000000000000088e-04 7.949026710000000000e+12 0.000000000000000000e+00 0.000000000000000000e+00
3.573000000000000113e-04 7.943905850000000000e+12 0.000000000000000000e+00 0.000000000000000000e+00
3.574000000000000137e-04 7.938764140000000000e+12 0.000000000000000000e+00 0.000000000000000000e+00
3.575000000000000161e-04 7.933601630000000000e+12 0.000000000000000000e+00 0.000000000000000000e+00
3.576000000000000185e-04 7.928418360000000000e+12 0.000000000000000000e+00 0.000000000000000000e+00
3.577000000000000210e-04 7.923214390000000000e+12 0.000000000000000000e+00 0.000000000000000000e+00
3.578000000000000234e-04 7.917989760000000000e+12 0.000000000000000000e+00 0.000000000000000000e+00
3.579000000000000258e-04 7.912744530000000000e+12 0.000000000000000000e+00 0.000000000000000000e+00
3.579999999999999741e-04 7.907478740000000000e+12 0.000000000000000000e+00 0.000000000000000000e+00
3.580999999999999765e-04 7.902192450000000000e+12 0.000000000000000000e+00 0.000000000000000000e+00
3.581999999999999789e-04 7.896885710000000000e+12 0.000000000000000000e+00 0.000000000000000000e+00
3.582999999999999814e-04 7.891558560000000000e+12 0.000000000000000000e+00 0.000000000000000000e+00
3.583999999999999838e-04 7.886211060000000000e+12 0.000000000000000000e+00 0.000000000000000000e+00
3.584999999999999862e-04 7.880843250000000000e+12 0.000000000000000000e+00 0.000000000000000000e+00
3.585999999999999886e-04 7.875455190000000000e+12 0.000000000000000000e+00 0.000000000000000000e+00
3.586999999999999911e-04 7.870046930000000000e+12 0.000000000000000000e+00 0.000000000000000000e+00
3.587999999999999935e-04 7.864618510000000000e+12 0.000000000000000000e+00 0.000000000000000000e+00
3.588999999999999959e-04 7.859169980000000000e+12 0.000000000000000000e+00 0.000000000000000000e+00
3.589999999999999984e-04 7.853701410000000000e+12 0.000000000000000000e+00 0.000000000000000000e+00
3.591000000000000008e-04 7.848212830000000000e+12 0.000000000000000000e+00 0.000000000000000000e+00
3.592000000000000032e-04 7.842704290000000000e+12 0.000000000000000000e+00 0.000000000000000000e+00
3.593000000000000057e-04 7.837175850000000000e+12 0.000000000000000000e+00 0.000000000000000000e+00
3.594000000000000081e-04 7.831627560000000000e+12 0.000000000000000000e+00 0.000000000000000000e+00
3.595000000000000105e-04 7.826059460000000000e+12 0.000000000000000000e+00 0.000000000000000000e+00
3.596000000000000130e-04 7.820471610000000000e+12 0.000000000000000000e+00 0.000000000000000000e+00
3.597000000000000154e-04 7.814864050000000000e+12 0.000000000000000000e+00 0.000000000000000000e+00
3.598000000000000178e-04 7.809236840000000000e+12 0.000000000000000000e+00 0.000000000000000000e+00
3.599000000000000202e-04 7.803590030000000000e+12 0.000000000000000000e+00 0.000000000000000000e+00
3.600000000000000227e-04 7.797923660000000000e+12 0.000000000000000000e+00 0.000000000000000000e+00
3.601000000000000251e-04 7.792237780000000000e+12 0.000000000000000000e+00 0.000000000000000000e+00
3.601999999999999733e-04 7.786532460000000000e+12 0.000000000000000000e+00 0.000000000000000000e+00
3.602999999999999758e-04 7.780807730000000000e+12 0.000000000000000000e+00 0.000000000000000000e+00
3.603999999999999782e-04 7.775063640000000000e+12 0.000000000000000000e+00 0.000000000000000000e+00
3.604999999999999806e-04 7.769300250000000000e+12 0.000000000000000000e+00 0.000000000000000000e+00
3.605999999999999830e-04 7.763517610000000000e+12 0.000000000000000000e+00 0.000000000000000000e+00
3.606999999999999855e-04 7.757715760000000000e+12 0.000000000000000000e+00 0.000000000000000000e+00
3.607999999999999879e-04 7.751894750000000000e+12 0.000000000000000000e+00 0.000000000000000000e+00
3.608999999999999903e-04 7.746054640000000000e+12 0.000000000000000000e+00 0.000000000000000000e+00
3.609999999999999928e-04 7.740195480000000000e+12 0.000000000000000000e+00 0.000000000000000000e+00
3.610999999999999952e-04 7.734317310000000000e+12 0.000000000000000000e+00 0.000000000000000000e+00
3.611999999999999976e-04 7.728420190000000000e+12 0.000000000000000000e+00 0.000000000000000000e+00
3.613000000000000001e-04 7.722504160000000000e+12 0.000000000000000000e+00 0.000000000000000000e+00
3.614000000000000025e-04 7.716569280000000000e+12 0.000000000000000000e+00 0.000000000000000000e+00
3.615000000000000049e-04 7.710615590000000000e+12 0.000000000000000000e+00 0.000000000000000000e+00
3.616000000000000074e-04 7.704643140000000000e+12 0.000000000000000000e+00 0.000000000000000000e+00
3.617000000000000098e-04 7.698651990000000000e+12 0.000000000000000000e+00 0.000000000000000000e+00
3.618000000000000122e-04 7.692642190000000000e+12 0.000000000000000000e+00 0.000000000000000000e+00
3.619000000000000146e-04 7.686613770000000000e+12 0.000000000000000000e+00 0.000000000000000000e+00
3.620000000000000171e-04 7.680566810000000000e+12 0.000000000000000000e+00 0.000000000000000000e+00
3.621000000000000195e-04 7.674501330000000000e+12 0.000000000000000000e+00 0.000000000000000000e+00
3.622000000000000219e-04 7.668417400000000000e+12 0.000000000000000000e+00 0.000000000000000000e+00
3.623000000000000244e-04 7.662315060000000000e+12 0.000000000000000000e+00 0.000000000000000000e+00
3.624000000000000268e-04 7.656194370000000000e+12 0.000000000000000000e+00 0.000000000000000000e+00
3.624999999999999750e-04 7.650055370000000000e+12 0.000000000000000000e+00 0.000000000000000000e+00
3.625999999999999775e-04 7.643898110000000000e+12 0.000000000000000000e+00 0.000000000000000000e+00
3.626999999999999799e-04 7.637722640000000000e+12 0.000000000000000000e+00 0.000000000000000000e+00
3.627999999999999823e-04 7.631529020000000000e+12 0.000000000000000000e+00 0.000000000000000000e+00
3.628999999999999847e-04 7.625317290000000000e+12 0.000000000000000000e+00 0.000000000000000000e+00
3.629999999999999872e-04 7.619087500000000000e+12 0.000000000000000000e+00 0.000000000000000000e+00
3.630999999999999896e-04 7.612839700000000000e+12 0.000000000000000000e+00 0.000000000000000000e+00
3.631999999999999920e-04 7.606573940000000000e+12 0.000000000000000000e+00 0.000000000000000000e+00
3.632999999999999945e-04 7.600290270000000000e+12 0.000000000000000000e+00 0.000000000000000000e+00
3.633999999999999969e-04 7.593988750000000000e+12 0.000000000000000000e+00 0.000000000000000000e+00
3.634999999999999993e-04 7.587669410000000000e+12 0.000000000000000000e+00 0.000000000000000000e+00
3.636000000000000018e-04 7.581332310000000000e+12 0.000000000000000000e+00 0.000000000000000000e+00
3.637000000000000042e-04 7.574977510000000000e+12 0.000000000000000000e+00 0.000000000000000000e+00
3.638000000000000066e-04 7.568605040000000000e+12 0.000000000000000000e+00 0.000000000000000000e+00
3.639000000000000090e-04 7.562214960000000000e+12 0.000000000000000000e+00 0.000000000000000000e+00
3.640000000000000115e-04 7.555807320000000000e+12 0.000000000000000000e+00 0.000000000000000000e+00
3.641000000000000139e-04 7.549382170000000000e+12 0.000000000000000000e+00 0.000000000000000000e+00
3.642000000000000163e-04 7.542939560000000000e+12 0.000000000000000000e+00 0.000000000000000000e+00
3.643000000000000188e-04 7.536479530000000000e+12 0.000000000000000000e+00 0.000000000000000000e+00
3.644000000000000212e-04 7.530002140000000000e+12 0.000000000000000000e+00 0.000000000000000000e+00
3.645000000000000236e-04 7.523507440000000000e+12 0.000000000000000000e+00 0.000000000000000000e+00
3.646000000000000261e-04 7.516995470000000000e+12 0.000000000000000000e+00 0.000000000000000000e+00
3.646999999999999743e-04 7.510466290000000000e+12 0.000000000000000000e+00 0.000000000000000000e+00
3.647999999999999767e-04 7.503919940000000000e+12 0.000000000000000000e+00 0.000000000000000000e+00
3.648999999999999791e-04 7.497356480000000000e+12 0.000000000000000000e+00 0.000000000000000000e+00
3.649999999999999816e-04 7.490775950000000000e+12 0.000000000000000000e+00 0.000000000000000000e+00
3.650999999999999840e-04 7.484178410000000000e+12 0.000000000000000000e+00 0.000000000000000000e+00
3.651999999999999864e-04 7.477563900000000000e+12 0.000000000000000000e+00 0.000000000000000000e+00
3.652999999999999889e-04 7.470932470000000000e+12 0.000000000000000000e+00 0.000000000000000000e+00
3.653999999999999913e-04 7.464284170000000000e+12 0.000000000000000000e+00 0.000000000000000000e+00
3.654999999999999937e-04 7.457619060000000000e+12 0.000000000000000000e+00 0.000000000000000000e+00
3.655999999999999962e-04 7.450937180000000000e+12 0.000000000000000000e+00 0.000000000000000000e+00
3.656999999999999986e-04 7.444238570000000000e+12 0.000000000000000000e+00 0.000000000000000000e+00
3.658000000000000010e-04 7.437523300000000000e+12 0.000000000000000000e+00 0.000000000000000000e+00
3.659000000000000035e-04 7.430791410000000000e+12 0.000000000000000000e+00 0.000000000000000000e+00
3.660000000000000059e-04 7.424042940000000000e+12 0.000000000000000000e+00 0.000000000000000000e+00
3.661000000000000083e-04 7.417277950000000000e+12 0.000000000000000000e+00 0.000000000000000000e+00
3.662000000000000107e-04 7.410496490000000000e+12 0.000000000000000000e+00 0.000000000000000000e+00
3.663000000000000132e-04 7.403698610000000000e+12 0.000000000000000000e+00 0.000000000000000000e+00
3.664000000000000156e-04 7.396884350000000000e+12 0.000000000000000000e+00 0.000000000000000000e+00
3.665000000000000180e-04 7.390053760000000000e+12 0.000000000000000000e+00 0.000000000000000000e+00
3.666000000000000205e-04 7.383206910000000000e+12 0.000000000000000000e+00 0.000000000000000000e+00
3.667000000000000229e-04 7.376343820000000000e+12 0.000000000000000000e+00 0.000000000000000000e+00
3.668000000000000253e-04 7.369464560000000000e+12 0.000000000000000000e+00 0.000000000000000000e+00
3.668999999999999736e-04 7.362569170000000000e+12 0.000000000000000000e+00 0.000000000000000000e+00
3.669999999999999760e-04 7.355657700000000000e+12 0.000000000000000000e+00 0.000000000000000000e+00
3.670999999999999784e-04 7.348730200000000000e+12 0.000000000000000000e+00 0.000000000000000000e+00
3.671999999999999808e-04 7.341786720000000000e+12 0.000000000000000000e+00 0.000000000000000000e+00
3.672999999999999833e-04 7.334827310000000000e+12 0.000000000000000000e+00 0.000000000000000000e+00
3.673999999999999857e-04 7.327852020000000000e+12 0.000000000000000000e+00 0.000000000000000000e+00
3.674999999999999881e-04 7.320860890000000000e+12 0.000000000000000000e+00 0.000000000000000000e+00
3.675999999999999906e-04 7.313853980000000000e+12 0.000000000000000000e+00 0.000000000000000000e+00
3.676999999999999930e-04 7.306831340000000000e+12 0.000000000000000000e+00 0.000000000000000000e+00
3.677999999999999954e-04 7.299793010000000000e+12 0.000000000000000000e+00 0.000000000000000000e+00
3.678999999999999979e-04 7.292739040000000000e+12 0.000000000000000000e+00 0.000000000000000000e+00
3.680000000000000003e-04 7.285669490000000000e+12 0.000000000000000000e+00 0.000000000000000000e+00
3.681000000000000027e-04 7.278584390000000000e+12 0.000000000000000000e+00 0.000000000000000000e+00
3.682000000000000051e-04 7.271483810000000000e+12 0.000000000000000000e+00 0.000000000000000000e+00
3.683000000000000076e-04 7.264367790000000000e+12 0.000000000000000000e+00 0.000000000000000000e+00
3.684000000000000100e-04 7.257236380000000000e+12 0.000000000000000000e+00 0.000000000000000000e+00
3.685000000000000124e-04 7.250089620000000000e+12 0.000000000000000000e+00 0.000000000000000000e+00
3.686000000000000149e-04 7.242927570000000000e+12 0.000000000000000000e+00 0.000000000000000000e+00
3.687000000000000173e-04 7.235750270000000000e+12 0.000000000000000000e+00 0.000000000000000000e+00
3.688000000000000197e-04 7.228557780000000000e+12 0.000000000000000000e+00 0.000000000000000000e+00
3.689000000000000222e-04 7.221350140000000000e+12 0.000000000000000000e+00 0.000000000000000000e+00
3.690000000000000246e-04 7.214127410000000000e+12 0.000000000000000000e+00 0.000000000000000000e+00
3.691000000000000270e-04 7.206889620000000000e+12 0.000000000000000000e+00 0.000000000000000000e+00
3.691999999999999752e-04 7.199636830000000000e+12 0.000000000000000000e+00 0.000000000000000000e+00
3.692999999999999777e-04 7.192369090000000000e+12 0.000000000000000000e+00 0.000000000000000000e+00
3.693999999999999801e-04 7.185086450000000000e+12 0.000000000000000000e+00 0.000000000000000000e+00
3.694999999999999825e-04 7.177788960000000000e+12 0.000000000000000000e+00 0.000000000000000000e+00
3.695999999999999850e-04 7.170476660000000000e+12 0.000000000000000000e+00 0.000000000000000000e+00
3.696999999999999874e-04 7.163149600000000000e+12 0.000000000000000000e+00 0.000000000000000000e+00
3.697999999999999898e-04 7.155807830000000000e+12 0.000000000000000000e+00 0.000000000000000000e+00
3.698999999999999923e-04 7.148451410000000000e+12 0.000000000000000000e+00 0.000000000000000000e+00
3.699999999999999947e-04 7.141080370000000000e+12 0.000000000000000000e+00 0.000000000000000000e+00
3.700999999999999971e-04 7.133694770000000000e+12 0.000000000000000000e+00 0.000000000000000000e+00
3.701999999999999996e-04 7.126294660000000000e+12 0.000000000000000000e+00 0.000000000000000000e+00
3.703000000000000020e-04 7.118880080000000000e+12 0.000000000000000000e+00 0.000000000000000000e+00
3.704000000000000044e-04 7.111451090000000000e+12 0.000000000000000000e+00 0.000000000000000000e+00
3.705000000000000068e-04 7.104007720000000000e+12 0.000000000000000000e+00 0.000000000000000000e+00
3.706000000000000093e-04 7.096550040000000000e+12 0.000000000000000000e+00 0.000000000000000000e+00
3.707000000000000117e-04 7.089078090000000000e+12 0.000000000000000000e+00 0.000000000000000000e+00
3.708000000000000141e-04 7.081591910000000000e+12 0.000000000000000000e+00 0.000000000000000000e+00
3.709000000000000166e-04 7.074091570000000000e+12 0.000000000000000000e+00 0.000000000000000000e+00
3.710000000000000190e-04 7.066577090000000000e+12 0.000000000000000000e+00 0.000000000000000000e+00
3.711000000000000214e-04 7.059048540000000000e+12 0.000000000000000000e+00 0.000000000000000000e+00
3.712000000000000239e-04 7.051505960000000000e+12 0.000000000000000000e+00 0.000000000000000000e+00
3.713000000000000263e-04 7.043949400000000000e+12 0.000000000000000000e+00 0.000000000000000000e+00
3.713999999999999745e-04 7.036378910000000000e+12 0.000000000000000000e+00 0.000000000000000000e+00
3.714999999999999769e-04 7.028794530000000000e+12 0.000000000000000000e+00 0.000000000000000000e+00
3.715999999999999794e-04 7.021196320000000000e+12 0.000000000000000000e+00 0.000000000000000000e+00
3.716999999999999818e-04 7.013584320000000000e+12 0.000000000000000000e+00 0.000000000000000000e+00
3.717999999999999842e-04 7.005958580000000000e+12 0.000000000000000000e+00 0.000000000000000000e+00
3.718999999999999867e-04 6.998319150000000000e+12 0.000000000000000000e+00 0.000000000000000000e+00
3.719999999999999891e-04 6.990666080000000000e+12 0.000000000000000000e+00 0.000000000000000000e+00
3.720999999999999915e-04 6.982999420000000000e+12 0.000000000000000000e+00 0.000000000000000000e+00
3.721999999999999940e-04 6.975319210000000000e+12 0.000000000000000000e+00 0.000000000000000000e+00
3.722999999999999964e-04 6.967625500000000000e+12 0.000000000000000000e+00 0.000000000000000000e+00
3.723999999999999988e-04 6.959918340000000000e+12 0.000000000000000000e+00 0.000000000000000000e+00
3.725000000000000012e-04 6.952197780000000000e+12 0.000000000000000000e+00 0.000000000000000000e+00
3.726000000000000037e-04 6.944463860000000000e+12 0.000000000000000000e+00 0.000000000000000000e+00
3.727000000000000061e-04 6.936716640000000000e+12 0.000000000000000000e+00 0.000000000000000000e+00
3.728000000000000085e-04 6.928956160000000000e+12 0.000000000000000000e+00 0.000000000000000000e+00
3.729000000000000110e-04 6.921182470000000000e+12 0.000000000000000000e+00 0.000000000000000000e+00
3.730000000000000134e-04 6.913395620000000000e+12 0.000000000000000000e+00 0.000000000000000000e+00
3.731000000000000158e-04 6.905595660000000000e+12 0.000000000000000000e+00 0.000000000000000000e+00
3.732000000000000183e-04 6.897782630000000000e+12 0.000000000000000000e+00 0.000000000000000000e+00
3.733000000000000207e-04 6.889956580000000000e+12 0.000000000000000000e+00 0.000000000000000000e+00
3.734000000000000231e-04 6.882117570000000000e+12 0.000000000000000000e+00 0.000000000000000000e+00
3.735000000000000256e-04 6.874265620000000000e+12 0.000000000000000000e+00 0.000000000000000000e+00
3.735999999999999738e-04 6.866400810000000000e+12 0.000000000000000000e+00 0.000000000000000000e+00
3.736999999999999762e-04 6.858523170000000000e+12 0.000000000000000000e+00 0.000000000000000000e+00
3.737999999999999786e-04 6.850632750000000000e+12 0.000000000000000000e+00 0.000000000000000000e+00
3.738999999999999811e-04 6.842729590000000000e+12 0.000000000000000000e+00 0.000000000000000000e+00
3.739999999999999835e-04 6.834813760000000000e+12 0.000000000000000000e+00 0.000000000000000000e+00
3.740999999999999859e-04 6.826885290000000000e+12 0.000000000000000000e+00 0.000000000000000000e+00
3.741999999999999884e-04 6.818944230000000000e+12 0.000000000000000000e+00 0.000000000000000000e+00
3.742999999999999908e-04 6.810990630000000000e+12 0.000000000000000000e+00 0.000000000000000000e+00
3.743999999999999932e-04 6.803024530000000000e+12 0.000000000000000000e+00 0.000000000000000000e+00
3.744999999999999957e-04 6.795045990000000000e+12 0.000000000000000000e+00 0.000000000000000000e+00
3.745999999999999981e-04 6.787055050000000000e+12 0.000000000000000000e+00 0.000000000000000000e+00
3.747000000000000005e-04 6.779051770000000000e+12 0.000000000000000000e+00 0.000000000000000000e+00
3.748000000000000029e-04 6.771036180000000000e+12 0.000000000000000000e+00 0.000000000000000000e+00
3.749000000000000054e-04 6.763008330000000000e+12 0.000000000000000000e+00 0.000000000000000000e+00
3.750000000000000078e-04 6.754968280000000000e+12 0.000000000000000000e+00 0.000000000000000000e+00
3.751000000000000102e-04 6.746916060000000000e+12 0.000000000000000000e+00 0.000000000000000000e+00
3.752000000000000127e-04 6.738851730000000000e+12 0.000000000000000000e+00 0.000000000000000000e+00
3.753000000000000151e-04 6.730775340000000000e+12 0.000000000000000000e+00 0.000000000000000000e+00
3.754000000000000175e-04 6.722686920000000000e+12 0.000000000000000000e+00 0.000000000000000000e+00
3.755000000000000200e-04 6.714586540000000000e+12 0.000000000000000000e+00 0.000000000000000000e+00
3.756000000000000224e-04 6.706474230000000000e+12 0.000000000000000000e+00 0.000000000000000000e+00
3.757000000000000248e-04 6.698350050000000000e+12 0.000000000000000000e+00 0.000000000000000000e+00
3.757999999999999730e-04 6.690214030000000000e+12 0.000000000000000000e+00 0.000000000000000000e+00
3.758999999999999755e-04 6.682066230000000000e+12 0.000000000000000000e+00 0.000000000000000000e+00
3.759999999999999779e-04 6.673906700000000000e+12 0.000000000000000000e+00 0.000000000000000000e+00
3.760999999999999803e-04 6.665735480000000000e+12 0.000000000000000000e+00 0.000000000000000000e+00
3.761999999999999828e-04 6.657552620000000000e+12 0.000000000000000000e+00 0.000000000000000000e+00
3.762999999999999852e-04 6.649358160000000000e+12 0.000000000000000000e+00 0.000000000000000000e+00
3.763999999999999876e-04 6.641152160000000000e+12 0.000000000000000000e+00 0.000000000000000000e+00
3.764999999999999901e-04 6.632934650000000000e+12 0.000000000000000000e+00 0.000000000000000000e+00
3.765999999999999925e-04 6.624705690000000000e+12 0.000000000000000000e+00 0.000000000000000000e+00
3.766999999999999949e-04 6.616465330000000000e+12 0.000000000000000000e+00 0.000000000000000000e+00
3.767999999999999973e-04 6.608213610000000000e+12 0.000000000000000000e+00 0.000000000000000000e+00
3.768999999999999998e-04 6.599950580000000000e+12 0.000000000000000000e+00 0.000000000000000000e+00
3.770000000000000022e-04 6.591676280000000000e+12 0.000000000000000000e+00 0.000000000000000000e+00
3.771000000000000046e-04 6.583390760000000000e+12 0.000000000000000000e+00 0.000000000000000000e+00
3.772000000000000071e-04 6.575094070000000000e+12 0.000000000000000000e+00 0.000000000000000000e+00
3.773000000000000095e-04 6.566786250000000000e+12 0.000000000000000000e+00 0.000000000000000000e+00
3.774000000000000119e-04 6.558467360000000000e+12 0.000000000000000000e+00 0.000000000000000000e+00
3.775000000000000144e-04 6.550137430000000000e+12 0.000000000000000000e+00 0.000000000000000000e+00
3.776000000000000168e-04 6.541796520000000000e+12 0.000000000000000000e+00 0.000000000000000000e+00
3.777000000000000192e-04 6.533444670000000000e+12 0.000000000000000000e+00 0.000000000000000000e+00
3.778000000000000217e-04 6.525081930000000000e+12 0.000000000000000000e+00 0.000000000000000000e+00
3.779000000000000241e-04 6.516708340000000000e+12 0.000000000000000000e+00 0.000000000000000000e+00
3.780000000000000265e-04 6.508323960000000000e+12 0.000000000000000000e+00 0.000000000000000000e+00
3.780999999999999747e-04 6.499928820000000000e+12 0.000000000000000000e+00 0.000000000000000000e+00
3.781999999999999772e-04 6.491522980000000000e+12 0.000000000000000000e+00 0.000000000000000000e+00
3.782999999999999796e-04 6.483106480000000000e+12 0.000000000000000000e+00 0.000000000000000000e+00
3.783999999999999820e-04 6.474679360000000000e+12 0.000000000000000000e+00 0.000000000000000000e+00
3.784999999999999845e-04 6.466241680000000000e+12 0.000000000000000000e+00 0.000000000000000000e+00
3.785999999999999869e-04 6.457793480000000000e+12 0.000000000000000000e+00 0.000000000000000000e+00
3.786999999999999893e-04 6.449334800000000000e+12 0.000000000000000000e+00 0.000000000000000000e+00
3.787999999999999918e-04 6.440865700000000000e+12 0.000000000000000000e+00 0.000000000000000000e+00
3.788999999999999942e-04 6.432386220000000000e+12 0.000000000000000000e+00 0.000000000000000000e+00
3.789999999999999966e-04 6.423896400000000000e+12 0.000000000000000000e+00 0.000000000000000000e+00
3.790999999999999990e-04 6.415396290000000000e+12 0.000000000000000000e+00 0.000000000000000000e+00
3.792000000000000015e-04 6.406885940000000000e+12 0.000000000000000000e+00 0.000000000000000000e+00
3.793000000000000039e-04 6.398365390000000000e+12 0.000000000000000000e+00 0.000000000000000000e+00
3.794000000000000063e-04 6.389834690000000000e+12 0.000000000000000000e+00 0.000000000000000000e+00
3.795000000000000088e-04 6.381293890000000000e+12 0.000000000000000000e+00 0.000000000000000000e+00
3.796000000000000112e-04 6.372743030000000000e+12 0.000000000000000000e+00 0.000000000000000000e+00
3.797000000000000136e-04 6.364182160000000000e+12 0.000000000000000000e+00 0.000000000000000000e+00
3.798000000000000161e-04 6.355611320000000000e+12 0.000000000000000000e+00 0.000000000000000000e+00
3.799000000000000185e-04 6.347030560000000000e+12 0.000000000000000000e+00 0.000000000000000000e+00
3.800000000000000209e-04 6.338439930000000000e+12 0.000000000000000000e+00 0.000000000000000000e+00
3.801000000000000234e-04 6.329839460000000000e+12 0.000000000000000000e+00 0.000000000000000000e+00
3.802000000000000258e-04 6.321229220000000000e+12 0.000000000000000000e+00 0.000000000000000000e+00
3.802999999999999740e-04 6.312609230000000000e+12 0.000000000000000000e+00 0.000000000000000000e+00
3.803999999999999764e-04 6.303979560000000000e+12 0.000000000000000000e+00 0.000000000000000000e+00
3.804999999999999789e-04 6.295340240000000000e+12 0.000000000000000000e+00 0.000000000000000000e+00
3.805999999999999813e-04 6.286691320000000000e+12 0.000000000000000000e+00 0.000000000000000000e+00
3.806999999999999837e-04 6.278032840000000000e+12 0.000000000000000000e+00 0.000000000000000000e+00
3.807999999999999862e-04 6.269364860000000000e+12 0.000000000000000000e+00 0.000000000000000000e+00
3.808999999999999886e-04 6.260687410000000000e+12 0.000000000000000000e+00 0.000000000000000000e+00
3.809999999999999910e-04 6.252000550000000000e+12 0.000000000000000000e+00 0.000000000000000000e+00
3.810999999999999934e-04 6.243304310000000000e+12 0.000000000000000000e+00 0.000000000000000000e+00
3.811999999999999959e-04 6.234598750000000000e+12 0.000000000000000000e+00 0.000000000000000000e+00
3.812999999999999983e-04 6.225883910000000000e+12 0.000000000000000000e+00 0.000000000000000000e+00
3.814000000000000007e-04 6.217159830000000000e+12 0.000000000000000000e+00 0.000000000000000000e+00
3.815000000000000032e-04 6.208426560000000000e+12 0.000000000000000000e+00 0.000000000000000000e+00
3.816000000000000056e-04 6.199684140000000000e+12 0.000000000000000000e+00 0.000000000000000000e+00
3.817000000000000080e-04 6.190932630000000000e+12 0.000000000000000000e+00 0.000000000000000000e+00
3.818000000000000105e-04 6.182172060000000000e+12 0.000000000000000000e+00 0.000000000000000000e+00
3.819000000000000129e-04 6.173402480000000000e+12 0.000000000000000000e+00 0.000000000000000000e+00
3.820000000000000153e-04 6.164623940000000000e+12 0.000000000000000000e+00 0.000000000000000000e+00
3.821000000000000178e-04 6.155836470000000000e+12 0.000000000000000000e+00 0.000000000000000000e+00
3.822000000000000202e-04 6.147040140000000000e+12 0.000000000000000000e+00 0.000000000000000000e+00
3.823000000000000226e-04 6.138234970000000000e+12 0.000000000000000000e+00 0.000000000000000000e+00
3.824000000000000250e-04 6.129421030000000000e+12 0.000000000000000000e+00 0.000000000000000000e+00
3.824999999999999733e-04 6.120598340000000000e+12 0.000000000000000000e+00 0.000000000000000000e+00
3.825999999999999757e-04 6.111766960000000000e+12 0.000000000000000000e+00 0.000000000000000000e+00
3.826999999999999781e-04 6.102926930000000000e+12 0.000000000000000000e+00 0.000000000000000000e+00
3.827999999999999806e-04 6.094078300000000000e+12 0.000000000000000000e+00 0.000000000000000000e+00
3.828999999999999830e-04 6.085221100000000000e+12 0.000000000000000000e+00 0.000000000000000000e+00
3.829999999999999854e-04 6.076355400000000000e+12 0.000000000000000000e+00 0.000000000000000000e+00
3.830999999999999879e-04 6.067481220000000000e+12 0.000000000000000000e+00 0.000000000000000000e+00
3.831999999999999903e-04 6.058598620000000000e+12 0.000000000000000000e+00 0.000000000000000000e+00
3.832999999999999927e-04 6.049707640000000000e+12 0.000000000000000000e+00 0.000000000000000000e+00
3.833999999999999951e-04 6.040808330000000000e+12 0.000000000000000000e+00 0.000000000000000000e+00
3.834999999999999976e-04 6.031900720000000000e+12 0.000000000000000000e+00 0.000000000000000000e+00
3.836000000000000000e-04 6.022984870000000000e+12 0.000000000000000000e+00 0.000000000000000000e+00
3.837000000000000024e-04 6.014060820000000000e+12 0.000000000000000000e+00 0.000000000000000000e+00
3.838000000000000049e-04 6.005128610000000000e+12 0.000000000000000000e+00 0.000000000000000000e+00
3.839000000000000073e-04 5.996188280000000000e+12 0.000000000000000000e+00 0.000000000000000000e+00
3.840000000000000097e-04 5.987239890000000000e+12 0.000000000000000000e+00 0.000000000000000000e+00
3.841000000000000122e-04 5.978283480000000000e+12 0.000000000000000000e+00 0.000000000000000000e+00
3.842000000000000146e-04 5.969319090000000000e+12 0.000000000000000000e+00 0.000000000000000000e+00
3.843000000000000170e-04 5.960346760000000000e+12 0.000000000000000000e+00 0.000000000000000000e+00
3.844000000000000195e-04 5.951366540000000000e+12 0.000000000000000000e+00 0.000000000000000000e+00
3.845000000000000219e-04 5.942378470000000000e+12 0.000000000000000000e+00 0.000000000000000000e+00
3.846000000000000243e-04 5.933382610000000000e+12 0.000000000000000000e+00 0.000000000000000000e+00
3.847000000000000267e-04 5.924378980000000000e+12 0.000000000000000000e+00 0.000000000000000000e+00
3.847999999999999750e-04 5.915367640000000000e+12 0.000000000000000000e+00 0.000000000000000000e+00
3.848999999999999774e-04 5.906348630000000000e+12 0.000000000000000000e+00 0.000000000000000000e+00
3.849999999999999798e-04 5.897322000000000000e+12 0.000000000000000000e+00 0.000000000000000000e+00
3.850999999999999823e-04 5.888287780000000000e+12 0.000000000000000000e+00 0.000000000000000000e+00
3.851999999999999847e-04 5.879246030000000000e+12 0.000000000000000000e+00 0.000000000000000000e+00
3.852999999999999871e-04 5.870196780000000000e+12 0.000000000000000000e+00 0.000000000000000000e+00
3.853999999999999895e-04 5.861140090000000000e+12 0.000000000000000000e+00 0.000000000000000000e+00
3.854999999999999920e-04 5.852075990000000000e+12 0.000000000000000000e+00 0.000000000000000000e+00
3.855999999999999944e-04 5.843004520000000000e+12 0.000000000000000000e+00 0.000000000000000000e+00
3.856999999999999968e-04 5.833925740000000000e+12 0.000000000000000000e+00 0.000000000000000000e+00
3.857999999999999993e-04 5.824839680000000000e+12 0.000000000000000000e+00 0.000000000000000000e+00
3.859000000000000017e-04 5.815746390000000000e+12 0.000000000000000000e+00 0.000000000000000000e+00
3.860000000000000041e-04 5.806645920000000000e+12 0.000000000000000000e+00 0.000000000000000000e+00
3.861000000000000066e-04 5.797538300000000000e+12 0.000000000000000000e+00 0.000000000000000000e+00
3.862000000000000090e-04 5.788423580000000000e+12 0.000000000000000000e+00 0.000000000000000000e+00
3.863000000000000114e-04 5.779301810000000000e+12 0.000000000000000000e+00 0.000000000000000000e+00
3.864000000000000139e-04 5.770173020000000000e+12 0.000000000000000000e+00 0.000000000000000000e+00
3.865000000000000163e-04 5.761037260000000000e+12 0.000000000000000000e+00 0.000000000000000000e+00
3.866000000000000187e-04 5.751894580000000000e+12 0.000000000000000000e+00 0.000000000000000000e+00
3.867000000000000211e-04 5.742745020000000000e+12 0.000000000000000000e+00 0.000000000000000000e+00
3.868000000000000236e-04 5.733588610000000000e+12 0.000000000000000000e+00 0.000000000000000000e+00
3.869000000000000260e-04 5.724425410000000000e+12 0.000000000000000000e+00 0.000000000000000000e+00
3.869999999999999742e-04 5.715255460000000000e+12 0.000000000000000000e+00 0.000000000000000000e+00
3.870999999999999767e-04 5.706078790000000000e+12 0.000000000000000000e+00 0.000000000000000000e+00
3.871999999999999791e-04 5.696895470000000000e+12 0.000000000000000000e+00 0.000000000000000000e+00
3.872999999999999815e-04 5.687705510000000000e+12 0.000000000000000000e+00 0.000000000000000000e+00
3.873999999999999840e-04 5.678508980000000000e+12 0.000000000000000000e+00 0.000000000000000000e+00
3.874999999999999864e-04 5.669305910000000000e+12 0.000000000000000000e+00 0.000000000000000000e+00
3.875999999999999888e-04 5.660096350000000000e+12 0.000000000000000000e+00 0.000000000000000000e+00
3.876999999999999912e-04 5.650880340000000000e+12 0.000000000000000000e+00 0.000000000000000000e+00
3.877999999999999937e-04 5.641657910000000000e+12 0.000000000000000000e+00 0.000000000000000000e+00
3.878999999999999961e-04 5.632429130000000000e+12 0.000000000000000000e+00 0.000000000000000000e+00
3.879999999999999985e-04 5.623194020000000000e+12 0.000000000000000000e+00 0.000000000000000000e+00
3.881000000000000010e-04 5.613952630000000000e+12 0.000000000000000000e+00 0.000000000000000000e+00
3.882000000000000034e-04 5.604705000000000000e+12 0.000000000000000000e+00 0.000000000000000000e+00
3.883000000000000058e-04 5.595451180000000000e+12 0.000000000000000000e+00 0.000000000000000000e+00
3.884000000000000083e-04 5.586191210000000000e+12 0.000000000000000000e+00 0.000000000000000000e+00
3.885000000000000107e-04 5.576925130000000000e+12 0.000000000000000000e+00 0.000000000000000000e+00
3.886000000000000131e-04 5.567652990000000000e+12 0.000000000000000000e+00 0.000000000000000000e+00
3.887000000000000156e-04 5.558374820000000000e+12 0.000000000000000000e+00 0.000000000000000000e+00
3.888000000000000180e-04 5.549090670000000000e+12 0.000000000000000000e+00 0.000000000000000000e+00
3.889000000000000204e-04 5.539800580000000000e+12 0.000000000000000000e+00 0.000000000000000000e+00
3.890000000000000228e-04 5.530504590000000000e+12 0.000000000000000000e+00 0.000000000000000000e+00
3.891000000000000253e-04 5.521202750000000000e+12 0.000000000000000000e+00 0.000000000000000000e+00
3.891999999999999735e-04 5.511895100000000000e+12 0.000000000000000000e+00 0.000000000000000000e+00
3.892999999999999759e-04 5.502581680000000000e+12 0.000000000000000000e+00 0.000000000000000000e+00
3.893999999999999784e-04 5.493262540000000000e+12 0.000000000000000000e+00 0.000000000000000000e+00
3.894999999999999808e-04 5.483937710000000000e+12 0.000000000000000000e+00 0.000000000000000000e+00
3.895999999999999832e-04 5.474607230000000000e+12 0.000000000000000000e+00 0.000000000000000000e+00
3.896999999999999856e-04 5.465271160000000000e+12 0.000000000000000000e+00 0.000000000000000000e+00
3.897999999999999881e-04 5.455929520000000000e+12 0.000000000000000000e+00 0.000000000000000000e+00
3.898999999999999905e-04 5.446582380000000000e+12 0.000000000000000000e+00 0.000000000000000000e+00
3.899999999999999929e-04 5.437229750000000000e+12 0.000000000000000000e+00 0.000000000000000000e+00
3.900999999999999954e-04 5.427871700000000000e+12 0.000000000000000000e+00 0.000000000000000000e+00
3.901999999999999978e-04 5.418508250000000000e+12 0.000000000000000000e+00 0.000000000000000000e+00
3.903000000000000002e-04 5.409139460000000000e+12 0.000000000000000000e+00 0.000000000000000000e+00
3.904000000000000027e-04 5.399765350000000000e+12 0.000000000000000000e+00 0.000000000000000000e+00
3.905000000000000051e-04 5.390385990000000000e+12 0.000000000000000000e+00 0.000000000000000000e+00
3.906000000000000075e-04 5.381001400000000000e+12 0.000000000000000000e+00 0.000000000000000000e+00
3.907000000000000100e-04 5.371611630000000000e+12 0.000000000000000000e+00 0.000000000000000000e+00
3.908000000000000124e-04 5.362216720000000000e+12 0.000000000000000000e+00 0.000000000000000000e+00
3.909000000000000148e-04 5.352816710000000000e+12 0.000000000000000000e+00 0.000000000000000000e+00
3.910000000000000172e-04 5.343411640000000000e+12 0.000000000000000000e+00 0.000000000000000000e+00
3.911000000000000197e-04 5.334001560000000000e+12 0.000000000000000000e+00 0.000000000000000000e+00
3.912000000000000221e-04 5.324586500000000000e+12 0.000000000000000000e+00 0.000000000000000000e+00
3.913000000000000245e-04 5.315166510000000000e+12 0.000000000000000000e+00 0.000000000000000000e+00
3.914000000000000270e-04 5.305741630000000000e+12 0.000000000000000000e+00 0.000000000000000000e+00
3.914999999999999752e-04 5.296311900000000000e+12 0.000000000000000000e+00 0.000000000000000000e+00
3.915999999999999776e-04 5.286877370000000000e+12 0.000000000000000000e+00 0.000000000000000000e+00
3.916999999999999801e-04 5.277438060000000000e+12 0.000000000000000000e+00 0.000000000000000000e+00
3.917999999999999825e-04 5.267994030000000000e+12 0.000000000000000000e+00 0.000000000000000000e+00
3.918999999999999849e-04 5.258545310000000000e+12 0.000000000000000000e+00 0.000000000000000000e+00
3.919999999999999873e-04 5.249091950000000000e+12 0.000000000000000000e+00 0.000000000000000000e+00
3.920999999999999898e-04 5.239633990000000000e+12 0.000000000000000000e+00 0.000000000000000000e+00
3.921999999999999922e-04 5.230171470000000000e+12 0.000000000000000000e+00 0.000000000000000000e+00
3.922999999999999946e-04 5.220704420000000000e+12 0.000000000000000000e+00 0.000000000000000000e+00
3.923999999999999971e-04 5.211232900000000000e+12 0.000000000000000000e+00 0.000000000000000000e+00
3.924999999999999995e-04 5.201756930000000000e+12 0.000000000000000000e+00 0.000000000000000000e+00
3.926000000000000019e-04 5.192276570000000000e+12 0.000000000000000000e+00 0.000000000000000000e+00
3.927000000000000044e-04 5.182791850000000000e+12 0.000000000000000000e+00 0.000000000000000000e+00
3.928000000000000068e-04 5.173302810000000000e+12 0.000000000000000000e+00 0.000000000000000000e+00
3.929000000000000092e-04 5.163809500000000000e+12 0.000000000000000000e+00 0.000000000000000000e+00
3.930000000000000117e-04 5.154311950000000000e+12 0.000000000000000000e+00 0.000000000000000000e+00
3.931000000000000141e-04 5.144810210000000000e+12 0.000000000000000000e+00 0.000000000000000000e+00
3.932000000000000165e-04 5.135304310000000000e+12 0.000000000000000000e+00 0.000000000000000000e+00
3.933000000000000189e-04 5.125794300000000000e+12 0.000000000000000000e+00 0.000000000000000000e+00
3.934000000000000214e-04 5.116280220000000000e+12 0.000000000000000000e+00 0.000000000000000000e+00
3.935000000000000238e-04 5.106762100000000000e+12 0.000000000000000000e+00 0.000000000000000000e+00
3.936000000000000262e-04 5.097239990000000000e+12 0.000000000000000000e+00 0.000000000000000000e+00
3.936999999999999745e-04 5.087713930000000000e+12 0.000000000000000000e+00 0.000000000000000000e+00
3.937999999999999769e-04 5.078183960000000000e+12 0.000000000000000000e+00 0.000000000000000000e+00
3.938999999999999793e-04 5.068650110000000000e+12 0.000000000000000000e+00 0.000000000000000000e+00
3.939999999999999817e-04 5.059112440000000000e+12 0.000000000000000000e+00 0.000000000000000000e+00
3.940999999999999842e-04 5.049570970000000000e+12 0.000000000000000000e+00 0.000000000000000000e+00
3.941999999999999866e-04 5.040025750000000000e+12 0.000000000000000000e+00 0.000000000000000000e+00
3.942999999999999890e-04 5.030476820000000000e+12 0.000000000000000000e+00 0.000000000000000000e+00
3.943999999999999915e-04 5.020924220000000000e+12 0.000000000000000000e+00 0.000000000000000000e+00
3.944999999999999939e-04 5.011367980000000000e+12 0.000000000000000000e+00 0.000000000000000000e+00
3.945999999999999963e-04 5.001808160000000000e+12 0.000000000000000000e+00 0.000000000000000000e+00
3.946999999999999988e-04 4.992244780000000000e+12 0.000000000000000000e+00 0.000000000000000000e+00
3.948000000000000012e-04 4.982677890000000000e+12 0.000000000000000000e+00 0.000000000000000000e+00
3.949000000000000036e-04 4.973107530000000000e+12 0.000000000000000000e+00 0.000000000000000000e+00
3.950000000000000061e-04 4.963533740000000000e+12 0.000000000000000000e+00 0.000000000000000000e+00
3.951000000000000085e-04 4.953956560000000000e+12 0.000000000000000000e+00 0.000000000000000000e+00
3.952000000000000109e-04 4.944376020000000000e+12 0.000000000000000000e+00 0.000000000000000000e+00
3.953000000000000133e-04 4.934792170000000000e+12 0.000000000000000000e+00 0.000000000000000000e+00
3.954000000000000158e-04 4.925205040000000000e+12 0.000000000000000000e+00 0.000000000000000000e+00
3.955000000000000182e-04 4.915614680000000000e+12 0.000000000000000000e+00 0.000000000000000000e+00
3.956000000000000206e-04 4.906021120000000000e+12 0.000000000000000000e+00 0.000000000000000000e+00
3.957000000000000231e-04 4.896424410000000000e+12 0.000000000000000000e+00 0.000000000000000000e+00
3.958000000000000255e-04 4.886824580000000000e+12 0.000000000000000000e+00 0.000000000000000000e+00
3.958999999999999737e-04 4.877221680000000000e+12 0.000000000000000000e+00 0.000000000000000000e+00
3.959999999999999762e-04 4.867615740000000000e+12 0.000000000000000000e+00 0.000000000000000000e+00
3.960999999999999786e-04 4.858006790000000000e+12 0.000000000000000000e+00 0.000000000000000000e+00
3.961999999999999810e-04 4.848394890000000000e+12 0.000000000000000000e+00 0.000000000000000000e+00
3.962999999999999834e-04 4.838780070000000000e+12 0.000000000000000000e+00 0.000000000000000000e+00
3.963999999999999859e-04 4.829162370000000000e+12 0.000000000000000000e+00 0.000000000000000000e+00
3.964999999999999883e-04 4.819541820000000000e+12 0.000000000000000000e+00 0.000000000000000000e+00
3.965999999999999907e-04 4.809918470000000000e+12 0.000000000000000000e+00 0.000000000000000000e+00
3.966999999999999932e-04 4.800292350000000000e+12 0.000000000000000000e+00 0.000000000000000000e+00
3.967999999999999956e-04 4.790663510000000000e+12 0.000000000000000000e+00 0.000000000000000000e+00
3.968999999999999980e-04 4.781031990000000000e+12 0.000000000000000000e+00 0.000000000000000000e+00
3.970000000000000005e-04 4.771397810000000000e+12 0.000000000000000000e+00 0.000000000000000000e+00
3.971000000000000029e-04 4.761761020000000000e+12 0.000000000000000000e+00 0.000000000000000000e+00
3.972000000000000053e-04 4.752121670000000000e+12 0.000000000000000000e+00 0.000000000000000000e+00
3.973000000000000078e-04 4.742479780000000000e+12 0.000000000000000000e+00 0.000000000000000000e+00
3.974000000000000102e-04 4.732835390000000000e+12 0.000000000000000000e+00 0.000000000000000000e+00
3.975000000000000126e-04 4.723188550000000000e+12 0.000000000000000000e+00 0.000000000000000000e+00
3.976000000000000150e-04 4.713539300000000000e+12 0.000000000000000000e+00 0.000000000000000000e+00
3.977000000000000175e-04 4.703887660000000000e+12 0.000000000000000000e+00 0.000000000000000000e+00
3.978000000000000199e-04 4.694233690000000000e+12 0.000000000000000000e+00 0.000000000000000000e+00
3.979000000000000223e-04 4.684577410000000000e+12 0.000000000000000000e+00 0.000000000000000000e+00
3.980000000000000248e-04 4.674918870000000000e+12 0.000000000000000000e+00 0.000000000000000000e+00
3.980999999999999730e-04 4.665258100000000000e+12 0.000000000000000000e+00 0.000000000000000000e+00
3.981999999999999754e-04 4.655595150000000000e+12 0.000000000000000000e+00 0.000000000000000000e+00
3.982999999999999778e-04 4.645930050000000000e+12 0.000000000000000000e+00 0.000000000000000000e+00
3.983999999999999803e-04 4.636262830000000000e+12 0.000000000000000000e+00 0.000000000000000000e+00
3.984999999999999827e-04 4.626593540000000000e+12 0.000000000000000000e+00 0.000000000000000000e+00
3.985999999999999851e-04 4.616922220000000000e+12 0.000000000000000000e+00 0.000000000000000000e+00
3.986999999999999876e-04 4.607248900000000000e+12 0.000000000000000000e+00 0.000000000000000000e+00
3.987999999999999900e-04 4.597573620000000000e+12 0.000000000000000000e+00 0.000000000000000000e+00
3.988999999999999924e-04 4.587896420000000000e+12 0.000000000000000000e+00 0.000000000000000000e+00
3.989999999999999949e-04 4.578217330000000000e+12 0.000000000000000000e+00 0.000000000000000000e+00
3.990999999999999973e-04 4.568536400000000000e+12 0.000000000000000000e+00 0.000000000000000000e+00
3.991999999999999997e-04 4.558853660000000000e+12 0.000000000000000000e+00 0.000000000000000000e+00
3.993000000000000022e-04 4.549169140000000000e+12 0.000000000000000000e+00 0.000000000000000000e+00
3.994000000000000046e-04 4.539482900000000000e+12 0.000000000000000000e+00 0.000000000000000000e+00
3.995000000000000070e-04 4.529794950000000000e+12 0.000000000000000000e+00 0.000000000000000000e+00
3.996000000000000094e-04 4.520105350000000000e+12 0.000000000000000000e+00 0.000000000000000000e+00
3.997000000000000119e-04 4.510414130000000000e+12 0.000000000000000000e+00 0.000000000000000000e+00
3.998000000000000143e-04 4.500721320000000000e+12 0.000000000000000000e+00 0.000000000000000000e+00
3.999000000000000167e-04 4.491026970000000000e+12 0.000000000000000000e+00 0.000000000000000000e+00
4.000000000000000192e-04 4.481331110000000000e+12 0.000000000000000000e+00 0.000000000000000000e+00
4.001000000000000216e-04 4.471633770000000000e+12 0.000000000000000000e+00 0.000000000000000000e+00
4.002000000000000240e-04 4.461935000000000000e+12 0.000000000000000000e+00 0.000000000000000000e+00
4.003000000000000265e-04 4.452234840000000000e+12 0.000000000000000000e+00 0.000000000000000000e+00
4.003999999999999747e-04 4.442533310000000000e+12 0.000000000000000000e+00 0.000000000000000000e+00
4.004999999999999771e-04 4.432830450000000000e+12 0.000000000000000000e+00 0.000000000000000000e+00
4.005999999999999795e-04 4.423126310000000000e+12 0.000000000000000000e+00 0.000000000000000000e+00
4.006999999999999820e-04 4.413420920000000000e+12 0.000000000000000000e+00 0.000000000000000000e+00
4.007999999999999844e-04 4.403714320000000000e+12 0.000000000000000000e+00 0.000000000000000000e+00
4.008999999999999868e-04 4.394006540000000000e+12 0.000000000000000000e+00 0.000000000000000000e+00
4.009999999999999893e-04 4.384297620000000000e+12 0.000000000000000000e+00 0.000000000000000000e+00
4.010999999999999917e-04 4.374587600000000000e+12 0.000000000000000000e+00 0.000000000000000000e+00
4.011999999999999941e-04 4.364876500000000000e+12 0.000000000000000000e+00 0.000000000000000000e+00
4.012999999999999966e-04 4.355164380000000000e+12 0.000000000000000000e+00 0.000000000000000000e+00
4.013999999999999990e-04 4.345451270000000000e+12 0.000000000000000000e+00 0.000000000000000000e+00
4.015000000000000014e-04 4.335737200000000000e+12 0.000000000000000000e+00 0.000000000000000000e+00
4.016000000000000038e-04 4.326022210000000000e+12 0.000000000000000000e+00 0.000000000000000000e+00
4.017000000000000063e-04 4.316306330000000000e+12 0.000000000000000000e+00 0.000000000000000000e+00
4.018000000000000087e-04 4.306589610000000000e+12 0.000000000000000000e+00 0.000000000000000000e+00
4.019000000000000111e-04 4.296872080000000000e+12 0.000000000000000000e+00 0.000000000000000000e+00
4.020000000000000136e-04 4.287153770000000000e+12 0.000000000000000000e+00 0.000000000000000000e+00
4.021000000000000160e-04 4.277434720000000000e+12 0.000000000000000000e+00 0.000000000000000000e+00
4.022000000000000184e-04 4.267714960000000000e+12 0.000000000000000000e+00 0.000000000000000000e+00
4.023000000000000209e-04 4.257994540000000000e+12 0.000000000000000000e+00 0.000000000000000000e+00
4.024000000000000233e-04 4.248273490000000000e+12 0.000000000000000000e+00 0.000000000000000000e+00
4.025000000000000257e-04 4.238551850000000000e+12 0.000000000000000000e+00 0.000000000000000000e+00
4.025999999999999739e-04 4.228829640000000000e+12 0.000000000000000000e+00 0.000000000000000000e+00
4.026999999999999764e-04 4.219106910000000000e+12 0.000000000000000000e+00 0.000000000000000000e+00
4.027999999999999788e-04 4.209383690000000000e+12 0.000000000000000000e+00 0.000000000000000000e+00
4.028999999999999812e-04 4.199660020000000000e+12 0.000000000000000000e+00 0.000000000000000000e+00
4.029999999999999837e-04 4.189935940000000000e+12 0.000000000000000000e+00 0.000000000000000000e+00
4.030999999999999861e-04 4.180211470000000000e+12 0.000000000000000000e+00 0.000000000000000000e+00
4.031999999999999885e-04 4.170486660000000000e+12 0.000000000000000000e+00 0.000000000000000000e+00
4.032999999999999910e-04 4.160761540000000000e+12 0.000000000000000000e+00 0.000000000000000000e+00
4.033999999999999934e-04 4.151036150000000000e+12 0.000000000000000000e+00 0.000000000000000000e+00
4.034999999999999958e-04 4.141310520000000000e+12 0.000000000000000000e+00 0.000000000000000000e+00
4.035999999999999983e-04 4.131584680000000000e+12 0.000000000000000000e+00 0.000000000000000000e+00
4.037000000000000007e-04 4.121858680000000000e+12 0.000000000000000000e+00 0.000000000000000000e+00
4.038000000000000031e-04 4.112132540000000000e+12 0.000000000000000000e+00 0.000000000000000000e+00
4.039000000000000055e-04 4.102406310000000000e+12 0.000000000000000000e+00 0.000000000000000000e+00
4.040000000000000080e-04 4.092680010000000000e+12 0.000000000000000000e+00 0.000000000000000000e+00
4.041000000000000104e-04 4.082953690000000000e+12 0.000000000000000000e+00 0.000000000000000000e+00
4.042000000000000128e-04 4.073227370000000000e+12 0.000000000000000000e+00 0.000000000000000000e+00
4.043000000000000153e-04 4.063501100000000000e+12 0.000000000000000000e+00 0.000000000000000000e+00
4.044000000000000177e-04 4.053774910000000000e+12 0.000000000000000000e+00 0.000000000000000000e+00
4.045000000000000201e-04 4.044048820000000000e+12 0.000000000000000000e+00 0.000000000000000000e+00
4.046000000000000226e-04 4.034322890000000000e+12 0.000000000000000000e+00 0.000000000000000000e+00
4.047000000000000250e-04 4.024597140000000000e+12 0.000000000000000000e+00 0.000000000000000000e+00
4.047999999999999732e-04 4.014871600000000000e+12 0.000000000000000000e+00 0.000000000000000000e+00
4.048999999999999756e-04 4.005146320000000000e+12 0.000000000000000000e+00 0.000000000000000000e+00
4.049999999999999781e-04 3.995421320000000000e+12 0.000000000000000000e+00 0.000000000000000000e+00
4.050999999999999805e-04 3.985696650000000000e+12 0.000000000000000000e+00 0.000000000000000000e+00
4.051999999999999829e-04 3.975972330000000000e+12 0.000000000000000000e+00 0.000000000000000000e+00
4.052999999999999854e-04 3.966248400000000000e+12 0.000000000000000000e+00 0.000000000000000000e+00
4.053999999999999878e-04 3.956524890000000000e+12 0.000000000000000000e+00 0.000000000000000000e+00
4.054999999999999902e-04 3.946801850000000000e+12 0.000000000000000000e+00 0.000000000000000000e+00
4.055999999999999927e-04 3.937079290000000000e+12 0.000000000000000000e+00 0.000000000000000000e+00
4.056999999999999951e-04 3.927357270000000000e+12 0.000000000000000000e+00 0.000000000000000000e+00
4.057999999999999975e-04 3.917635800000000000e+12 0.000000000000000000e+00 0.000000000000000000e+00
4.058999999999999999e-04 3.907914940000000000e+12 0.000000000000000000e+00 0.000000000000000000e+00
4.060000000000000024e-04 3.898194700000000000e+12 0.000000000000000000e+00 0.000000000000000000e+00
4.061000000000000048e-04 3.888475120000000000e+12 0.000000000000000000e+00 0.000000000000000000e+00
4.062000000000000072e-04 3.878756240000000000e+12 0.000000000000000000e+00 0.000000000000000000e+00
4.063000000000000097e-04 3.869038100000000000e+12 0.000000000000000000e+00 0.000000000000000000e+00
4.064000000000000121e-04 3.859320720000000000e+12 0.000000000000000000e+00 0.000000000000000000e+00
4.065000000000000145e-04 3.849604140000000000e+12 0.000000000000000000e+00 0.000000000000000000e+00
4.066000000000000170e-04 3.839888390000000000e+12 0.000000000000000000e+00 0.000000000000000000e+00
4.067000000000000194e-04 3.830173510000000000e+12 0.000000000000000000e+00 0.000000000000000000e+00
4.068000000000000218e-04 3.820459530000000000e+12 0.000000000000000000e+00 0.000000000000000000e+00
4.069000000000000243e-04 3.810746480000000000e+12 0.000000000000000000e+00 0.000000000000000000e+00
4.070000000000000267e-04 3.801034410000000000e+12 0.000000000000000000e+00 0.000000000000000000e+00
4.070999999999999749e-04 3.791323330000000000e+12 0.000000000000000000e+00 0.000000000000000000e+00
4.071999999999999773e-04 3.781613290000000000e+12 0.000000000000000000e+00 0.000000000000000000e+00
4.072999999999999798e-04 3.771904310000000000e+12 0.000000000000000000e+00 0.000000000000000000e+00
4.073999999999999822e-04 3.762196440000000000e+12 0.000000000000000000e+00 0.000000000000000000e+00
4.074999999999999846e-04 3.752489700000000000e+12 0.000000000000000000e+00 0.000000000000000000e+00
4.075999999999999871e-04 3.742784130000000000e+12 0.000000000000000000e+00 0.000000000000000000e+00
4.076999999999999895e-04 3.733079770000000000e+12 0.000000000000000000e+00 0.000000000000000000e+00
4.077999999999999919e-04 3.723376630000000000e+12 0.000000000000000000e+00 0.000000000000000000e+00
4.078999999999999944e-04 3.713674760000000000e+12 0.000000000000000000e+00 0.000000000000000000e+00
4.079999999999999968e-04 3.703974200000000000e+12 0.000000000000000000e+00 0.000000000000000000e+00
4.080999999999999992e-04 3.694274960000000000e+12 0.000000000000000000e+00 0.000000000000000000e+00
4.082000000000000016e-04 3.684577100000000000e+12 0.000000000000000000e+00 0.000000000000000000e+00
4.083000000000000041e-04 3.674880630000000000e+12 0.000000000000000000e+00 0.000000000000000000e+00
4.084000000000000065e-04 3.665185590000000000e+12 0.000000000000000000e+00 0.000000000000000000e+00
4.085000000000000089e-04 3.655492020000000000e+12 0.000000000000000000e+00 0.000000000000000000e+00
4.086000000000000114e-04 3.645799940000000000e+12 0.000000000000000000e+00 0.000000000000000000e+00
4.087000000000000138e-04 3.636109400000000000e+12 0.000000000000000000e+00 0.000000000000000000e+00
4.088000000000000162e-04 3.626420420000000000e+12 0.000000000000000000e+00 0.000000000000000000e+00
4.089000000000000187e-04 3.616733030000000000e+12 0.000000000000000000e+00 0.000000000000000000e+00
4.090000000000000211e-04 3.607047270000000000e+12 0.000000000000000000e+00 0.000000000000000000e+00
4.091000000000000235e-04 3.597363170000000000e+12 0.000000000000000000e+00 0.000000000000000000e+00
4.092000000000000260e-04 3.587680760000000000e+12 0.000000000000000000e+00 0.000000000000000000e+00
4.092999999999999742e-04 3.578000080000000000e+12 0.000000000000000000e+00 0.000000000000000000e+00
4.093999999999999766e-04 3.568321150000000000e+12 0.000000000000000000e+00 0.000000000000000000e+00
4.094999999999999790e-04 3.558644010000000000e+12 0.000000000000000000e+00 0.000000000000000000e+00
4.095999999999999815e-04 3.548968690000000000e+12 0.000000000000000000e+00 0.000000000000000000e+00
4.096999999999999839e-04 3.539295230000000000e+12 0.000000000000000000e+00 0.000000000000000000e+00
4.097999999999999863e-04 3.529623650000000000e+12 0.000000000000000000e+00 0.000000000000000000e+00
4.098999999999999888e-04 3.519953990000000000e+12 0.000000000000000000e+00 0.000000000000000000e+00
4.099999999999999912e-04 3.510286280000000000e+12 0.000000000000000000e+00 0.000000000000000000e+00
4.100999999999999936e-04 3.500620540000000000e+12 0.000000000000000000e+00 0.000000000000000000e+00
4.101999999999999960e-04 3.490956820000000000e+12 0.000000000000000000e+00 0.000000000000000000e+00
4.102999999999999985e-04 3.481295150000000000e+12 0.000000000000000000e+00 0.000000000000000000e+00
4.104000000000000009e-04 3.471635550000000000e+12 0.000000000000000000e+00 0.000000000000000000e+00
4.105000000000000033e-04 3.461978060000000000e+12 0.000000000000000000e+00 0.000000000000000000e+00
4.106000000000000058e-04 3.452322710000000000e+12 0.000000000000000000e+00 0.000000000000000000e+00
4.107000000000000082e-04 3.442669530000000000e+12 0.000000000000000000e+00 0.000000000000000000e+00
4.108000000000000106e-04 3.433018550000000000e+12 0.000000000000000000e+00 0.000000000000000000e+00
4.109000000000000131e-04 3.423369800000000000e+12 0.000000000000000000e+00 0.000000000000000000e+00
4.110000000000000155e-04 3.413723320000000000e+12 0.000000000000000000e+00 0.000000000000000000e+00
4.111000000000000179e-04 3.404079140000000000e+12 0.000000000000000000e+00 0.000000000000000000e+00
4.112000000000000204e-04 3.394437280000000000e+12 0.000000000000000000e+00 0.000000000000000000e+00
4.113000000000000228e-04 3.384797780000000000e+12 0.000000000000000000e+00 0.000000000000000000e+00
4.114000000000000252e-04 3.375160680000000000e+12 0.000000000000000000e+00 0.000000000000000000e+00
4.114999999999999734e-04 3.365525990000000000e+12 0.000000000000000000e+00 0.000000000000000000e+00
4.115999999999999759e-04 3.355893760000000000e+12 0.000000000000000000e+00 0.000000000000000000e+00
4.116999999999999783e-04 3.346264000000000000e+12 0.000000000000000000e+00 0.000000000000000000e+00
4.117999999999999807e-04 3.336636770000000000e+12 0.000000000000000000e+00 0.000000000000000000e+00
4.118999999999999832e-04 3.327012070000000000e+12 0.000000000000000000e+00 0.000000000000000000e+00
4.119999999999999856e-04 3.317389960000000000e+12 0.000000000000000000e+00 0.000000000000000000e+00
4.120999999999999880e-04 3.307770450000000000e+12 0.000000000000000000e+00 0.000000000000000000e+00
4.121999999999999905e-04 3.298153570000000000e+12 0.000000000000000000e+00 0.000000000000000000e+00
4.122999999999999929e-04 3.288539360000000000e+12 0.000000000000000000e+00 0.000000000000000000e+00
4.123999999999999953e-04 3.278927860000000000e+12 0.000000000000000000e+00 0.000000000000000000e+00
4.124999999999999977e-04 3.269319080000000000e+12 0.000000000000000000e+00 0.000000000000000000e+00
4.126000000000000002e-04 3.259713060000000000e+12 0.000000000000000000e+00 0.000000000000000000e+00
4.127000000000000026e-04 3.250109830000000000e+12 0.000000000000000000e+00 0.000000000000000000e+00
4.128000000000000050e-04 3.240509420000000000e+12 0.000000000000000000e+00 0.000000000000000000e+00
4.129000000000000075e-04 3.230911860000000000e+12 0.000000000000000000e+00 0.000000000000000000e+00
4.130000000000000099e-04 3.221317180000000000e+12 0.000000000000000000e+00 0.000000000000000000e+00
4.131000000000000123e-04 3.211725410000000000e+12 0.000000000000000000e+00 0.000000000000000000e+00
4.132000000000000148e-04 3.202136580000000000e+12 0.000000000000000000e+00 0.000000000000000000e+00
4.133000000000000172e-04 3.192550720000000000e+12 0.000000000000000000e+00 0.000000000000000000e+00
4.134000000000000196e-04 3.182967860000000000e+12 0.000000000000000000e+00 0.000000000000000000e+00
4.135000000000000221e-04 3.173388040000000000e+12 0.000000000000000000e+00 0.000000000000000000e+00
4.136000000000000245e-04 3.163811270000000000e+12 0.000000000000000000e+00 0.000000000000000000e+00
4.137000000000000269e-04 3.154237600000000000e+12 0.000000000000000000e+00 0.000000000000000000e+00
4.137999999999999751e-04 3.144667050000000000e+12 0.000000000000000000e+00 0.000000000000000000e+00
4.138999999999999776e-04 3.135099640000000000e+12 0.000000000000000000e+00 0.000000000000000000e+00
4.139999999999999800e-04 3.125535420000000000e+12 0.000000000000000000e+00 0.000000000000000000e+00
4.140999999999999824e-04 3.115974400000000000e+12 0.000000000000000000e+00 0.000000000000000000e+00
4.141999999999999849e-04 3.106416630000000000e+12 0.000000000000000000e+00 0.000000000000000000e+00
4.142999999999999873e-04 3.096862120000000000e+12 0.000000000000000000e+00 0.000000000000000000e+00
4.143999999999999897e-04 3.087310910000000000e+12 0.000000000000000000e+00 0.000000000000000000e+00
4.144999999999999921e-04 3.077763030000000000e+12 0.000000000000000000e+00 0.000000000000000000e+00
4.145999999999999946e-04 3.068218500000000000e+12 0.000000000000000000e+00 0.000000000000000000e+00
4.146999999999999970e-04 3.058677360000000000e+12 0.000000000000000000e+00 0.000000000000000000e+00
4.147999999999999994e-04 3.049139640000000000e+12 0.000000000000000000e+00 0.000000000000000000e+00
4.149000000000000019e-04 3.039605360000000000e+12 0.000000000000000000e+00 0.000000000000000000e+00
4.150000000000000043e-04 3.030074560000000000e+12 0.000000000000000000e+00 0.000000000000000000e+00
4.151000000000000067e-04 3.020547250000000000e+12 0.000000000000000000e+00 0.000000000000000000e+00
4.152000000000000092e-04 3.011023480000000000e+12 0.000000000000000000e+00 0.000000000000000000e+00
4.153000000000000116e-04 3.001503270000000000e+12 0.000000000000000000e+00 0.000000000000000000e+00
4.154000000000000140e-04 2.991986650000000000e+12 0.000000000000000000e+00 0.000000000000000000e+00
4.155000000000000165e-04 2.982473640000000000e+12 0.000000000000000000e+00 0.000000000000000000e+00
4.156000000000000189e-04 2.972964290000000000e+12 0.000000000000000000e+00 0.000000000000000000e+00
4.157000000000000213e-04 2.963458600000000000e+12 0.000000000000000000e+00 0.000000000000000000e+00
4.158000000000000237e-04 2.953956630000000000e+12 0.000000000000000000e+00 0.000000000000000000e+00
4.159000000000000262e-04 2.944458380000000000e+12 0.000000000000000000e+00 0.000000000000000000e+00
4.159999999999999744e-04 2.934963900000000000e+12 0.000000000000000000e+00 0.000000000000000000e+00
4.160999999999999768e-04 2.925473210000000000e+12 0.000000000000000000e+00 0.000000000000000000e+00
4.161999999999999793e-04 2.915986340000000000e+12 0.000000000000000000e+00 0.000000000000000000e+00
4.162999999999999817e-04 2.906503310000000000e+12 0.000000000000000000e+00 0.000000000000000000e+00
4.163999999999999841e-04 2.897024160000000000e+12 0.000000000000000000e+00 0.000000000000000000e+00
4.164999999999999866e-04 2.887548910000000000e+12 0.000000000000000000e+00 0.000000000000000000e+00
4.165999999999999890e-04 2.878077590000000000e+12 0.000000000000000000e+00 0.000000000000000000e+00
4.166999999999999914e-04 2.868610240000000000e+12 0.000000000000000000e+00 0.000000000000000000e+00
4.167999999999999938e-04 2.859146870000000000e+12 0.000000000000000000e+00 0.000000000000000000e+00
4.168999999999999963e-04 2.849687510000000000e+12 0.000000000000000000e+00 0.000000000000000000e+00
4.169999999999999987e-04 2.840232200000000000e+12 0.000000000000000000e+00 0.000000000000000000e+00
4.171000000000000011e-04 2.830780970000000000e+12 0.000000000000000000e+00 0.000000000000000000e+00
4.172000000000000036e-04 2.821333830000000000e+12 0.000000000000000000e+00 0.000000000000000000e+00
4.173000000000000060e-04 2.811890820000000000e+12 0.000000000000000000e+00 0.000000000000000000e+00
4.174000000000000084e-04 2.802451960000000000e+12 0.000000000000000000e+00 0.000000000000000000e+00
4.175000000000000109e-04 2.793017290000000000e+12 0.000000000000000000e+00 0.000000000000000000e+00
4.176000000000000133e-04 2.783586830000000000e+12 0.000000000000000000e+00 0.000000000000000000e+00
4.177000000000000157e-04 2.774160610000000000e+12 0.000000000000000000e+00 0.000000000000000000e+00
4.178000000000000182e-04 2.764738650000000000e+12 0.000000000000000000e+00 0.000000000000000000e+00
4.179000000000000206e-04 2.755320990000000000e+12 0.000000000000000000e+00 0.000000000000000000e+00
4.180000000000000230e-04 2.745907640000000000e+12 0.000000000000000000e+00 0.000000000000000000e+00
4.181000000000000254e-04 2.736498650000000000e+12 0.000000000000000000e+00 0.000000000000000000e+00
4.181999999999999737e-04 2.727094030000000000e+12 0.000000000000000000e+00 0.000000000000000000e+00
4.182999999999999761e-04 2.717693810000000000e+12 0.000000000000000000e+00 0.000000000000000000e+00
4.183999999999999785e-04 2.708298020000000000e+12 0.000000000000000000e+00 0.000000000000000000e+00
4.184999999999999810e-04 2.698906690000000000e+12 0.000000000000000000e+00 0.000000000000000000e+00
4.185999999999999834e-04 2.689519840000000000e+12 0.000000000000000000e+00 0.000000000000000000e+00
4.186999999999999858e-04 2.680137500000000000e+12 0.000000000000000000e+00 0.000000000000000000e+00
4.187999999999999882e-04 2.670759700000000000e+12 0.000000000000000000e+00 0.000000000000000000e+00
4.188999999999999907e-04 2.661386470000000000e+12 0.000000000000000000e+00 0.000000000000000000e+00
4.189999999999999931e-04 2.652017820000000000e+12 0.000000000000000000e+00 0.000000000000000000e+00
4.190999999999999955e-04 2.642653800000000000e+12 0.000000000000000000e+00 0.000000000000000000e+00
4.191999999999999980e-04 2.633294420000000000e+12 0.000000000000000000e+00 0.000000000000000000e+00
4.193000000000000004e-04 2.623939710000000000e+12 0.000000000000000000e+00 0.000000000000000000e+00
4.194000000000000028e-04 2.614589700000000000e+12 0.000000000000000000e+00 0.000000000000000000e+00
4.195000000000000053e-04 2.605244420000000000e+12 0.000000000000000000e+00 0.000000000000000000e+00
4.196000000000000077e-04 2.595903880000000000e+12 0.000000000000000000e+00 0.000000000000000000e+00
4.197000000000000101e-04 2.586568130000000000e+12 0.000000000000000000e+00 0.000000000000000000e+00
4.198000000000000126e-04 2.577237180000000000e+12 0.000000000000000000e+00 0.000000000000000000e+00
4.199000000000000150e-04 2.567911060000000000e+12 0.000000000000000000e+00 0.000000000000000000e+00
4.200000000000000174e-04 2.558589790000000000e+12 0.000000000000000000e+00 0.000000000000000000e+00
4.201000000000000198e-04 2.549273410000000000e+12 0.000000000000000000e+00 0.000000000000000000e+00
4.202000000000000223e-04 2.539961940000000000e+12 0.000000000000000000e+00 0.000000000000000000e+00
4.203000000000000247e-04 2.530655400000000000e+12 0.000000000000000000e+00 0.000000000000000000e+00
4.203999999999999729e-04 2.521353830000000000e+12 0.000000000000000000e+00 0.000000000000000000e+00
4.204999999999999754e-04 2.512057240000000000e+12 0.000000000000000000e+00 0.000000000000000000e+00
4.205999999999999778e-04 2.502765670000000000e+12 0.000000000000000000e+00 0.000000000000000000e+00
4.206999999999999802e-04 2.493479130000000000e+12 0.000000000000000000e+00 0.000000000000000000e+00
4.207999999999999827e-04 2.484197660000000000e+12 0.000000000000000000e+00 0.000000000000000000e+00
4.208999999999999851e-04 2.474921280000000000e+12 0.000000000000000000e+00 0.000000000000000000e+00
4.209999999999999875e-04 2.465650020000000000e+12 0.000000000000000000e+00 0.000000000000000000e+00
4.210999999999999899e-04 2.456383900000000000e+12 0.000000000000000000e+00 0.000000000000000000e+00
4.211999999999999924e-04 2.447122940000000000e+12 0.000000000000000000e+00 0.000000000000000000e+00
4.212999999999999948e-04 2.437867180000000000e+12 0.000000000000000000e+00 0.000000000000000000e+00
4.213999999999999972e-04 2.428616640000000000e+12 0.000000000000000000e+00 0.000000000000000000e+00
4.214999999999999997e-04 2.419371340000000000e+12 0.000000000000000000e+00 0.000000000000000000e+00
4.216000000000000021e-04 2.410131310000000000e+12 0.000000000000000000e+00 0.000000000000000000e+00
4.217000000000000045e-04 2.400896580000000000e+12 0.000000000000000000e+00 0.000000000000000000e+00
4.218000000000000070e-04 2.391667160000000000e+12 0.000000000000000000e+00 0.000000000000000000e+00
4.219000000000000094e-04 2.382443090000000000e+12 0.000000000000000000e+00 0.000000000000000000e+00
4.220000000000000118e-04 2.373224390000000000e+12 0.000000000000000000e+00 0.000000000000000000e+00
4.221000000000000143e-04 2.364011090000000000e+12 0.000000000000000000e+00 0.000000000000000000e+00
4.222000000000000167e-04 2.354803210000000000e+12 0.000000000000000000e+00 0.000000000000000000e+00
4.223000000000000191e-04 2.345600770000000000e+12 0.000000000000000000e+00 0.000000000000000000e+00
4.224000000000000215e-04 2.336403800000000000e+12 0.000000000000000000e+00 0.000000000000000000e+00
4.225000000000000240e-04 2.327212330000000000e+12 0.000000000000000000e+00 0.000000000000000000e+00
4.226000000000000264e-04 2.318026370000000000e+12 0.000000000000000000e+00 0.000000000000000000e+00
4.226999999999999746e-04 2.308845960000000000e+12 0.000000000000000000e+00 0.000000000000000000e+00
4.227999999999999771e-04 2.299671120000000000e+12 0.000000000000000000e+00 0.000000000000000000e+00
4.228999999999999795e-04 2.290501880000000000e+12 0.000000000000000000e+00 0.000000000000000000e+00
4.229999999999999819e-04 2.281338250000000000e+12 0.000000000000000000e+00 0.000000000000000000e+00
4.230999999999999843e-04 2.272180260000000000e+12 0.000000000000000000e+00 0.000000000000000000e+00
4.231999999999999868e-04 2.263027940000000000e+12 0.000000000000000000e+00 0.000000000000000000e+00
4.232999999999999892e-04 2.253881320000000000e+12 0.000000000000000000e+00 0.000000000000000000e+00
4.233999999999999916e-04 2.244740410000000000e+12 0.000000000000000000e+00 0.000000000000000000e+00
4.234999999999999941e-04 2.235605240000000000e+12 0.000000000000000000e+00 0.000000000000000000e+00
4.235999999999999965e-04 2.226475830000000000e+12 0.000000000000000000e+00 0.000000000000000000e+00
4.236999999999999989e-04 2.217352210000000000e+12 0.000000000000000000e+00 0.000000000000000000e+00
4.238000000000000014e-04 2.208234410000000000e+12 0.000000000000000000e+00 0.000000000000000000e+00
4.239000000000000038e-04 2.199122440000000000e+12 0.000000000000000000e+00 0.000000000000000000e+00
4.240000000000000062e-04 2.190016330000000000e+12 0.000000000000000000e+00 0.000000000000000000e+00
4.241000000000000087e-04 2.180916110000000000e+12 0.000000000000000000e+00 0.000000000000000000e+00
4.242000000000000111e-04 2.171821790000000000e+12 0.000000000000000000e+00 0.000000000000000000e+00
4.243000000000000135e-04 2.162733410000000000e+12 0.000000000000000000e+00 0.000000000000000000e+00
4.244000000000000159e-04 2.153650980000000000e+12 0.000000000000000000e+00 0.000000000000000000e+00
4.245000000000000184e-04 2.144574540000000000e+12 0.000000000000000000e+00 0.000000000000000000e+00
4.246000000000000208e-04 2.135504090000000000e+12 0.000000000000000000e+00 0.000000000000000000e+00
4.247000000000000232e-04 2.126439680000000000e+12 0.000000000000000000e+00 0.000000000000000000e+00
4.248000000000000257e-04 2.117381310000000000e+12 0.000000000000000000e+00 0.000000000000000000e+00
4.248999999999999739e-04 2.108329020000000000e+12 0.000000000000000000e+00 0.000000000000000000e+00
4.249999999999999763e-04 2.099282820000000000e+12 0.000000000000000000e+00 0.000000000000000000e+00
4.250999999999999788e-04 2.090242750000000000e+12 0.000000000000000000e+00 0.000000000000000000e+00
4.251999999999999812e-04 2.081208810000000000e+12 0.000000000000000000e+00 0.000000000000000000e+00
4.252999999999999836e-04 2.072181050000000000e+12 0.000000000000000000e+00 0.000000000000000000e+00
4.253999999999999860e-04 2.063159480000000000e+12 0.000000000000000000e+00 0.000000000000000000e+00
4.254999999999999885e-04 2.054144120000000000e+12 0.000000000000000000e+00 0.000000000000000000e+00
4.255999999999999909e-04 2.045134990000000000e+12 0.000000000000000000e+00 0.000000000000000000e+00
4.256999999999999933e-04 2.036132130000000000e+12 0.000000000000000000e+00 0.000000000000000000e+00
4.257999999999999958e-04 2.027135550000000000e+12 0.000000000000000000e+00 0.000000000000000000e+00
4.258999999999999982e-04 2.018145270000000000e+12 0.000000000000000000e+00 0.000000000000000000e+00
4.260000000000000006e-04 2.009161320000000000e+12 0.000000000000000000e+00 0.000000000000000000e+00
4.261000000000000031e-04 2.000183720000000000e+12 0.000000000000000000e+00 0.000000000000000000e+00
4.262000000000000055e-04 1.991212500000000000e+12 0.000000000000000000e+00 0.000000000000000000e+00
4.263000000000000079e-04 1.982247670000000000e+12 0.000000000000000000e+00 0.000000000000000000e+00
4.264000000000000104e-04 1.973289260000000000e+12 0.000000000000000000e+00 0.000000000000000000e+00
4.265000000000000128e-04 1.964337290000000000e+12 0.000000000000000000e+00 0.000000000000000000e+00
4.266000000000000152e-04 1.955391790000000000e+12 0.000000000000000000e+00 0.000000000000000000e+00
4.267000000000000176e-04 1.946452770000000000e+12 0.000000000000000000e+00 0.000000000000000000e+00
4.268000000000000201e-04 1.937520270000000000e+12 0.000000000000000000e+00 0.000000000000000000e+00
4.269000000000000225e-04 1.928594290000000000e+12 0.000000000000000000e+00 0.000000000000000000e+00
4.270000000000000249e-04 1.919674860000000000e+12 0.000000000000000000e+00 0.000000000000000000e+00
4.270999999999999732e-04 1.910762010000000000e+12 0.000000000000000000e+00 0.000000000000000000e+00
4.271999999999999756e-04 1.901855760000000000e+12 0.000000000000000000e+00 0.000000000000000000e+00
4.272999999999999780e-04 1.892956130000000000e+12 0.000000000000000000e+00 0.000000000000000000e+00
4.273999999999999804e-04 1.884063140000000000e+12 0.000000000000000000e+00 0.000000000000000000e+00
4.274999999999999829e-04 1.875176820000000000e+12 0.000000000000000000e+00 0.000000000000000000e+00
4.275999999999999853e-04 1.866297180000000000e+12 0.000000000000000000e+00 0.000000000000000000e+00
4.276999999999999877e-04 1.857424240000000000e+12 0.000000000000000000e+00 0.000000000000000000e+00
4.277999999999999902e-04 1.848558040000000000e+12 0.000000000000000000e+00 0.000000000000000000e+00
4.278999999999999926e-04 1.839698590000000000e+12 0.000000000000000000e+00 0.000000000000000000e+00
4.279999999999999950e-04 1.830845910000000000e+12 0.000000000000000000e+00 0.000000000000000000e+00
4.280999999999999975e-04 1.822000020000000000e+12 0.000000000000000000e+00 0.000000000000000000e+00
4.281999999999999999e-04 1.813160950000000000e+12 0.000000000000000000e+00 0.000000000000000000e+00
4.283000000000000023e-04 1.804328720000000000e+12 0.000000000000000000e+00 0.000000000000000000e+00
4.284000000000000048e-04 1.795503350000000000e+12 0.000000000000000000e+00 0.000000000000000000e+00
4.285000000000000072e-04 1.786684850000000000e+12 0.000000000000000000e+00 0.000000000000000000e+00
4.286000000000000096e-04 1.777873260000000000e+12 0.000000000000000000e+00 0.000000000000000000e+00
4.287000000000000120e-04 1.769068590000000000e+12 0.000000000000000000e+00 0.000000000000000000e+00
4.288000000000000145e-04 1.760270870000000000e+12 0.000000000000000000e+00 0.000000000000000000e+00
4.289000000000000169e-04 1.751480110000000000e+12 0.000000000000000000e+00 0.000000000000000000e+00
4.290000000000000193e-04 1.742696340000000000e+12 0.000000000000000000e+00 0.000000000000000000e+00
4.291000000000000218e-04 1.733919570000000000e+12 0.000000000000000000e+00 0.000000000000000000e+00
4.292000000000000242e-04 1.725149830000000000e+12 0.000000000000000000e+00 0.000000000000000000e+00
4.293000000000000266e-04 1.716387150000000000e+12 0.000000000000000000e+00 0.000000000000000000e+00
4.293999999999999749e-04 1.707631530000000000e+12 0.000000000000000000e+00 0.000000000000000000e+00
4.294999999999999773e-04 1.698883000000000000e+12 0.000000000000000000e+00 0.000000000000000000e+00
4.295999999999999797e-04 1.690141590000000000e+12 0.000000000000000000e+00 0.000000000000000000e+00
4.296999999999999821e-04 1.681407310000000000e+12 0.000000000000000000e+00 0.000000000000000000e+00
4.297999999999999846e-04 1.672680180000000000e+12 0.000000000000000000e+00 0.000000000000000000e+00
4.298999999999999870e-04 1.663960230000000000e+12 0.000000000000000000e+00 0.000000000000000000e+00
4.299999999999999894e-04 1.655247470000000000e+12 0.000000000000000000e+00 0.000000000000000000e+00
4.300999999999999919e-04 1.646541920000000000e+12 0.000000000000000000e+00 0.000000000000000000e+00
4.301999999999999943e-04 1.637843610000000000e+12 0.000000000000000000e+00 0.000000000000000000e+00
4.302999999999999967e-04 1.629152560000000000e+12 0.000000000000000000e+00 0.000000000000000000e+00
4.303999999999999992e-04 1.620468780000000000e+12 0.000000000000000000e+00 0.000000000000000000e+00
4.305000000000000016e-04 1.611792300000000000e+12 0.000000000000000000e+00 0.000000000000000000e+00
4.306000000000000040e-04 1.603123130000000000e+12 0.000000000000000000e+00 0.000000000000000000e+00
4.307000000000000065e-04 1.594461310000000000e+12 0.000000000000000000e+00 0.000000000000000000e+00
4.308000000000000089e-04 1.585806830000000000e+12 0.000000000000000000e+00 0.000000000000000000e+00
4.309000000000000113e-04 1.577159740000000000e+12 0.000000000000000000e+00 0.000000000000000000e+00
4.310000000000000137e-04 1.568520040000000000e+12 0.000000000000000000e+00 0.000000000000000000e+00
4.311000000000000162e-04 1.559887760000000000e+12 0.000000000000000000e+00 0.000000000000000000e+00
4.312000000000000186e-04 1.551262920000000000e+12 0.000000000000000000e+00 0.000000000000000000e+00
4.313000000000000210e-04 1.542645530000000000e+12 0.000000000000000000e+00 0.000000000000000000e+00
4.314000000000000235e-04 1.534035610000000000e+12 0.000000000000000000e+00 0.000000000000000000e+00
4.315000000000000259e-04 1.525433200000000000e+12 0.000000000000000000e+00 0.000000000000000000e+00
4.315999999999999741e-04 1.516838300000000000e+12 0.000000000000000000e+00 0.000000000000000000e+00
4.316999999999999765e-04 1.508250930000000000e+12 0.000000000000000000e+00 0.000000000000000000e+00
4.317999999999999790e-04 1.499671120000000000e+12 0.000000000000000000e+00 0.000000000000000000e+00
4.318999999999999814e-04 1.491098880000000000e+12 0.000000000000000000e+00 0.000000000000000000e+00
4.319999999999999838e-04 1.482534240000000000e+12 0.000000000000000000e+00 0.000000000000000000e+00
4.320999999999999863e-04 1.473977200000000000e+12 0.000000000000000000e+00 0.000000000000000000e+00
4.321999999999999887e-04 1.465427800000000000e+12 0.000000000000000000e+00 0.000000000000000000e+00
4.322999999999999911e-04 1.456886050000000000e+12 0.000000000000000000e+00 0.000000000000000000e+00
4.323999999999999936e-04 1.448351980000000000e+12 0.000000000000000000e+00 0.000000000000000000e+00
4.324999999999999960e-04 1.439825590000000000e+12 0.000000000000000000e+00 0.000000000000000000e+00
4.325999999999999984e-04 1.431306910000000000e+12 0.000000000000000000e+00 0.000000000000000000e+00
4.327000000000000009e-04 1.422795960000000000e+12 0.000000000000000000e+00 0.000000000000000000e+00
4.328000000000000033e-04 1.414292750000000000e+12 0.000000000000000000e+00 0.000000000000000000e+00
4.329000000000000057e-04 1.405797310000000000e+12 0.000000000000000000e+00 0.000000000000000000e+00
4.330000000000000081e-04 1.397309650000000000e+12 0.000000000000000000e+00 0.000000000000000000e+00
4.331000000000000106e-04 1.388829800000000000e+12 0.000000000000000000e+00 0.000000000000000000e+00
4.332000000000000130e-04 1.380357770000000000e+12 0.000000000000000000e+00 0.000000000000000000e+00
4.333000000000000154e-04 1.371893580000000000e+12 0.000000000000000000e+00 0.000000000000000000e+00
4.334000000000000179e-04 1.363437250000000000e+12 0.000000000000000000e+00 0.000000000000000000e+00
4.335000000000000203e-04 1.354988790000000000e+12 0.000000000000000000e+00 0.000000000000000000e+00
4.336000000000000227e-04 1.346548240000000000e+12 0.000000000000000000e+00 0.000000000000000000e+00
4.337000000000000252e-04 1.338115590000000000e+12 0.000000000000000000e+00 0.000000000000000000e+00
4.337999999999999734e-04 1.329690880000000000e+12 0.000000000000000000e+00 0.000000000000000000e+00
4.338999999999999758e-04 1.321274120000000000e+12 0.000000000000000000e+00 0.000000000000000000e+00
4.339999999999999782e-04 1.312865340000000000e+12 0.000000000000000000e+00 0.000000000000000000e+00
4.340999999999999807e-04 1.304464540000000000e+12 0.000000000000000000e+00 0.000000000000000000e+00
4.341999999999999831e-04 1.296071740000000000e+12 0.000000000000000000e+00 0.000000000000000000e+00
4.342999999999999855e-04 1.287686970000000000e+12 0.000000000000000000e+00 0.000000000000000000e+00
4.343999999999999880e-04 1.279310240000000000e+12 0.000000000000000000e+00 0.000000000000000000e+00
4.344999999999999904e-04 1.270941570000000000e+12 0.000000000000000000e+00 0.000000000000000000e+00
4.345999999999999928e-04 1.262580980000000000e+12 0.000000000000000000e+00 0.000000000000000000e+00
4.346999999999999953e-04 1.254228490000000000e+12 0.000000000000000000e+00 0.000000000000000000e+00
4.347999999999999977e-04 1.245884110000000000e+12 0.000000000000000000e+00 0.000000000000000000e+00
4.349000000000000001e-04 1.237547860000000000e+12 0.000000000000000000e+00 0.000000000000000000e+00
4.350000000000000026e-04 1.229219760000000000e+12 0.000000000000000000e+00 0.000000000000000000e+00
4.351000000000000050e-04 1.220899820000000000e+12 0.000000000000000000e+00 0.000000000000000000e+00
4.352000000000000074e-04 1.212588080000000000e+12 0.000000000000000000e+00 0.000000000000000000e+00
4.353000000000000098e-04 1.204284530000000000e+12 0.000000000000000000e+00 0.000000000000000000e+00
4.354000000000000123e-04 1.195989200000000000e+12 0.000000000000000000e+00 0.000000000000000000e+00
4.355000000000000147e-04 1.187702110000000000e+12 0.000000000000000000e+00 0.000000000000000000e+00
4.356000000000000171e-04 1.179423280000000000e+12 0.000000000000000000e+00 0.000000000000000000e+00
4.357000000000000196e-04 1.171152720000000000e+12 0.000000000000000000e+00 0.000000000000000000e+00
4.358000000000000220e-04 1.162890440000000000e+12 0.000000000000000000e+00 0.000000000000000000e+00
4.359000000000000244e-04 1.154636470000000000e+12 0.000000000000000000e+00 0.000000000000000000e+00
4.360000000000000269e-04 1.146390830000000000e+12 0.000000000000000000e+00 0.000000000000000000e+00
4.360999999999999751e-04 1.138153530000000000e+12 0.000000000000000000e+00 0.000000000000000000e+00
4.361999999999999775e-04 1.129924580000000000e+12 0.000000000000000000e+00 0.000000000000000000e+00
4.362999999999999799e-04 1.121704010000000000e+12 0.000000000000000000e+00 0.000000000000000000e+00
4.363999999999999824e-04 1.113491830000000000e+12 0.000000000000000000e+00 0.000000000000000000e+00
4.364999999999999848e-04 1.105288050000000000e+12 0.000000000000000000e+00 0.000000000000000000e+00
4.365999999999999872e-04 1.097092710000000000e+12 0.000000000000000000e+00 0.000000000000000000e+00
4.366999999999999897e-04 1.088905800000000000e+12 0.000000000000000000e+00 0.000000000000000000e+00
4.367999999999999921e-04 1.080727350000000000e+12 0.000000000000000000e+00 0.000000000000000000e+00
4.368999999999999945e-04 1.072557380000000000e+12 0.000000000000000000e+00 0.000000000000000000e+00
4.369999999999999970e-04 1.064395900000000000e+12 0.000000000000000000e+00 0.000000000000000000e+00
4.370999999999999994e-04 1.056242930000000000e+12 0.000000000000000000e+00 0.000000000000000000e+00
4.372000000000000018e-04 1.048098480000000000e+12 0.000000000000000000e+00 0.000000000000000000e+00
4.373000000000000042e-04 1.039962580000000000e+12 0.000000000000000000e+00 0.000000000000000000e+00
4.374000000000000067e-04 1.031835230000000000e+12 0.000000000000000000e+00 0.000000000000000000e+00
4.375000000000000091e-04 1.023716460000000000e+12 0.000000000000000000e+00 0.000000000000000000e+00
4.376000000000000115e-04 1.015606280000000000e+12 0.000000000000000000e+00 0.000000000000000000e+00
4.377000000000000140e-04 1.007504700000000000e+12 0.000000000000000000e+00 0.000000000000000000e+00
4.378000000000000164e-04 9.994117450000000000e+11 0.000000000000000000e+00 0.000000000000000000e+00
4.379000000000000188e-04 9.913274290000000000e+11 0.000000000000000000e+00 0.000000000000000000e+00
4.380000000000000213e-04 9.832517690000000000e+11 0.000000000000000000e+00 0.000000000000000000e+00
4.381000000000000237e-04 9.751847790000000000e+11 0.000000000000000000e+00 0.000000000000000000e+00
4.382000000000000261e-04 9.671264750000000000e+11 0.000000000000000000e+00 0.000000000000000000e+00
4.382999999999999743e-04 9.590768750000000000e+11 0.000000000000000000e+00 0.000000000000000000e+00
4.383999999999999768e-04 9.510359920000000000e+11 0.000000000000000000e+00 0.000000000000000000e+00
4.384999999999999792e-04 9.430038440000000000e+11 0.000000000000000000e+00 0.000000000000000000e+00
4.385999999999999816e-04 9.349804460000000000e+11 0.000000000000000000e+00 0.000000000000000000e+00
4.386999999999999841e-04 9.269658130000000000e+11 0.000000000000000000e+00 0.000000000000000000e+00
4.387999999999999865e-04 9.189599610000000000e+11 0.000000000000000000e+00 0.000000000000000000e+00
4.388999999999999889e-04 9.109629060000000000e+11 0.000000000000000000e+00 0.000000000000000000e+00
4.389999999999999914e-04 9.029746630000000000e+11 0.000000000000000000e+00 0.000000000000000000e+00
4.390999999999999938e-04 8.949952480000000000e+11 0.000000000000000000e+00 0.000000000000000000e+00
4.391999999999999962e-04 8.870246750000000000e+11 0.000000000000000000e+00 0.000000000000000000e+00
4.392999999999999986e-04 8.790629610000000000e+11 0.000000000000000000e+00 0.000000000000000000e+00
4.394000000000000011e-04 8.711101200000000000e+11 0.000000000000000000e+00 0.000000000000000000e+00
4.395000000000000035e-04 8.631661680000000000e+11 0.000000000000000000e+00 0.000000000000000000e+00
4.396000000000000059e-04 8.552311200000000000e+11 0.000000000000000000e+00 0.000000000000000000e+00
4.397000000000000084e-04 8.473049910000000000e+11 0.000000000000000000e+00 0.000000000000000000e+00
4.398000000000000108e-04 8.393877960000000000e+11 0.000000000000000000e+00 0.000000000000000000e+00
4.399000000000000132e-04 8.314795500000000000e+11 0.000000000000000000e+00 0.000000000000000000e+00
4.400000000000000157e-04 8.235802680000000000e+11 0.000000000000000000e+00 0.000000000000000000e+00
4.401000000000000181e-04 8.156899650000000000e+11 0.000000000000000000e+00 0.000000000000000000e+00
4.402000000000000205e-04 8.078086550000000000e+11 0.000000000000000000e+00 0.000000000000000000e+00
4.403000000000000230e-04 7.999363540000000000e+11 0.000000000000000000e+00 0.000000000000000000e+00
4.404000000000000254e-04 7.920730760000000000e+11 0.000000000000000000e+00 0.000000000000000000e+00
4.404999999999999736e-04 7.842188360000000000e+11 0.000000000000000000e+00 0.000000000000000000e+00
4.405999999999999760e-04 7.763736490000000000e+11 0.000000000000000000e+00 0.000000000000000000e+00
4.406999999999999785e-04 7.685375280000000000e+11 0.000000000000000000e+00 0.000000000000000000e+00
4.407999999999999809e-04 7.607104890000000000e+11 0.000000000000000000e+00 0.000000000000000000e+00
4.408999999999999833e-04 7.528925460000000000e+11 0.000000000000000000e+00 0.000000000000000000e+00
4.409999999999999858e-04 7.450837130000000000e+11 0.000000000000000000e+00 0.000000000000000000e+00
4.410999999999999882e-04 7.372840050000000000e+11 0.000000000000000000e+00 0.000000000000000000e+00
4.411999999999999906e-04 7.294934360000000000e+11 0.000000000000000000e+00 0.000000000000000000e+00
4.412999999999999931e-04 7.217120200000000000e+11 0.000000000000000000e+00 0.000000000000000000e+00
4.413999999999999955e-04 7.139397720000000000e+11 0.000000000000000000e+00 0.000000000000000000e+00
4.414999999999999979e-04 7.061767040000000000e+11 0.000000000000000000e+00 0.000000000000000000e+00
4.416000000000000003e-04 6.984228330000000000e+11 0.000000000000000000e+00 0.000000000000000000e+00
4.417000000000000028e-04 6.906781710000000000e+11 0.000000000000000000e+00 0.000000000000000000e+00
4.418000000000000052e-04 6.829427320000000000e+11 0.000000000000000000e+00 0.000000000000000000e+00
4.419000000000000076e-04 6.752165310000000000e+11 0.000000000000000000e+00 0.000000000000000000e+00
4.420000000000000101e-04 6.674995820000000000e+11 0.000000000000000000e+00 0.000000000000000000e+00
4.421000000000000125e-04 6.597918970000000000e+11 0.000000000000000000e+00 0.000000000000000000e+00
4.422000000000000149e-04 6.520934910000000000e+11 0.000000000000000000e+00 0.000000000000000000e+00
4.423000000000000174e-04 6.444043770000000000e+11 0.000000000000000000e+00 0.000000000000000000e+00
4.424000000000000198e-04 6.367245700000000000e+11 0.000000000000000000e+00 0.000000000000000000e+00
4.425000000000000222e-04 6.290540820000000000e+11 0.000000000000000000e+00 0.000000000000000000e+00
4.426000000000000247e-04 6.213929280000000000e+11 0.000000000000000000e+00 0.000000000000000000e+00
4.427000000000000271e-04 6.137411200000000000e+11 0.000000000000000000e+00 0.000000000000000000e+00
4.427999999999999753e-04 6.060986720000000000e+11 0.000000000000000000e+00 0.000000000000000000e+00
4.428999999999999777e-04 5.984655980000000000e+11 0.000000000000000000e+00 0.000000000000000000e+00
4.429999999999999802e-04 5.908419100000000000e+11 0.000000000000000000e+00 0.000000000000000000e+00
4.430999999999999826e-04 5.832276230000000000e+11 0.000000000000000000e+00 0.000000000000000000e+00
4.431999999999999850e-04 5.756227480000000000e+11 0.000000000000000000e+00 0.000000000000000000e+00
4.432999999999999875e-04 5.680273000000000000e+11 0.000000000000000000e+00 0.000000000000000000e+00
4.433999999999999899e-04 5.604412920000000000e+11 0.000000000000000000e+00 0.000000000000000000e+00
4.434999999999999923e-04 5.528647360000000000e+11 0.000000000000000000e+00 0.000000000000000000e+00
4.435999999999999947e-04 5.452976450000000000e+11 0.000000000000000000e+00 0.000000000000000000e+00
4.436999999999999972e-04 5.377400330000000000e+11 0.000000000000000000e+00 0.000000000000000000e+00
4.437999999999999996e-04 5.301919110000000000e+11 0.000000000000000000e+00 0.000000000000000000e+00
4.439000000000000020e-04 5.226532940000000000e+11 0.000000000000000000e+00 0.000000000000000000e+00
4.440000000000000045e-04 5.151241940000000000e+11 0.000000000000000000e+00 0.000000000000000000e+00
4.441000000000000069e-04 5.076046240000000000e+11 0.000000000000000000e+00 0.000000000000000000e+00
4.442000000000000093e-04 5.000945950000000000e+11 0.000000000000000000e+00 0.000000000000000000e+00
4.443000000000000118e-04 4.925941220000000000e+11 0.000000000000000000e+00 0.000000000000000000e+00
4.444000000000000142e-04 4.851032160000000000e+11 0.000000000000000000e+00 0.000000000000000000e+00
4.445000000000000166e-04 4.776218890000000000e+11 0.000000000000000000e+00 0.000000000000000000e+00
4.446000000000000191e-04 4.701501550000000000e+11 0.000000000000000000e+00 0.000000000000000000e+00
4.447000000000000215e-04 4.626880260000000000e+11 0.000000000000000000e+00 0.000000000000000000e+00
4.448000000000000239e-04 4.552355140000000000e+11 0.000000000000000000e+00 0.000000000000000000e+00
4.449000000000000263e-04 4.477926310000000000e+11 0.000000000000000000e+00 0.000000000000000000e+00
4.449999999999999746e-04 4.403593900000000000e+11 0.000000000000000000e+00 0.000000000000000000e+00
4.450999999999999770e-04 4.329358030000000000e+11 0.000000000000000000e+00 0.000000000000000000e+00
4.451999999999999794e-04 4.255218810000000000e+11 0.000000000000000000e+00 0.000000000000000000e+00
4.452999999999999819e-04 4.181176370000000000e+11 0.000000000000000000e+00 0.000000000000000000e+00
4.453999999999999843e-04 4.107230840000000000e+11 0.000000000000000000e+00 0.000000000000000000e+00
4.454999999999999867e-04 4.033382320000000000e+11 0.000000000000000000e+00 0.000000000000000000e+00
4.455999999999999892e-04 3.959630940000000000e+11 0.000000000000000000e+00 0.000000000000000000e+00
4.456999999999999916e-04 3.885976820000000000e+11 0.000000000000000000e+00 0.000000000000000000e+00
4.457999999999999940e-04 3.812420080000000000e+11 0.000000000000000000e+00 0.000000000000000000e+00
4.458999999999999964e-04 3.738960830000000000e+11 0.000000000000000000e+00 0.000000000000000000e+00
4.459999999999999989e-04 3.665599180000000000e+11 0.000000000000000000e+00 0.000000000000000000e+00
4.461000000000000013e-04 3.592335270000000000e+11 0.000000000000000000e+00 0.000000000000000000e+00
4.462000000000000037e-04 3.519169200000000000e+11 0.000000000000000000e+00 0.000000000000000000e+00
4.463000000000000062e-04 3.446101080000000000e+11 0.000000000000000000e+00 0.000000000000000000e+00
4.464000000000000086e-04 3.373131040000000000e+11 0.000000000000000000e+00 0.000000000000000000e+00
4.465000000000000110e-04 3.300259180000000000e+11 0.000000000000000000e+00 0.000000000000000000e+00
4.466000000000000135e-04 3.227485630000000000e+11 0.000000000000000000e+00 0.000000000000000000e+00
4.467000000000000159e-04 3.154810490000000000e+11 0.000000000000000000e+00 0.000000000000000000e+00
4.468000000000000183e-04 3.082233880000000000e+11 0.000000000000000000e+00 0.000000000000000000e+00
4.469000000000000208e-04 3.009755910000000000e+11 0.000000000000000000e+00 0.000000000000000000e+00
4.470000000000000232e-04 2.937376690000000000e+11 0.000000000000000000e+00 0.000000000000000000e+00
4.471000000000000256e-04 2.865096330000000000e+11 0.000000000000000000e+00 0.000000000000000000e+00
4.471999999999999738e-04 2.792914950000000000e+11 0.000000000000000000e+00 0.000000000000000000e+00
4.472999999999999763e-04 2.720832650000000000e+11 0.000000000000000000e+00 0.000000000000000000e+00
4.473999999999999787e-04 2.648849540000000000e+11 0.000000000000000000e+00 0.000000000000000000e+00
4.474999999999999811e-04 2.576965730000000000e+11 0.000000000000000000e+00 0.000000000000000000e+00
4.475999999999999836e-04 2.505181340000000000e+11 0.000000000000000000e+00 0.000000000000000000e+00
4.476999999999999860e-04 2.433496460000000000e+11 0.000000000000000000e+00 0.000000000000000000e+00
4.477999999999999884e-04 2.361911220000000000e+11 0.000000000000000000e+00 0.000000000000000000e+00
4.478999999999999908e-04 2.290425700000000000e+11 0.000000000000000000e+00 0.000000000000000000e+00
4.479999999999999933e-04 2.219040030000000000e+11 0.000000000000000000e+00 0.000000000000000000e+00
4.480999999999999957e-04 2.147754300000000000e+11 0.000000000000000000e+00 0.000000000000000000e+00
4.481999999999999981e-04 2.076568630000000000e+11 0.000000000000000000e+00 0.000000000000000000e+00
4.483000000000000006e-04 2.005483110000000000e+11 0.000000000000000000e+00 0.000000000000000000e+00
4.484000000000000030e-04 1.934497850000000000e+11 0.000000000000000000e+00 0.000000000000000000e+00
4.485000000000000054e-04 1.863612960000000000e+11 0.000000000000000000e+00 0.000000000000000000e+00
4.486000000000000079e-04 1.792828530000000000e+11 0.000000000000000000e+00 0.000000000000000000e+00
4.487000000000000103e-04 1.722144680000000000e+11 0.000000000000000000e+00 0.000000000000000000e+00
4.488000000000000127e-04 1.651561500000000000e+11 0.000000000000000000e+00 0.000000000000000000e+00
4.489000000000000152e-04 1.581079100000000000e+11 0.000000000000000000e+00 0.000000000000000000e+00
4.490000000000000176e-04 1.510697580000000000e+11 0.000000000000000000e+00 0.000000000000000000e+00
4.491000000000000200e-04 1.440417030000000000e+11 0.000000000000000000e+00 0.000000000000000000e+00
4.492000000000000224e-04 1.370237560000000000e+11 0.000000000000000000e+00 0.000000000000000000e+00
4.493000000000000249e-04 1.300159270000000000e+11 0.000000000000000000e+00 0.000000000000000000e+00
4.493999999999999731e-04 1.230182260000000000e+11 0.000000000000000000e+00 0.000000000000000000e+00
4.494999999999999755e-04 1.160306620000000000e+11 0.000000000000000000e+00 0.000000000000000000e+00
4.495999999999999780e-04 1.090532460000000000e+11 0.000000000000000000e+00 0.000000000000000000e+00
4.496999999999999804e-04 1.020859870000000000e+11 0.000000000000000000e+00 0.000000000000000000e+00
4.497999999999999828e-04 9.512889540000000000e+10 0.000000000000000000e+00 0.000000000000000000e+00
4.498999999999999853e-04 8.818198000000000000e+10 0.000000000000000000e+00 0.000000000000000000e+00
4.499999999999999877e-04 8.124525090000000000e+10 0.000000000000000000e+00 0.000000000000000000e+00
4.500999999999999901e-04 7.431871760000000000e+10 0.000000000000000000e+00 0.000000000000000000e+00
4.501999999999999925e-04 6.740238970000000000e+10 0.000000000000000000e+00 0.000000000000000000e+00
4.502999999999999950e-04 6.049627650000000000e+10 0.000000000000000000e+00 0.000000000000000000e+00
4.503999999999999974e-04 5.360038760000000000e+10 0.000000000000000000e+00 0.000000000000000000e+00
4.504999999999999998e-04 4.671473230000000000e+10 0.000000000000000000e+00 0.000000000000000000e+00
4.506000000000000023e-04 3.983931980000000000e+10 0.000000000000000000e+00 0.000000000000000000e+00
4.507000000000000047e-04 3.297415950000000000e+10 0.000000000000000000e+00 0.000000000000000000e+00
4.508000000000000071e-04 2.611926070000000000e+10 0.000000000000000000e+00 0.000000000000000000e+00
4.509000000000000096e-04 1.927463230000000000e+10 0.000000000000000000e+00 0.000000000000000000e+00
4.510000000000000120e-04 1.244028360000000000e+10 0.000000000000000000e+00 0.000000000000000000e+00
4.511000000000000144e-04 5.616223590000000000e+09 0.000000000000000000e+00 0.000000000000000000e+00
4.512000000000000169e-04 -1.197538690000000000e+09 0.000000000000000000e+00 0.000000000000000000e+00
4.513000000000000193e-04 -8.000994290000000000e+09 0.000000000000000000e+00 0.000000000000000000e+00
4.514000000000000217e-04 -1.479413430000000000e+10 0.000000000000000000e+00 0.000000000000000000e+00
4.515000000000000241e-04 -2.157694990000000000e+10 0.000000000000000000e+00 0.000000000000000000e+00
4.516000000000000266e-04 -2.834943220000000000e+10 0.000000000000000000e+00 0.000000000000000000e+00
4.516999999999999748e-04 -3.511157250000000000e+10 0.000000000000000000e+00 0.000000000000000000e+00
4.517999999999999772e-04 -4.186336210000000000e+10 0.000000000000000000e+00 0.000000000000000000e+00
4.518999999999999797e-04 -4.860479230000000000e+10 0.000000000000000000e+00 0.000000000000000000e+00
4.519999999999999821e-04 -5.533585460000000000e+10 0.000000000000000000e+00 0.000000000000000000e+00
4.520999999999999845e-04 -6.205654030000000000e+10 0.000000000000000000e+00 0.000000000000000000e+00
4.521999999999999869e-04 -6.876684100000000000e+10 0.000000000000000000e+00 0.000000000000000000e+00
4.522999999999999894e-04 -7.546674820000000000e+10 0.000000000000000000e+00 0.000000000000000000e+00
4.523999999999999918e-04 -8.215625350000000000e+10 0.000000000000000000e+00 0.000000000000000000e+00
4.524999999999999942e-04 -8.883534860000000000e+10 0.000000000000000000e+00 0.000000000000000000e+00
4.525999999999999967e-04 -9.550402510000000000e+10 0.000000000000000000e+00 0.000000000000000000e+00
4.526999999999999991e-04 -1.021622750000000000e+11 0.000000000000000000e+00 0.000000000000000000e+00
4.528000000000000015e-04 -1.088100900000000000e+11 0.000000000000000000e+00 0.000000000000000000e+00
4.529000000000000040e-04 -1.154474610000000000e+11 0.000000000000000000e+00 0.000000000000000000e+00
4.530000000000000064e-04 -1.220743810000000000e+11 0.000000000000000000e+00 0.000000000000000000e+00
4.531000000000000088e-04 -1.286908420000000000e+11 0.000000000000000000e+00 0.000000000000000000e+00
4.532000000000000113e-04 -1.352968360000000000e+11 0.000000000000000000e+00 0.000000000000000000e+00
4.533000000000000137e-04 -1.418923540000000000e+11 0.000000000000000000e+00 0.000000000000000000e+00
4.534000000000000161e-04 -1.484773890000000000e+11 0.000000000000000000e+00 0.000000000000000000e+00
4.535000000000000185e-04 -1.550519340000000000e+11 0.000000000000000000e+00 0.000000000000000000e+00
4.536000000000000210e-04 -1.616159790000000000e+11 0.000000000000000000e+00 0.000000000000000000e+00
4.537000000000000234e-04 -1.681695180000000000e+11 0.000000000000000000e+00 0.000000000000000000e+00
4.538000000000000258e-04 -1.747125420000000000e+11 0.000000000000000000e+00 0.000000000000000000e+00
4.538999999999999741e-04 -1.812450440000000000e+11 0.000000000000000000e+00 0.000000000000000000e+00
4.539999999999999765e-04 -1.877670170000000000e+11 0.000000000000000000e+00 0.000000000000000000e+00
4.540999999999999789e-04 -1.942784530000000000e+11 0.000000000000000000e+00 0.000000000000000000e+00
4.541999999999999814e-04 -2.007793440000000000e+11 0.000000000000000000e+00 0.000000000000000000e+00
4.542999999999999838e-04 -2.072696830000000000e+11 0.000000000000000000e+00 0.000000000000000000e+00
4.543999999999999862e-04 -2.137494630000000000e+11 0.000000000000000000e+00 0.000000000000000000e+00
4.544999999999999886e-04 -2.202186750000000000e+11 0.000000000000000000e+00 0.000000000000000000e+00
4.545999999999999911e-04 -2.266773140000000000e+11 0.000000000000000000e+00 0.000000000000000000e+00
4.546999999999999935e-04 -2.331253710000000000e+11 0.000000000000000000e+00 0.000000000000000000e+00
4.547999999999999959e-04 -2.395628390000000000e+11 0.000000000000000000e+00 0.000000000000000000e+00
4.548999999999999984e-04 -2.459897120000000000e+11 0.000000000000000000e+00 0.000000000000000000e+00
4.550000000000000008e-04 -2.524059810000000000e+11 0.000000000000000000e+00 0.000000000000000000e+00
4.551000000000000032e-04 -2.588116410000000000e+11 0.000000000000000000e+00 0.000000000000000000e+00
4.552000000000000057e-04 -2.652066840000000000e+11 0.000000000000000000e+00 0.000000000000000000e+00
4.553000000000000081e-04 -2.715911020000000000e+11 0.000000000000000000e+00 0.000000000000000000e+00
4.554000000000000105e-04 -2.779648900000000000e+11 0.000000000000000000e+00 0.000000000000000000e+00
4.555000000000000130e-04 -2.843280400000000000e+11 0.000000000000000000e+00 0.000000000000000000e+00
4.556000000000000154e-04 -2.906805450000000000e+11 0.000000000000000000e+00 0.000000000000000000e+00
4.557000000000000178e-04 -2.970223990000000000e+11 0.000000000000000000e+00 0.000000000000000000e+00
4.558000000000000202e-04 -3.033535950000000000e+11 0.000000000000000000e+00 0.000000000000000000e+00
4.559000000000000227e-04 -3.096741260000000000e+11 0.000000000000000000e+00 0.000000000000000000e+00
4.560000000000000251e-04 -3.159839860000000000e+11 0.000000000000000000e+00 0.000000000000000000e+00
4.560999999999999733e-04 -3.222831680000000000e+11 0.000000000000000000e+00 0.000000000000000000e+00
4.561999999999999758e-04 -3.285716650000000000e+11 0.000000000000000000e+00 0.000000000000000000e+00
4.562999999999999782e-04 -3.348494710000000000e+11 0.000000000000000000e+00 0.000000000000000000e+00
4.563999999999999806e-04 -3.411165800000000000e+11 0.000000000000000000e+00 0.000000000000000000e+00
4.564999999999999830e-04 -3.473729850000000000e+11 0.000000000000000000e+00 0.000000000000000000e+00
4.565999999999999855e-04 -3.536186800000000000e+11 0.000000000000000000e+00 0.000000000000000000e+00
4.566999999999999879e-04 -3.598536580000000000e+11 0.000000000000000000e+00 0.000000000000000000e+00
4.567999999999999903e-04 -3.660779140000000000e+11 0.000000000000000000e+00 0.000000000000000000e+00
4.568999999999999928e-04 -3.722914410000000000e+11 0.000000000000000000e+00 0.000000000000000000e+00
4.569999999999999952e-04 -3.784942330000000000e+11 0.000000000000000000e+00 0.000000000000000000e+00
4.570999999999999976e-04 -3.846862830000000000e+11 0.000000000000000000e+00 0.000000000000000000e+00
4.572000000000000001e-04 -3.908675870000000000e+11 0.000000000000000000e+00 0.000000000000000000e+00
4.573000000000000025e-04 -3.970381370000000000e+11 0.000000000000000000e+00 0.000000000000000000e+00
4.574000000000000049e-04 -4.031979280000000000e+11 0.000000000000000000e+00 0.000000000000000000e+00
4.575000000000000074e-04 -4.093469550000000000e+11 0.000000000000000000e+00 0.000000000000000000e+00
4.576000000000000098e-04 -4.154852100000000000e+11 0.000000000000000000e+00 0.000000000000000000e+00
4.577000000000000122e-04 -4.216126880000000000e+11 0.000000000000000000e+00 0.000000000000000000e+00
4.578000000000000146e-04 -4.277293840000000000e+11 0.000000000000000000e+00 0.000000000000000000e+00
4.579000000000000171e-04 -4.338352920000000000e+11 0.000000000000000000e+00 0.000000000000000000e+00
4.580000000000000195e-04 -4.399304060000000000e+11 0.000000000000000000e+00 0.000000000000000000e+00
4.581000000000000219e-04 -4.460147210000000000e+11 0.000000000000000000e+00 0.000000000000000000e+00
4.582000000000000244e-04 -4.520882300000000000e+11 0.000000000000000000e+00 0.000000000000000000e+00
4.583000000000000268e-04 -4.581509290000000000e+11 0.000000000000000000e+00 0.000000000000000000e+00
4.583999999999999750e-04 -4.642028120000000000e+11 0.000000000000000000e+00 0.000000000000000000e+00
4.584999999999999775e-04 -4.702438730000000000e+11 0.000000000000000000e+00 0.000000000000000000e+00
4.585999999999999799e-04 -4.762741080000000000e+11 0.000000000000000000e+00 0.000000000000000000e+00
4.586999999999999823e-04 -4.822935100000000000e+11 0.000000000000000000e+00 0.000000000000000000e+00
4.587999999999999847e-04 -4.883020750000000000e+11 0.000000000000000000e+00 0.000000000000000000e+00
4.588999999999999872e-04 -4.942997970000000000e+11 0.000000000000000000e+00 0.000000000000000000e+00
4.589999999999999896e-04 -5.002866710000000000e+11 0.000000000000000000e+00 0.000000000000000000e+00
4.590999999999999920e-04 -5.062626920000000000e+11 0.000000000000000000e+00 0.000000000000000000e+00
4.591999999999999945e-04 -5.122278540000000000e+11 0.000000000000000000e+00 0.000000000000000000e+00
4.592999999999999969e-04 -5.181821540000000000e+11 0.000000000000000000e+00 0.000000000000000000e+00
4.593999999999999993e-04 -5.241255850000000000e+11 0.000000000000000000e+00 0.000000000000000000e+00
4.595000000000000018e-04 -5.300581430000000000e+11 0.000000000000000000e+00 0.000000000000000000e+00
4.596000000000000042e-04 -5.359798230000000000e+11 0.000000000000000000e+00 0.000000000000000000e+00
4.597000000000000066e-04 -5.418906200000000000e+11 0.000000000000000000e+00 0.000000000000000000e+00
4.598000000000000091e-04 -5.477905290000000000e+11 0.000000000000000000e+00 0.000000000000000000e+00
4.599000000000000115e-04 -5.536795450000000000e+11 0.000000000000000000e+00 0.000000000000000000e+00
4.600000000000000139e-04 -5.595576640000000000e+11 0.000000000000000000e+00 0.000000000000000000e+00
4.601000000000000163e-04 -5.654248810000000000e+11 0.000000000000000000e+00 0.000000000000000000e+00
4.602000000000000188e-04 -5.712811910000000000e+11 0.000000000000000000e+00 0.000000000000000000e+00
4.603000000000000212e-04 -5.771265900000000000e+11 0.000000000000000000e+00 0.000000000000000000e+00
4.604000000000000236e-04 -5.829610740000000000e+11 0.000000000000000000e+00 0.000000000000000000e+00
4.605000000000000261e-04 -5.887846370000000000e+11 0.000000000000000000e+00 0.000000000000000000e+00
4.605999999999999743e-04 -5.945972750000000000e+11 0.000000000000000000e+00 0.000000000000000000e+00
4.606999999999999767e-04 -6.003989840000000000e+11 0.000000000000000000e+00 0.000000000000000000e+00
4.607999999999999791e-04 -6.061897590000000000e+11 0.000000000000000000e+00 0.000000000000000000e+00
4.608999999999999816e-04 -6.119695970000000000e+11 0.000000000000000000e+00 0.000000000000000000e+00
4.609999999999999840e-04 -6.177384920000000000e+11 0.000000000000000000e+00 0.000000000000000000e+00
4.610999999999999864e-04 -6.234964420000000000e+11 0.000000000000000000e+00 0.000000000000000000e+00
4.611999999999999889e-04 -6.292434400000000000e+11 0.000000000000000000e+00 0.000000000000000000e+00
4.612999999999999913e-04 -6.349794840000000000e+11 0.000000000000000000e+00 0.000000000000000000e+00
4.613999999999999937e-04 -6.407045700000000000e+11 0.000000000000000000e+00 0.000000000000000000e+00
4.614999999999999962e-04 -6.464186920000000000e+11 0.000000000000000000e+00 0.000000000000000000e+00
4.615999999999999986e-04 -6.521218480000000000e+11 0.000000000000000000e+00 0.000000000000000000e+00
4.617000000000000010e-04 -6.578140330000000000e+11 0.000000000000000000e+00 0.000000000000000000e+00
4.618000000000000035e-04 -6.634952430000000000e+11 0.000000000000000000e+00 0.000000000000000000e+00
4.619000000000000059e-04 -6.691654750000000000e+11 0.000000000000000000e+00 0.000000000000000000e+00
4.620000000000000083e-04 -6.748247250000000000e+11 0.000000000000000000e+00 0.000000000000000000e+00
4.621000000000000107e-04 -6.804729890000000000e+11 0.000000000000000000e+00 0.000000000000000000e+00
4.622000000000000132e-04 -6.861102630000000000e+11 0.000000000000000000e+00 0.000000000000000000e+00
4.623000000000000156e-04 -6.917365430000000000e+11 0.000000000000000000e+00 0.000000000000000000e+00
4.624000000000000180e-04 -6.973518260000000000e+11 0.000000000000000000e+00 0.000000000000000000e+00
4.625000000000000205e-04 -7.029561090000000000e+11 0.000000000000000000e+00 0.000000000000000000e+00
4.626000000000000229e-04 -7.085493880000000000e+11 0.000000000000000000e+00 0.000000000000000000e+00
4.627000000000000253e-04 -7.141316580000000000e+11 0.000000000000000000e+00 0.000000000000000000e+00
4.627999999999999736e-04 -7.197029180000000000e+11 0.000000000000000000e+00 0.000000000000000000e+00
4.628999999999999760e-04 -7.252631630000000000e+11 0.000000000000000000e+00 0.000000000000000000e+00
4.629999999999999784e-04 -7.308123900000000000e+11 0.000000000000000000e+00 0.000000000000000000e+00
4.630999999999999808e-04 -7.363505960000000000e+11 0.000000000000000000e+00 0.000000000000000000e+00
4.631999999999999833e-04 -7.418777770000000000e+11 0.000000000000000000e+00 0.000000000000000000e+00
4.632999999999999857e-04 -7.473939310000000000e+11 0.000000000000000000e+00 0.000000000000000000e+00
4.633999999999999881e-04 -7.528990530000000000e+11 0.000000000000000000e+00 0.000000000000000000e+00
4.634999999999999906e-04 -7.583931420000000000e+11 0.000000000000000000e+00 0.000000000000000000e+00
4.635999999999999930e-04 -7.638761930000000000e+11 0.000000000000000000e+00 0.000000000000000000e+00
4.636999999999999954e-04 -7.693482040000000000e+11 0.000000000000000000e+00 0.000000000000000000e+00
4.637999999999999979e-04 -7.748091720000000000e+11 0.000000000000000000e+00 0.000000000000000000e+00
4.639000000000000003e-04 -7.802590940000000000e+11 0.000000000000000000e+00 0.000000000000000000e+00
4.640000000000000027e-04 -7.856979670000000000e+11 0.000000000000000000e+00 0.000000000000000000e+00
4.641000000000000052e-04 -7.911257880000000000e+11 0.000000000000000000e+00 0.000000000000000000e+00
4.642000000000000076e-04 -7.965425530000000000e+11 0.000000000000000000e+00 0.000000000000000000e+00
4.643000000000000100e-04 -8.019482620000000000e+11 0.000000000000000000e+00 0.000000000000000000e+00
4.644000000000000124e-04 -8.073429100000000000e+11 0.000000000000000000e+00 0.000000000000000000e+00
4.645000000000000149e-04 -8.127264950000000000e+11 0.000000000000000000e+00 0.000000000000000000e+00
4.646000000000000173e-04 -8.180990140000000000e+11 0.000000000000000000e+00 0.000000000000000000e+00
4.647000000000000197e-04 -8.234604650000000000e+11 0.000000000000000000e+00 0.000000000000000000e+00
4.648000000000000222e-04 -8.288108450000000000e+11 0.000000000000000000e+00 0.000000000000000000e+00
4.649000000000000246e-04 -8.341501520000000000e+11 0.000000000000000000e+00 0.000000000000000000e+00
4.650000000000000270e-04 -8.394783820000000000e+11 0.000000000000000000e+00 0.000000000000000000e+00
4.650999999999999752e-04 -8.447955350000000000e+11 0.000000000000000000e+00 0.000000000000000000e+00
4.651999999999999777e-04 -8.501016070000000000e+11 0.000000000000000000e+00 0.000000000000000000e+00
4.652999999999999801e-04 -8.553965960000000000e+11 0.000000000000000000e+00 0.000000000000000000e+00
4.653999999999999825e-04 -8.606804990000000000e+11 0.000000000000000000e+00 0.000000000000000000e+00
4.654999999999999850e-04 -8.659533150000000000e+11 0.000000000000000000e+00 0.000000000000000000e+00
4.655999999999999874e-04 -8.712150410000000000e+11 0.000000000000000000e+00 0.000000000000000000e+00
4.656999999999999898e-04 -8.764656750000000000e+11 0.000000000000000000e+00 0.000000000000000000e+00
4.657999999999999923e-04 -8.817052150000000000e+11 0.000000000000000000e+00 0.000000000000000000e+00
4.658999999999999947e-04 -8.869336590000000000e+11 0.000000000000000000e+00 0.000000000000000000e+00
4.659999999999999971e-04 -8.921510050000000000e+11 0.000000000000000000e+00 0.000000000000000000e+00
4.660999999999999996e-04 -8.973572500000000000e+11 0.000000000000000000e+00 0.000000000000000000e+00
4.662000000000000020e-04 -9.025523930000000000e+11 0.000000000000000000e+00 0.000000000000000000e+00
4.663000000000000044e-04 -9.077364320000000000e+11 0.000000000000000000e+00 0.000000000000000000e+00
4.664000000000000068e-04 -9.129093650000000000e+11 0.000000000000000000e+00 0.000000000000000000e+00
4.665000000000000093e-04 -9.180711900000000000e+11 0.000000000000000000e+00 0.000000000000000000e+00
4.666000000000000117e-04 -9.232219060000000000e+11 0.000000000000000000e+00 0.000000000000000000e+00
4.667000000000000141e-04 -9.283615100000000000e+11 0.000000000000000000e+00 0.000000000000000000e+00
4.668000000000000166e-04 -9.334900010000000000e+11 0.000000000000000000e+00 0.000000000000000000e+00
4.669000000000000190e-04 -9.386073770000000000e+11 0.000000000000000000e+00 0.000000000000000000e+00
4.670000000000000214e-04 -9.437136380000000000e+11 0.000000000000000000e+00 0.000000000000000000e+00
4.671000000000000239e-04 -9.488087800000000000e+11 0.000000000000000000e+00 0.000000000000000000e+00
4.672000000000000263e-04 -9.538928020000000000e+11 0.000000000000000000e+00 0.000000000000000000e+00
4.672999999999999745e-04 -9.589657040000000000e+11 0.000000000000000000e+00 0.000000000000000000e+00
4.673999999999999769e-04 -9.640274840000000000e+11 0.000000000000000000e+00 0.000000000000000000e+00
4.674999999999999794e-04 -9.690781390000000000e+11 0.000000000000000000e+00 0.000000000000000000e+00
4.675999999999999818e-04 -9.741176700000000000e+11 0.000000000000000000e+00 0.000000000000000000e+00
4.676999999999999842e-04 -9.791460740000000000e+11 0.000000000000000000e+00 0.000000000000000000e+00
4.677999999999999867e-04 -9.841633500000000000e+11 0.000000000000000000e+00 0.000000000000000000e+00
4.678999999999999891e-04 -9.891694970000000000e+11 0.000000000000000000e+00 0.000000000000000000e+00
4.679999999999999915e-04 -9.941645140000000000e+11 0.000000000000000000e+00 0.000000000000000000e+00
4.680999999999999940e-04 -9.991484000000000000e+11 0.000000000000000000e+00 0.000000000000000000e+00
4.681999999999999964e-04 -1.004121150000000000e+12 0.000000000000000000e+00 0.000000000000000000e+00
4.682999999999999988e-04 -1.009082770000000000e+12 0.000000000000000000e+00 0.000000000000000000e+00
4.684000000000000013e-04 -1.014033260000000000e+12 0.000000000000000000e+00 0.000000000000000000e+00
4.685000000000000037e-04 -1.018972610000000000e+12 0.000000000000000000e+00 0.000000000000000000e+00
4.686000000000000061e-04 -1.023900820000000000e+12 0.000000000000000000e+00 0.000000000000000000e+00
4.687000000000000085e-04 -1.028817900000000000e+12 0.000000000000000000e+00 0.000000000000000000e+00
4.688000000000000110e-04 -1.033723840000000000e+12 0.000000000000000000e+00 0.000000000000000000e+00
4.689000000000000134e-04 -1.038618630000000000e+12 0.000000000000000000e+00 0.000000000000000000e+00
4.690000000000000158e-04 -1.043502290000000000e+12 0.000000000000000000e+00 0.000000000000000000e+00
4.691000000000000183e-04 -1.048374810000000000e+12 0.000000000000000000e+00 0.000000000000000000e+00
4.692000000000000207e-04 -1.053236190000000000e+12 0.000000000000000000e+00 0.000000000000000000e+00
4.693000000000000231e-04 -1.058086420000000000e+12 0.000000000000000000e+00 0.000000000000000000e+00
4.694000000000000256e-04 -1.062925520000000000e+12 0.000000000000000000e+00 0.000000000000000000e+00
4.694999999999999738e-04 -1.067753470000000000e+12 0.000000000000000000e+00 0.000000000000000000e+00
4.695999999999999762e-04 -1.072570270000000000e+12 0.000000000000000000e+00 0.000000000000000000e+00
4.696999999999999786e-04 -1.077375930000000000e+12 0.000000000000000000e+00 0.000000000000000000e+00
4.697999999999999811e-04 -1.082170450000000000e+12 0.000000000000000000e+00 0.000000000000000000e+00
4.698999999999999835e-04 -1.086953820000000000e+12 0.000000000000000000e+00 0.000000000000000000e+00
4.699999999999999859e-04 -1.091726050000000000e+12 0.000000000000000000e+00 0.000000000000000000e+00
4.700999999999999884e-04 -1.096487130000000000e+12 0.000000000000000000e+00 0.000000000000000000e+00
4.701999999999999908e-04 -1.101237060000000000e+12 0.000000000000000000e+00 0.000000000000000000e+00
4.702999999999999932e-04 -1.105975850000000000e+12 0.000000000000000000e+00 0.000000000000000000e+00
4.703999999999999957e-04 -1.110703500000000000e+12 0.000000000000000000e+00 0.000000000000000000e+00
4.704999999999999981e-04 -1.115419990000000000e+12 0.000000000000000000e+00 0.000000000000000000e+00
4.706000000000000005e-04 -1.120125340000000000e+12 0.000000000000000000e+00 0.000000000000000000e+00
4.707000000000000029e-04 -1.124819540000000000e+12 0.000000000000000000e+00 0.000000000000000000e+00
4.708000000000000054e-04 -1.129502600000000000e+12 0.000000000000000000e+00 0.000000000000000000e+00
4.709000000000000078e-04 -1.134174510000000000e+12 0.000000000000000000e+00 0.000000000000000000e+00
4.710000000000000102e-04 -1.138835270000000000e+12 0.000000000000000000e+00 0.000000000000000000e+00
4.711000000000000127e-04 -1.143484880000000000e+12 0.000000000000000000e+00 0.000000000000000000e+00
4.712000000000000151e-04 -1.148123350000000000e+12 0.000000000000000000e+00 0.000000000000000000e+00
4.713000000000000175e-04 -1.152750680000000000e+12 0.000000000000000000e+00 0.000000000000000000e+00
4.714000000000000200e-04 -1.157366850000000000e+12 0.000000000000000000e+00 0.000000000000000000e+00
4.715000000000000224e-04 -1.161971880000000000e+12 0.000000000000000000e+00 0.000000000000000000e+00
4.716000000000000248e-04 -1.166565760000000000e+12 0.000000000000000000e+00 0.000000000000000000e+00
4.716999999999999730e-04 -1.171148500000000000e+12 0.000000000000000000e+00 0.000000000000000000e+00
4.717999999999999755e-04 -1.175720100000000000e+12 0.000000000000000000e+00 0.000000000000000000e+00
4.718999999999999779e-04 -1.180280550000000000e+12 0.000000000000000000e+00 0.000000000000000000e+00
4.719999999999999803e-04 -1.184829850000000000e+12 0.000000000000000000e+00 0.000000000000000000e+00
4.720999999999999828e-04 -1.189368010000000000e+12 0.000000000000000000e+00 0.000000000000000000e+00
4.721999999999999852e-04 -1.193895030000000000e+12 0.000000000000000000e+00 0.000000000000000000e+00
4.722999999999999876e-04 -1.198410900000000000e+12 0.000000000000000000e+00 0.000000000000000000e+00
4.723999999999999901e-04 -1.202915640000000000e+12 0.000000000000000000e+00 0.000000000000000000e+00
4.724999999999999925e-04 -1.207409230000000000e+12 0.000000000000000000e+00 0.000000000000000000e+00
4.725999999999999949e-04 -1.211891680000000000e+12 0.000000000000000000e+00 0.000000000000000000e+00
4.726999999999999974e-04 -1.216362990000000000e+12 0.000000000000000000e+00 0.000000000000000000e+00
4.727999999999999998e-04 -1.220823160000000000e+12 0.000000000000000000e+00 0.000000000000000000e+00
4.729000000000000022e-04 -1.225272190000000000e+12 0.000000000000000000e+00 0.000000000000000000e+00
4.730000000000000046e-04 -1.229710080000000000e+12 0.000000000000000000e+00 0.000000000000000000e+00
4.731000000000000071e-04 -1.234136840000000000e+12 0.000000000000000000e+00 0.000000000000000000e+00
4.732000000000000095e-04 -1.238552460000000000e+12 0.000000000000000000e+00 0.000000000000000000e+00
4.733000000000000119e-04 -1.242956950000000000e+12 0.000000000000000000e+00 0.000000000000000000e+00
4.734000000000000144e-04 -1.247350300000000000e+12 0.000000000000000000e+00 0.000000000000000000e+00
4.735000000000000168e-04 -1.251732520000000000e+12 0.000000000000000000e+00 0.000000000000000000e+00
4.736000000000000192e-04 -1.256103610000000000e+12 0.000000000000000000e+00 0.000000000000000000e+00
4.737000000000000217e-04 -1.260463560000000000e+12 0.000000000000000000e+00 0.000000000000000000e+00
4.738000000000000241e-04 -1.264812390000000000e+12 0.000000000000000000e+00 0.000000000000000000e+00
4.739000000000000265e-04 -1.269150090000000000e+12 0.000000000000000000e+00 0.000000000000000000e+00
4.739999999999999747e-04 -1.273476660000000000e+12 0.000000000000000000e+00 0.000000000000000000e+00
4.740999999999999772e-04 -1.277792100000000000e+12 0.000000000000000000e+00 0.000000000000000000e+00
4.741999999999999796e-04 -1.282096420000000000e+12 0.000000000000000000e+00 0.000000000000000000e+00
4.742999999999999820e-04 -1.286389620000000000e+12 0.000000000000000000e+00 0.000000000000000000e+00
4.743999999999999845e-04 -1.290671690000000000e+12 0.000000000000000000e+00 0.000000000000000000e+00
4.744999999999999869e-04 -1.294942650000000000e+12 0.000000000000000000e+00 0.000000000000000000e+00
4.745999999999999893e-04 -1.299202480000000000e+12 0.000000000000000000e+00 0.000000000000000000e+00
4.746999999999999918e-04 -1.303451200000000000e+12 0.000000000000000000e+00 0.000000000000000000e+00
4.747999999999999942e-04 -1.307688800000000000e+12 0.000000000000000000e+00 0.000000000000000000e+00
4.748999999999999966e-04 -1.311915280000000000e+12 0.000000000000000000e+00 0.000000000000000000e+00
4.749999999999999990e-04 -1.316130650000000000e+12 0.000000000000000000e+00 0.000000000000000000e+00
4.751000000000000015e-04 -1.320334910000000000e+12 0.000000000000000000e+00 0.000000000000000000e+00
4.752000000000000039e-04 -1.324528060000000000e+12 0.000000000000000000e+00 0.000000000000000000e+00
4.753000000000000063e-04 -1.328710110000000000e+12 0.000000000000000000e+00 0.000000000000000000e+00
4.754000000000000088e-04 -1.332881040000000000e+12 0.000000000000000000e+00 0.000000000000000000e+00
4.755000000000000112e-04 -1.337040870000000000e+12 0.000000000000000000e+00 0.000000000000000000e+00
4.756000000000000136e-04 -1.341189600000000000e+12 0.000000000000000000e+00 0.000000000000000000e+00
4.757000000000000161e-04 -1.345327230000000000e+12 0.000000000000000000e+00 0.000000000000000000e+00
4.758000000000000185e-04 -1.349453750000000000e+12 0.000000000000000000e+00 0.000000000000000000e+00
4.759000000000000209e-04 -1.353569190000000000e+12 0.000000000000000000e+00 0.000000000000000000e+00
4.760000000000000234e-04 -1.357673520000000000e+12 0.000000000000000000e+00 0.000000000000000000e+00
4.761000000000000258e-04 -1.361766760000000000e+12 0.000000000000000000e+00 0.000000000000000000e+00
4.761999999999999740e-04 -1.365848910000000000e+12 0.000000000000000000e+00 0.000000000000000000e+00
4.762999999999999764e-04 -1.369919980000000000e+12 0.000000000000000000e+00 0.000000000000000000e+00
4.763999999999999789e-04 -1.373979950000000000e+12 0.000000000000000000e+00 0.000000000000000000e+00
4.764999999999999813e-04 -1.378028840000000000e+12 0.000000000000000000e+00 0.000000000000000000e+00
4.765999999999999837e-04 -1.382066650000000000e+12 0.000000000000000000e+00 0.000000000000000000e+00
4.766999999999999862e-04 -1.386093380000000000e+12 0.000000000000000000e+00 0.000000000000000000e+00
4.767999999999999886e-04 -1.390109030000000000e+12 0.000000000000000000e+00 0.000000000000000000e+00
4.768999999999999910e-04 -1.394113600000000000e+12 0.000000000000000000e+00 0.000000000000000000e+00
4.769999999999999934e-04 -1.398107100000000000e+12 0.000000000000000000e+00 0.000000000000000000e+00
4.770999999999999959e-04 -1.402089530000000000e+12 0.000000000000000000e+00 0.000000000000000000e+00
4.771999999999999983e-04 -1.406060890000000000e+12 0.000000000000000000e+00 0.000000000000000000e+00
4.773000000000000007e-04 -1.410021180000000000e+12 0.000000000000000000e+00 0.000000000000000000e+00
4.774000000000000032e-04 -1.413970410000000000e+12 0.000000000000000000e+00 0.000000000000000000e+00
4.775000000000000056e-04 -1.417908580000000000e+12 0.000000000000000000e+00 0.000000000000000000e+00
4.776000000000000080e-04 -1.421835690000000000e+12 0.000000000000000000e+00 0.000000000000000000e+00
4.777000000000000105e-04 -1.425751740000000000e+12 0.000000000000000000e+00 0.000000000000000000e+00
4.778000000000000129e-04 -1.429656740000000000e+12 0.000000000000000000e+00 0.000000000000000000e+00
4.779000000000000153e-04 -1.433550690000000000e+12 0.000000000000000000e+00 0.000000000000000000e+00
4.780000000000000178e-04 -1.437433590000000000e+12 0.000000000000000000e+00 0.000000000000000000e+00
4.781000000000000202e-04 -1.441305440000000000e+12 0.000000000000000000e+00 0.000000000000000000e+00
4.782000000000000226e-04 -1.445166250000000000e+12 0.000000000000000000e+00 0.000000000000000000e+00
4.783000000000000250e-04 -1.449016020000000000e+12 0.000000000000000000e+00 0.000000000000000000e+00
4.783999999999999733e-04 -1.452854760000000000e+12 0.000000000000000000e+00 0.000000000000000000e+00
4.784999999999999757e-04 -1.456682460000000000e+12 0.000000000000000000e+00 0.000000000000000000e+00
4.785999999999999781e-04 -1.460499130000000000e+12 0.000000000000000000e+00 0.000000000000000000e+00
4.786999999999999806e-04 -1.464304770000000000e+12 0.000000000000000000e+00 0.000000000000000000e+00
4.787999999999999830e-04 -1.468099380000000000e+12 0.000000000000000000e+00 0.000000000000000000e+00
4.788999999999999854e-04 -1.471882980000000000e+12 0.000000000000000000e+00 0.000000000000000000e+00
4.789999999999999879e-04 -1.475655550000000000e+12 0.000000000000000000e+00 0.000000000000000000e+00
4.790999999999999903e-04 -1.479417110000000000e+12 0.000000000000000000e+00 0.000000000000000000e+00
4.791999999999999927e-04 -1.483167650000000000e+12 0.000000000000000000e+00 0.000000000000000000e+00
4.792999999999999951e-04 -1.486907180000000000e+12 0.000000000000000000e+00 0.000000000000000000e+00
4.793999999999999976e-04 -1.490635710000000000e+12 0.000000000000000000e+00 0.000000000000000000e+00
4.795000000000000000e-04 -1.494353230000000000e+12 0.000000000000000000e+00 0.000000000000000000e+00
4.796000000000000024e-04 -1.498059760000000000e+12 0.000000000000000000e+00 0.000000000000000000e+00
4.797000000000000049e-04 -1.501755280000000000e+12 0.000000000000000000e+00 0.000000000000000000e+00
4.798000000000000073e-04 -1.505439810000000000e+12 0.000000000000000000e+00 0.000000000000000000e+00
4.799000000000000097e-04 -1.509113360000000000e+12 0.000000000000000000e+00 0.000000000000000000e+00
4.800000000000000122e-04 -1.512775910000000000e+12 0.000000000000000000e+00 0.000000000000000000e+00
4.801000000000000146e-04 -1.516427480000000000e+12 0.000000000000000000e+00 0.000000000000000000e+00
4.802000000000000170e-04 -1.520068070000000000e+12 0.000000000000000000e+00 0.000000000000000000e+00
4.803000000000000195e-04 -1.523697680000000000e+12 0.000000000000000000e+00 0.000000000000000000e+00
4.804000000000000219e-04 -1.527316330000000000e+12 0.000000000000000000e+00 0.000000000000000000e+00
4.805000000000000243e-04 -1.530924000000000000e+12 0.000000000000000000e+00 0.000000000000000000e+00
4.806000000000000267e-04 -1.534520700000000000e+12 0.000000000000000000e+00 0.000000000000000000e+00
4.806999999999999750e-04 -1.538106450000000000e+12 0.000000000000000000e+00 0.000000000000000000e+00
4.807999999999999774e-04 -1.541681230000000000e+12 0.000000000000000000e+00 0.000000000000000000e+00
4.808999999999999798e-04 -1.545245060000000000e+12 0.000000000000000000e+00 0.000000000000000000e+00
4.809999999999999823e-04 -1.548797940000000000e+12 0.000000000000000000e+00 0.000000000000000000e+00
4.810999999999999847e-04 -1.552339870000000000e+12 0.000000000000000000e+00 0.000000000000000000e+00
4.811999999999999871e-04 -1.555870860000000000e+12 0.000000000000000000e+00 0.000000000000000000e+00
4.812999999999999895e-04 -1.559390900000000000e+12 0.000000000000000000e+00 0.000000000000000000e+00
4.813999999999999920e-04 -1.562900010000000000e+12 0.000000000000000000e+00 0.000000000000000000e+00
4.814999999999999944e-04 -1.566398190000000000e+12 0.000000000000000000e+00 0.000000000000000000e+00
4.815999999999999968e-04 -1.569885440000000000e+12 0.000000000000000000e+00 0.000000000000000000e+00
4.816999999999999993e-04 -1.573361770000000000e+12 0.000000000000000000e+00 0.000000000000000000e+00
4.818000000000000017e-04 -1.576827180000000000e+12 0.000000000000000000e+00 0.000000000000000000e+00
4.819000000000000041e-04 -1.580281670000000000e+12 0.000000000000000000e+00 0.000000000000000000e+00
4.820000000000000066e-04 -1.583725250000000000e+12 0.000000000000000000e+00 0.000000000000000000e+00
4.821000000000000090e-04 -1.587157920000000000e+12 0.000000000000000000e+00 0.000000000000000000e+00
4.822000000000000114e-04 -1.590579690000000000e+12 0.000000000000000000e+00 0.000000000000000000e+00
4.823000000000000139e-04 -1.593990550000000000e+12 0.000000000000000000e+00 0.000000000000000000e+00
4.824000000000000163e-04 -1.597390530000000000e+12 0.000000000000000000e+00 0.000000000000000000e+00
4.825000000000000187e-04 -1.600779610000000000e+12 0.000000000000000000e+00 0.000000000000000000e+00
4.826000000000000211e-04 -1.604157800000000000e+12 0.000000000000000000e+00 0.000000000000000000e+00
4.827000000000000236e-04 -1.607525110000000000e+12 0.000000000000000000e+00 0.000000000000000000e+00
4.828000000000000260e-04 -1.610881550000000000e+12 0.000000000000000000e+00 0.000000000000000000e+00
4.828999999999999742e-04 -1.614227100000000000e+12 0.000000000000000000e+00 0.000000000000000000e+00
4.829999999999999767e-04 -1.617561790000000000e+12 0.000000000000000000e+00 0.000000000000000000e+00
4.830999999999999791e-04 -1.620885620000000000e+12 0.000000000000000000e+00 0.000000000000000000e+00
4.831999999999999815e-04 -1.624198580000000000e+12 0.000000000000000000e+00 0.000000000000000000e+00
4.832999999999999840e-04 -1.627500690000000000e+12 0.000000000000000000e+00 0.000000000000000000e+00
4.833999999999999864e-04 -1.630791950000000000e+12 0.000000000000000000e+00 0.000000000000000000e+00
4.834999999999999888e-04 -1.634072360000000000e+12 0.000000000000000000e+00 0.000000000000000000e+00
4.835999999999999912e-04 -1.637341920000000000e+12 0.000000000000000000e+00 0.000000000000000000e+00
4.836999999999999937e-04 -1.640600650000000000e+12 0.000000000000000000e+00 0.000000000000000000e+00
4.837999999999999961e-04 -1.643848550000000000e+12 0.000000000000000000e+00 0.000000000000000000e+00
4.838999999999999985e-04 -1.647085610000000000e+12 0.000000000000000000e+00 0.000000000000000000e+00
4.840000000000000010e-04 -1.650311860000000000e+12 0.000000000000000000e+00 0.000000000000000000e+00
4.841000000000000034e-04 -1.653527280000000000e+12 0.000000000000000000e+00 0.000000000000000000e+00
4.842000000000000058e-04 -1.656731890000000000e+12 0.000000000000000000e+00 0.000000000000000000e+00
4.843000000000000083e-04 -1.659925690000000000e+12 0.000000000000000000e+00 0.000000000000000000e+00
4.844000000000000107e-04 -1.663108690000000000e+12 0.000000000000000000e+00 0.000000000000000000e+00
4.845000000000000131e-04 -1.666280890000000000e+12 0.000000000000000000e+00 0.000000000000000000e+00
4.846000000000000156e-04 -1.669442290000000000e+12 0.000000000000000000e+00 0.000000000000000000e+00
4.847000000000000180e-04 -1.672592900000000000e+12 0.000000000000000000e+00 0.000000000000000000e+00
4.848000000000000204e-04 -1.675732730000000000e+12 0.000000000000000000e+00 0.000000000000000000e+00
4.849000000000000228e-04 -1.678861770000000000e+12 0.000000000000000000e+00 0.000000000000000000e+00
4.850000000000000253e-04 -1.681980050000000000e+12 0.000000000000000000e+00 0.000000000000000000e+00
4.850999999999999735e-04 -1.685087550000000000e+12 0.000000000000000000e+00 0.000000000000000000e+00
4.851999999999999759e-04 -1.688184290000000000e+12 0.000000000000000000e+00 0.000000000000000000e+00
4.852999999999999784e-04 -1.691270260000000000e+12 0.000000000000000000e+00 0.000000000000000000e+00
4.853999999999999808e-04 -1.694345490000000000e+12 0.000000000000000000e+00 0.000000000000000000e+00
4.854999999999999832e-04 -1.697409960000000000e+12 0.000000000000000000e+00 0.000000000000000000e+00
4.855999999999999856e-04 -1.700463690000000000e+12 0.000000000000000000e+00 0.000000000000000000e+00
4.856999999999999881e-04 -1.703506690000000000e+12 0.000000000000000000e+00 0.000000000000000000e+00
4.857999999999999905e-04 -1.706538940000000000e+12 0.000000000000000000e+00 0.000000000000000000e+00
4.858999999999999929e-04 -1.709560480000000000e+12 0.000000000000000000e+00 0.000000000000000000e+00
4.859999999999999954e-04 -1.712571280000000000e+12 0.000000000000000000e+00 0.000000000000000000e+00
4.860999999999999978e-04 -1.715571370000000000e+12 0.000000000000000000e+00 0.000000000000000000e+00
4.862000000000000002e-04 -1.718560750000000000e+12 0.000000000000000000e+00 0.000000000000000000e+00
4.863000000000000027e-04 -1.721539420000000000e+12 0.000000000000000000e+00 0.000000000000000000e+00
4.864000000000000051e-04 -1.724507390000000000e+12 0.000000000000000000e+00 0.000000000000000000e+00
4.865000000000000075e-04 -1.727464670000000000e+12 0.000000000000000000e+00 0.000000000000000000e+00
4.866000000000000100e-04 -1.730411250000000000e+12 0.000000000000000000e+00 0.000000000000000000e+00
4.867000000000000124e-04 -1.733347150000000000e+12 0.000000000000000000e+00 0.000000000000000000e+00
4.868000000000000148e-04 -1.736272380000000000e+12 0.000000000000000000e+00 0.000000000000000000e+00
4.869000000000000172e-04 -1.739186920000000000e+12 0.000000000000000000e+00 0.000000000000000000e+00
4.870000000000000197e-04 -1.742090800000000000e+12 0.000000000000000000e+00 0.000000000000000000e+00
4.871000000000000221e-04 -1.744984020000000000e+12 0.000000000000000000e+00 0.000000000000000000e+00
4.872000000000000245e-04 -1.747866580000000000e+12 0.000000000000000000e+00 0.000000000000000000e+00
4.873000000000000270e-04 -1.750738500000000000e+12 0.000000000000000000e+00 0.000000000000000000e+00
4.873999999999999752e-04 -1.753599760000000000e+12 0.000000000000000000e+00 0.000000000000000000e+00
4.874999999999999776e-04 -1.756450390000000000e+12 0.000000000000000000e+00 0.000000000000000000e+00
4.875999999999999801e-04 -1.759290380000000000e+12 0.000000000000000000e+00 0.000000000000000000e+00
4.876999999999999825e-04 -1.762119750000000000e+12 0.000000000000000000e+00 0.000000000000000000e+00
4.877999999999999849e-04 -1.764938500000000000e+12 0.000000000000000000e+00 0.000000000000000000e+00
4.878999999999999873e-04 -1.767746630000000000e+12 0.000000000000000000e+00 0.000000000000000000e+00
4.879999999999999898e-04 -1.770544150000000000e+12 0.000000000000000000e+00 0.000000000000000000e+00
4.880999999999999922e-04 -1.773331070000000000e+12 0.000000000000000000e+00 0.000000000000000000e+00
4.881999999999999946e-04 -1.776107390000000000e+12 0.000000000000000000e+00 0.000000000000000000e+00
4.882999999999999971e-04 -1.778873110000000000e+12 0.000000000000000000e+00 0.000000000000000000e+00
4.884000000000000537e-04 -1.781628260000000000e+12 0.000000000000000000e+00 0.000000000000000000e+00
4.885000000000000019e-04 -1.784372820000000000e+12 0.000000000000000000e+00 0.000000000000000000e+00
4.885999999999999501e-04 -1.787106810000000000e+12 0.000000000000000000e+00 0.000000000000000000e+00
4.887000000000000068e-04 -1.789830230000000000e+12 0.000000000000000000e+00 0.000000000000000000e+00
4.887999999999999550e-04 -1.792543090000000000e+12 0.000000000000000000e+00 0.000000000000000000e+00
4.889000000000000117e-04 -1.795245400000000000e+12 0.000000000000000000e+00 0.000000000000000000e+00
4.889999999999999599e-04 -1.797937160000000000e+12 0.000000000000000000e+00 0.000000000000000000e+00
4.891000000000000165e-04 -1.800618370000000000e+12 0.000000000000000000e+00 0.000000000000000000e+00
4.891999999999999647e-04 -1.803289050000000000e+12 0.000000000000000000e+00 0.000000000000000000e+00
4.893000000000000214e-04 -1.805949200000000000e+12 0.000000000000000000e+00 0.000000000000000000e+00
4.893999999999999696e-04 -1.808598830000000000e+12 0.000000000000000000e+00 0.000000000000000000e+00
4.895000000000000262e-04 -1.811237940000000000e+12 0.000000000000000000e+00 0.000000000000000000e+00
4.895999999999999745e-04 -1.813866540000000000e+12 0.000000000000000000e+00 0.000000000000000000e+00
4.897000000000000311e-04 -1.816484630000000000e+12 0.000000000000000000e+00 0.000000000000000000e+00
4.897999999999999793e-04 -1.819092230000000000e+12 0.000000000000000000e+00 0.000000000000000000e+00
4.899000000000000360e-04 -1.821689330000000000e+12 0.000000000000000000e+00 0.000000000000000000e+00
4.899999999999999842e-04 -1.824275960000000000e+12 0.000000000000000000e+00 0.000000000000000000e+00
4.901000000000000408e-04 -1.826852100000000000e+12 0.000000000000000000e+00 0.000000000000000000e+00
4.901999999999999890e-04 -1.829417770000000000e+12 0.000000000000000000e+00 0.000000000000000000e+00
4.903000000000000457e-04 -1.831972980000000000e+12 0.000000000000000000e+00 0.000000000000000000e+00
4.903999999999999939e-04 -1.834517720000000000e+12 0.000000000000000000e+00 0.000000000000000000e+00
4.905000000000000505e-04 -1.837052020000000000e+12 0.000000000000000000e+00 0.000000000000000000e+00
4.905999999999999988e-04 -1.839575870000000000e+12 0.000000000000000000e+00 0.000000000000000000e+00
4.906999999999999470e-04 -1.842089290000000000e+12 0.000000000000000000e+00 0.000000000000000000e+00
4.908000000000000036e-04 -1.844592270000000000e+12 0.000000000000000000e+00 0.000000000000000000e+00
4.908999999999999518e-04 -1.847084820000000000e+12 0.000000000000000000e+00 0.000000000000000000e+00
4.910000000000000085e-04 -1.849566960000000000e+12 0.000000000000000000e+00 0.000000000000000000e+00
4.910999999999999567e-04 -1.852038690000000000e+12 0.000000000000000000e+00 0.000000000000000000e+00
4.912000000000000133e-04 -1.854500010000000000e+12 0.000000000000000000e+00 0.000000000000000000e+00
4.912999999999999616e-04 -1.856950940000000000e+12 0.000000000000000000e+00 0.000000000000000000e+00
4.914000000000000182e-04 -1.859391470000000000e+12 0.000000000000000000e+00 0.000000000000000000e+00
4.914999999999999664e-04 -1.861821620000000000e+12 0.000000000000000000e+00 0.000000000000000000e+00
4.916000000000000231e-04 -1.864241400000000000e+12 0.000000000000000000e+00 0.000000000000000000e+00
4.916999999999999713e-04 -1.866650800000000000e+12 0.000000000000000000e+00 0.000000000000000000e+00
4.918000000000000279e-04 -1.869049840000000000e+12 0.000000000000000000e+00 0.000000000000000000e+00
4.918999999999999762e-04 -1.871438530000000000e+12 0.000000000000000000e+00 0.000000000000000000e+00
4.920000000000000328e-04 -1.873816870000000000e+12 0.000000000000000000e+00 0.000000000000000000e+00
4.920999999999999810e-04 -1.876184860000000000e+12 0.000000000000000000e+00 0.000000000000000000e+00
4.922000000000000377e-04 -1.878542520000000000e+12 0.000000000000000000e+00 0.000000000000000000e+00
4.922999999999999859e-04 -1.880889860000000000e+12 0.000000000000000000e+00 0.000000000000000000e+00
4.924000000000000425e-04 -1.883226870000000000e+12 0.000000000000000000e+00 0.000000000000000000e+00
4.924999999999999907e-04 -1.885553570000000000e+12 0.000000000000000000e+00 0.000000000000000000e+00
4.926000000000000474e-04 -1.887869970000000000e+12 0.000000000000000000e+00 0.000000000000000000e+00
4.926999999999999956e-04 -1.890176060000000000e+12 0.000000000000000000e+00 0.000000000000000000e+00
4.928000000000000522e-04 -1.892471870000000000e+12 0.000000000000000000e+00 0.000000000000000000e+00
4.929000000000000005e-04 -1.894757390000000000e+12 0.000000000000000000e+00 0.000000000000000000e+00
4.929999999999999487e-04 -1.897032630000000000e+12 0.000000000000000000e+00 0.000000000000000000e+00
4.931000000000000053e-04 -1.899297610000000000e+12 0.000000000000000000e+00 0.000000000000000000e+00
4.931999999999999535e-04 -1.901552320000000000e+12 0.000000000000000000e+00 0.000000000000000000e+00
4.933000000000000102e-04 -1.903796780000000000e+12 0.000000000000000000e+00 0.000000000000000000e+00
4.933999999999999584e-04 -1.906030990000000000e+12 0.000000000000000000e+00 0.000000000000000000e+00
4.935000000000000150e-04 -1.908254970000000000e+12 0.000000000000000000e+00 0.000000000000000000e+00
4.935999999999999633e-04 -1.910468710000000000e+12 0.000000000000000000e+00 0.000000000000000000e+00
4.937000000000000199e-04 -1.912672220000000000e+12 0.000000000000000000e+00 0.000000000000000000e+00
4.937999999999999681e-04 -1.914865520000000000e+12 0.000000000000000000e+00 0.000000000000000000e+00
4.939000000000000248e-04 -1.917048610000000000e+12 0.000000000000000000e+00 0.000000000000000000e+00
4.939999999999999730e-04 -1.919221490000000000e+12 0.000000000000000000e+00 0.000000000000000000e+00
4.941000000000000296e-04 -1.921384190000000000e+12 0.000000000000000000e+00 0.000000000000000000e+00
4.941999999999999778e-04 -1.923536690000000000e+12 0.000000000000000000e+00 0.000000000000000000e+00
4.943000000000000345e-04 -1.925679020000000000e+12 0.000000000000000000e+00 0.000000000000000000e+00
4.943999999999999827e-04 -1.927811170000000000e+12 0.000000000000000000e+00 0.000000000000000000e+00
4.945000000000000394e-04 -1.929933160000000000e+12 0.000000000000000000e+00 0.000000000000000000e+00
4.945999999999999876e-04 -1.932045000000000000e+12 0.000000000000000000e+00 0.000000000000000000e+00
4.947000000000000442e-04 -1.934146690000000000e+12 0.000000000000000000e+00 0.000000000000000000e+00
4.947999999999999924e-04 -1.936238230000000000e+12 0.000000000000000000e+00 0.000000000000000000e+00
4.949000000000000491e-04 -1.938319650000000000e+12 0.000000000000000000e+00 0.000000000000000000e+00
4.949999999999999973e-04 -1.940390940000000000e+12 0.000000000000000000e+00 0.000000000000000000e+00
4.951000000000000539e-04 -1.942452110000000000e+12 0.000000000000000000e+00 0.000000000000000000e+00
4.952000000000000022e-04 -1.944503170000000000e+12 0.000000000000000000e+00 0.000000000000000000e+00
4.952999999999999504e-04 -1.946544130000000000e+12 0.000000000000000000e+00 0.000000000000000000e+00
4.954000000000000070e-04 -1.948575000000000000e+12 0.000000000000000000e+00 0.000000000000000000e+00
4.954999999999999552e-04 -1.950595780000000000e+12 0.000000000000000000e+00 0.000000000000000000e+00
4.956000000000000119e-04 -1.952606490000000000e+12 0.000000000000000000e+00 0.000000000000000000e+00
4.956999999999999601e-04 -1.954607130000000000e+12 0.000000000000000000e+00 0.000000000000000000e+00
4.958000000000000167e-04 -1.956597700000000000e+12 0.000000000000000000e+00 0.000000000000000000e+00
4.958999999999999650e-04 -1.958578220000000000e+12 0.000000000000000000e+00 0.000000000000000000e+00
4.960000000000000216e-04 -1.960548700000000000e+12 0.000000000000000000e+00 0.000000000000000000e+00
4.960999999999999698e-04 -1.962509140000000000e+12 0.000000000000000000e+00 0.000000000000000000e+00
4.962000000000000265e-04 -1.964459550000000000e+12 0.000000000000000000e+00 0.000000000000000000e+00
4.962999999999999747e-04 -1.966399940000000000e+12 0.000000000000000000e+00 0.000000000000000000e+00
4.964000000000000313e-04 -1.968330320000000000e+12 0.000000000000000000e+00 0.000000000000000000e+00
4.964999999999999795e-04 -1.970250690000000000e+12 0.000000000000000000e+00 0.000000000000000000e+00
4.966000000000000362e-04 -1.972161060000000000e+12 0.000000000000000000e+00 0.000000000000000000e+00
4.966999999999999844e-04 -1.974061450000000000e+12 0.000000000000000000e+00 0.000000000000000000e+00
4.968000000000000410e-04 -1.975951860000000000e+12 0.000000000000000000e+00 0.000000000000000000e+00
4.968999999999999893e-04 -1.977832300000000000e+12 0.000000000000000000e+00 0.000000000000000000e+00
4.970000000000000459e-04 -1.979702770000000000e+12 0.000000000000000000e+00 0.000000000000000000e+00
4.970999999999999941e-04 -1.981563290000000000e+12 0.000000000000000000e+00 0.000000000000000000e+00
4.972000000000000508e-04 -1.983413860000000000e+12 0.000000000000000000e+00 0.000000000000000000e+00
4.972999999999999990e-04 -1.985254490000000000e+12 0.000000000000000000e+00 0.000000000000000000e+00
4.973999999999999472e-04 -1.987085200000000000e+12 0.000000000000000000e+00 0.000000000000000000e+00
4.975000000000000039e-04 -1.988905980000000000e+12 0.000000000000000000e+00 0.000000000000000000e+00
4.975999999999999521e-04 -1.990716850000000000e+12 0.000000000000000000e+00 0.000000000000000000e+00
4.977000000000000087e-04 -1.992517820000000000e+12 0.000000000000000000e+00 0.000000000000000000e+00
4.977999999999999569e-04 -1.994308890000000000e+12 0.000000000000000000e+00 0.000000000000000000e+00
4.979000000000000136e-04 -1.996090070000000000e+12 0.000000000000000000e+00 0.000000000000000000e+00
4.979999999999999618e-04 -1.997861370000000000e+12 0.000000000000000000e+00 0.000000000000000000e+00
4.981000000000000184e-04 -1.999622800000000000e+12 0.000000000000000000e+00 0.000000000000000000e+00
4.981999999999999667e-04 -2.001374370000000000e+12 0.000000000000000000e+00 0.000000000000000000e+00
4.983000000000000233e-04 -2.003116090000000000e+12 0.000000000000000000e+00 0.000000000000000000e+00
4.983999999999999715e-04 -2.004847970000000000e+12 0.000000000000000000e+00 0.000000000000000000e+00
4.985000000000000282e-04 -2.006570000000000000e+12 0.000000000000000000e+00 0.000000000000000000e+00
4.985999999999999764e-04 -2.008282220000000000e+12 0.000000000000000000e+00 0.000000000000000000e+00
4.987000000000000330e-04 -2.009984610000000000e+12 0.000000000000000000e+00 0.000000000000000000e+00
4.987999999999999812e-04 -2.011677190000000000e+12 0.000000000000000000e+00 0.000000000000000000e+00
4.989000000000000379e-04 -2.013359970000000000e+12 0.000000000000000000e+00 0.000000000000000000e+00
4.989999999999999861e-04 -2.015032960000000000e+12 0.000000000000000000e+00 0.000000000000000000e+00
4.991000000000000427e-04 -2.016696170000000000e+12 0.000000000000000000e+00 0.000000000000000000e+00
4.991999999999999910e-04 -2.018349600000000000e+12 0.000000000000000000e+00 0.000000000000000000e+00
4.993000000000000476e-04 -2.019993260000000000e+12 0.000000000000000000e+00 0.000000000000000000e+00
4.993999999999999958e-04 -2.021627170000000000e+12 0.000000000000000000e+00 0.000000000000000000e+00
4.995000000000000525e-04 -2.023251330000000000e+12 0.000000000000000000e+00 0.000000000000000000e+00
4.996000000000000007e-04 -2.024865750000000000e+12 0.000000000000000000e+00 0.000000000000000000e+00
4.996999999999999489e-04 -2.026470440000000000e+12 0.000000000000000000e+00 0.000000000000000000e+00
4.998000000000000055e-04 -2.028065410000000000e+12 0.000000000000000000e+00 0.000000000000000000e+00
4.998999999999999538e-04 -2.029650670000000000e+12 0.000000000000000000e+00 0.000000000000000000e+00
